S0110000646F616E5F66696E616C2E733337D8
S214012000C00A0020413B0100CD240300CD2403007B
S214012010033A0300CD240300CD240300CD2403009E
S214012020CD240300CD240300CD240300CD240300DA
S214012030CD24030068E00300153C0300CD24030013
S214012040CD240300CD240300CD240300CD240300BA
S214012050CD240300CD240300CD240300CD240300AA
S214012060CD240300CD240300B9870100E935010022
S214012070F5230300CD240300CD240300CD24030063
S214012080CD240300CD240300CD240300CD2403007A
S214012090CD24030005430100CD240300CD24030015
S2140120A0CD2403001930010009300100CD240300BE
S2140120B0CD240300CD240300CD240300B106030084
S2140120C00DC8030009C8030045FE020019C8030035
S2140120D011C803007506030015C80300A9E3020032
S2140120E0F1060300CD240300CD240300CD24030014
S2140120F0CD240300CD240300CD240300CD2403000A
S214012100CD240300CD240300CD240300CD240300F9
S214012110CD240300CD240300CD240300CD240300E9
S214012120CD240300CD240300CD240300CD240300D9
S208012130CD240300B1
S214012134F0B5114A114C124E00F00105E3695F0730
S21401214413D40DB9334213D103EA00078F4207D1E2
S2140121540B4A1A40002A0CBF00206FF00100F0BDA4
S214012164013AEBD16FF00200F9E74FF0FF30F6E7E2
S2140121746FF00100F3E700BF80969800000003505B
S214012184020001000B4B70B5D96911F480310DD1F1
S21401219401244FF48072084E084DF46020462C64E6
S2140121A41A61FFF7C5FF3464EC6070BD6FF001007F
S2140121B4FBE700BF0000035000100350002003504B
S2140121C438B541F6713301220C4C0021E569E3630D
S2140121D40B4B05F48035DA6002236061212023610C
S2140121E4FFF7A6FF10B92120FFF7A2FF0122054B36
S2140121F4DA600DB10023E36338BD00BF000003506D
S214012204001003500020035070B5134C6061E3695D
S2140122145B071ED40E4656F8043B8D18A361AE42E6
S2140122240BD10423002121202361FFF781FF58B934
S214012234BDE870402120FFF77BBF08210846FFF761
S21401224477FF10B10423236170BD56F8043BA361E4
S214012254E5E74FF0FF30F7E7000003502DE9F843B8
S214012264154641F67132164B8946DF69DA63012257
S214012274064603F58053DFF8508007F48037DA60AA
S21401228455B9284601220F4BDA601FB10022A3F587
S2140122940053DA63BDE8F88306F5005404EA08043B
S2140122A4A41BAC4228BF2C46494622463046FFF7BB
S2140122B4ABFF0028E6D12644A1442D1BE0E700BF6E
S2140122C4000003500020035000E0FFFF0000000060
S2140122E0013800D0FCE77047002370B5404C054626
S2140122F08AB0E36318B1008823600CF005FD3D4801
S21401230029F0BAFD3C4E3D4B304633603C4B736082
S21401231025F06AFA0021304617F0C0FC32A3D3E953
S2140123200023A062C4E9062325F069FAD4E906234E
S21401233019431043C4E90601CDE900014FF0FF330C
S2140123404FF0FF32A06A29F0EBFD02224FF0FF3179
S214012350A06A29F0EAFD01200CF032F94FF400736F
S21401236000222849A06A29F031FEB0F5007F38D155
S21401237000239422CDE9073309933C23CDE90332A8
S21401238005939623A06A03A9069317F06FFD35B34C
S214012390287C0CF059FD0546F0B9A06A29F0F2FE3A
S2140123A00CF000FD0CF0EEF820B14FF48070002127
S2140123B009F076F90CF0F6F820B14FF40060002130
S2140123C009F06EF925F041FB012017F0BDFC0E4A1D
S2140123D00E49A06A25F006FA28460AB070BDFF200D
S2140123E0D7E70725F8E700BF0DD501552000000007
S2140123F0300B0020690345ECD41D002045E40100A4
S214012400E41D0020D41B00208D770300CD77030048
S2140124100348044B834202D0034B03B1184770476D
S214012420443300204433002000000000064B0749D7
S214012430C91A891048BF0131491003D0044B0BB1AA
S21401244001481847704700BF44330020443300203A
S2140124500000000010B5064C237843B9FFF7D8FFFB
S214012460044B13B10448AFF300800123237010BD61
S214012470EC250020000000004010040008B5054BC4
S2140124801BB105490548AFF30080BDE80840FFF7DA
S214012490CDBF00BF00000000980D002040100400D2
S2140124A0A3F5803A704700BF174B002B08BF134BAC
S2140124B09D46FFF7F5FF00218B460F461348144A49
S2140124C0121A2AF04AFA0E4B002B00D098470D4BF1
S2140124D0002B00D098470020002104000D000D4875
S2140124E0002802D00C48AFF300801EF079FC2000D3
S2140124F0290000F03BFE1EF0B9FA00BF00000800FC
S2140125000000000000000000C00A0020C00A0020F1
S214012510402F002000000000000000002DE9FF41D0
S214012520224C234D23782A7803EB8303214E03EBB9
S214012530830302EB8303ADF80C301F4F33783A78F0
S21401254003EB830303EB830302EB830300210222E5
S214012550ADF80E301A2003ABDFF8688010F092FA5F
S214012560022200211D200DF10E0310F08BFA98F8BF
S2140125700000FF280CD002221A2103AB10F0B0FA9B
S21401258002221D2198F800000DF10E0310F0A8FAA2
S2140125903B780A4901933378094800932B782278CF
S2140125A009781FF06CFC04B0BDE8F081EE25002030
S2140125B0ED250020F0250020EF2500201A3300200D
S2140125C0F12500201B33002010B5044C2070044870
S2140125D0017004490A70044A137010BDF0250020EA
S2140125E0EF250020EE250020ED250020012337B53C
S2140125F04FF47A710093164A0023164801F094F9B5
S214012600054610B3144C1549206820F098FF14496C
S214012610206820F094FF1FF0F6FE1FF0F5FE114B28
S214012620114A009311494D23206820F088FF104974
S2140126302B46104A206820F082FF284601F018F940
S2140126400D49206820F07BFFFEE703B030BD00BFD8
S2140126501D250100B00D0020100F0020BED803007C
S21401266008D80300CFD803000DD8030016D80300FE
S21401267025D8030022D803003AD8030070B50368B2
S2140126809B4A23F47F4323F0070393428AB000F06A
S214012690E28002F18072934200F0ED80954A934207
S2140126A040F0D7800DF1170106A810F02FFA924CD2
S2140126B0054608B39149206820F041FF90492068FB
S2140126C020F03DFF1FF09FFE1FF09EFE8D4B8E4AB1
S2140126D000938E496023206820F031FF8C492B46F9
S2140126E08C4A206820F02BFF284601F0C1F88A4961
S2140126F0206820F024FFFEE7BDF81C3001465BBAD7
S214012700ADF820309DF81B3008228DF82230FF23CB
S2140127108DF82330FE238DF824309DF81A301820CA
S2140127208DF82530BDF818305BBAADF8263008AB09
S21401273010F0A8F9054608B37049206820F0FFFE9E
S2140127406F49206820F0FBFE1FF05DFE1FF05CFE67
S2140127506C4B6D4A00936D496D23206820F0EFFEA7
S2140127606B492B466B4A206820F0E9FE284601F0AB
S2140127707FF86949206820F0E2FEFEE7674E3046A2
S21401278010F0F8F8054608B35C49206820F0D7FE3B
S2140127905B49206820F0D3FE1FF035FE1FF034FEA3
S2140127A0584B594A009359497123206820F0C7FEB7
S2140127B057492B46574A206820F0C1FE284601F0AB
S2140127C057F85549206820F0BAFEFEE7A02200908F
S2140127D003461146307810F0E5F8054608B3474938
S2140127E0206820F0ACFE4649206820F0A8FE1FF0C5
S2140127F00AFE1FF009FE434B434A009343497523E3
S214012800206820F09CFE42492B46424A206820F070
S21401281096FE284601F02CF83F49206820F08FFEEE
S214012820FEE73F4B40F2FF22CDE9020306210346B5
S214012830CDE900003B481FF0EAFA0221307810F09B
S214012840FBF81FF0E0FD1FF0DFFD3749206820F0A0
S21401285076FE0AB070BD037B344C23701FF0D3FDA7
S2140128601FF0D2FD244B2278314918680AB0BDE822
S214012870704020F064BE204C1FF0C5FD1FF0C4FD63
S2140128802C49206820F05BFEFF22284B234D1A704E
S214012890244B00211A7F287810F0B8F828780221F6
S2140128A010F0CAF805460028D3D01449206820F055
S2140128B046FE1349206820F042FE1FF0A4FD1FF0DB
S2140128C0A3FD104B104A009310499523206820F071
S2140128D036FE0F492B460F4A206820F030FE284668
S2140128E000F0C6FF0C49206820F029FEFEE700BF75
S2140128F0A0000600A0000100100F0020BED80300B3
S21401290008D80300C0D803000DD8030016D803006A
S21401291025D8030022D803003AD803001A33002032
S2140129204BD80300F125002051D803001B330020AB
S2140129307ED8030096D803002DE9F043504CABB087
S21401294016460F461D4680461FF073FD002000F018
S2140129507DF920464FF0000900F0E4F96FF07F435F
S2140129602046C4E901391FF0C5FA204645491FF043
S21401297025FC454B8DF8389018689B880690ADF875
S2140129801C30424B8DF82C9018689A889B79ADF8CC
S21401299024208DF826302523ADF810303C4B0890C6
S2140129A005930A23B8FBF3F202F1300103FB128808
S2140129B08DF834102E22B7FBF3F18DF8362003FB89
S2140129C011778DF82A20B6FBF3F1B5FBF3F203FB82
S2140129D0116603FB1255303630358DF829608DF8B7
S2140129E02B500126052501F130008DF8280008A995
S2140129F008F13008303710A88DF835808DF837701B
S214012A0029F0D8FF0AA910A829F0AFFF06A91DA82A
S214012A1029F0D0FF0DA91DA829F0A7FF04A91DA81C
S214012A2029F0A3FF05A910A829F09FFF4B463246BF
S214012A302046CDE90156174900951FF0D2FB4B46BB
S214012A4002222046CDE90156134900951FF0C9FB25
S214012A504B4610A903222046CDE9015600951FF0EA
S214012A60C0FB4B4604221DA92046CDE90156009520
S214012A701FF0B7FB00F012F92BB0BDE8F08300BFE2
S214012A80E80D002000D90300F3D80300F9D80300AD
S214012A90C2B04300D8D80300E7D803000123054A93
S214012AA0411100F01F00834052F82100034342F811
S214012AB021307047140E0020044B1B681BB1044BD9
S214012AC00360002070470120704700BF240E0020DD
S214012AD09025002070B50D4C246884B10C4C8518E7
S214012AE02688B5420DDC6688CD18B54209DC52B1A0
S214012AF04BB1A0800020E1802281638170BD01205E
S214012B00FCE70420FAE70520F8E700BF240E0020C2
S214012B10902500202DE9F74F9946494B1B68002B5D
S214012B2000F08A80B9F1000718BF01274FF0010BAA
S214012B30DFF814A17F42BAF80650BAF80A300D9EA3
S214012B402B449BB20D440093FFB2ADB21EB9304682
S214012B5003B0BDE8F08F009AABB29A426ED9BAF8CC
S214012B600840BAF80430241AB44228BF3446184440
S214012B70344B361B80B203EB0512B9F1000F0AD0B5
S214012B80072C26D80444A04216D32846FFF786FF12
S214012B9001350020DAE7072C1BD80444A042F4D202
S214012BA0C108535C00F0070C0BFA0CFC23EA0C037B
S214012BB00130535480B2F1E7C10812F801C000F0A9
S214012BC007030BFA03F343EA0C030130535480B2B4
S214012BD0D9E74FEAD00C02EBD00810F007000BD172
S214012BE0E20839464046019229F0B7FE14F0070480
S214012BF0019ACAD0904412E00BFA00F312F80CE0E6
S214012C00DBB2591E5B420EEA01013B40083819430C
S214012C10044402F80C10E20808F10108E1D10BFAAD
S214012C2004F498F80030E4B26242013C13403C40A0
S214012C30234388F80030A8E7012688E7042686E7BC
S214012C40240E00200E2600209025002037B5114DB9
S214012C502B68EBB900F060F9044610B1012003B00F
S214012C6030BD00F04DF928600028F7D00288418871
S214012C70094B20461A801A814A43598059819C8003
S214012C80DC802146CDE9004223462246FFF742FF7B
S214012C900020E4E7240E0020902500202DE9F843CB
S214012CA01D4F0125386800F083F800231A46DFF827
S214012CB06C80DFF86C90D8F800403868D6184188E8
S214012CC08E4207D3FBB910220021144829F045FE95
S214012CD0002012E0E10708D50133D118C9060ABF62
S214012CE058F8254064080135E7E753B109EB0211AE
S214012CF000F0B2F8034610B10720BDE8F883721C55
S214012D00EBE70132E9E7064901EB021100F0A4F80E
S214012D100028D8D0F0E700BF240E0020140E0020B3
S214012D200E26002030B5054687B000B300226FF0AE
S214012D307F43C0E9012301A8FFF7BEFE044698B908
S214012D40019BCDE902001A882B605B88013A013BA2
S214012D50284602A9049205931FF0F7F8044618B90D
S214012D60284604491FF02AFA204607B030BD05243C
S214012D70FAE700BF00D903000122014B1A61704730
S214012D8000F0035013B5044605F036FB002301227C
S214012D90217BCDE900324900B0FBF1F1024A03483C
S214012DA020F073FE02B010BD792D01003C0E00200C
S214012DB0F7B508260E4C054604F580531E67407B82
S214012DC005F038FD04230B4F02220DF106013846AB
S214012DD0ADF806301FF034FA38461FF042FAA87BE9
S214012DE005F028FD002004F50054266703B0F0BD69
S214012DF000C00350E030002070B50646124820F0AF
S214012E00CFFAB1680022114800F096F80023042298
S214012E100321022002F0D2F8002335460C4C04228E
S214012E201946184602F0CAF80FCD0FC401222B68C6
S214012E3030462360074B1A70FFF7A4FF3046FFF7B2
S214012E40B7FF002070BD00BF64E20300E030002041
S214012E50280E00200E2E00202DE9F04385B00192A9
S214012E60082201240F461D46224B06461A67407B60
S214012E7005F0E0FC22460DF10E011F48ADF80E40AC
S214012E801FF0DEF9224601A91B481FF0D9F91022CE
S214012E90394619481FF0D4F92246002116481FF07A
S214012EA0CFF9DFF85480013DA5420CD812481FF037
S214012EB0D8F9B07B05F0BEFC082200200F4B1A673C
S214012EC005B0BDE8F083019B0122013307EB04192D
S214012ED001A9404601931FF0B3F910224946404626
S214012EE01FF0AEF90122002140461FF0A9F9013476
S214012EF0DAE700BF00D00350E030002000E00350C6
S214012F00034B04481B78002B08BF0020704700BF06
S214012F100E2E0020280E002030B5064D87B001ACDD
S214012F200FCD0FC42B6801A82360FFF765FF07B01C
S214012F3030BD00BF30DC03002DE9F04F04462D4EB6
S214012F4089B001AD894690460FCE0FC596E80700B9
S214012F50D4F800B0284B85E807009B4545D003F51B
S214012F6080439B4543D0254DAB450CBF02254FF012
S214012F70FF35DFF890A022480AEB4517D7F8AC6575
S214012F8020F00EFA606820F00BFA617B207B0023AC
S214012F90042202F013F80422617A207A002302F058
S214012FA00DF80123584601A98DF81230CDF80C9082
S214012FB0ADF814801FF073FB0020627A237A2E3559
S214012FC043EA02430AEB451ACAF80430627B237BC4
S214012FD006F0040643EA024346F01806C7F8C03571
S214012FE0C7F8AC6509B0BDE8F08F0025C1E701253B
S214012FF0BFE700BF44DC0300008005500000065018
S21401300064E2030000C0035045F25552014BC3F879
S2140130102024704700E003504AF6AA22014BC3F869
S2140130202024704700E003502DE9F34101210224DA
S214013030464B042218681B7900908DF80430084628
S214013040002301F0BBFF424B44F250601C6405F0C4
S214013050F1FB404B14201C6405F0ECFB01232246D7
S2140130601946184601F0AAFF0121642300220846EA
S2140130701FF043F920B90024204602B0BDE8F081D4
S21401308001226423114610461FF037F90028F2D0BA
S21401309001216423002208461FF02FF90446002868
S2140130A0E9D0002501272C4E4FF0000802E0012050
S2140130B005F0C0FB736C990705D408F10108B8F157
S2140130C0650FF4D1D7E7B8F1640FD4D01E2005F010
S2140130D0B1FB736C9A070CD5EB4302AA02EBE5022F
S2140130E012F8081C03F0070307FA03F30B4302F870
S2140130F0083C4FF00008736C9B0708D508F10108DF
S214013100B8F1650FB7D0012005F094FBF3E7B8F1ED
S214013110640FB0D00135282DC6D19DF800509DF81A
S21401312001009DF802109DF803202B189DF80460FD
S2140131300B4413449E429ED1084B1D70084B1870D9
S214013140084B1970084B1A7096E700BF85DC030020
S21401315000E0035000D0035000C00350F0250020CB
S214013160EF250020EE250020ED25002083B520F078
S2140131702CFD1FF07BF81FF08EF8FFF737FA154C81
S214013180154DDFF86480FFF74FFFE0B1134F1FF0D6
S2140131903AF9134E1FF038F93B782A7801933378C1
S2140131A010490093D8F80000237820F0C8F9237856
S2140131B02A7839783078FFF7BFFB23782A78397870
S2140131C03078FFF701FA20F00DFD4FF47A7005F024
S2140131D02BF9D8E7ED250020EE250020EF2500206D
S2140131E0F025002060DC0300100F002030B50368D6
S2140131F07C4A23F47F4323F00703934289B040F0CF
S214013200EE80082200211220774B0FF03BFC04468B
S21401321010B3764D7649286820F091F975492868EB
S21401322020F08DF91FF0EFF81FF0EEF8724B734A9D
S214013230009373495C23286820F081F9714923467D
S214013240714A286820F07BF9204600F011FB6F498F
S214013250286820F074F9FEE70146032214206C4B1F
S2140132600FF010FC044610B3604D6149286820F049
S21401327066F96049286820F062F91FF0C4F81FF06B
S214013280C3F85D4B5D4A00935D496A23286820F0C8
S21401329056F95C4923465C4A286820F050F92046D6
S2140132A000F0E6FA5949286820F049F9FEE7014698
S2140132B005221620574B0FF0E5FB054610B34B4C85
S2140132C04B49206820F03BF94A49206820F037F93D
S2140132D01FF099F81FF098F8474B484A0093484961
S2140132E07823206820F02BF946492B46464A206869
S2140132F020F025F9284600F0BBFA4449206820F062
S2140133001EF9FEE70DF10F0104A80FF0FFFB0446BE
S21401331010B3364D3649286820F011F9354928682A
S21401332020F00DF91FF06FF81FF06EF8324B334A9C
S214013330009333498323286820F001F93149234655
S214013340314A286820F0FBF8204600F091FA2F4910
S214013350286820F0F4F8FEE7BDF8143001465BBAA1
S214013360ADF818309DF8133008228DF81A30FF2377
S2140133708DF81B30FE238DF81C309DF81230182076
S2140133808DF81D30BDF810305BBAADF81E3006ABB7
S2140133900FF078FB054610B3144C1549206820F051
S2140133A0CEF81449206820F0CAF81FF02CF81FF058
S2140133B02BF8114B114A009311499323206820F0F2
S2140133C0BEF810492B46104A206820F0B8F8284667
S2140133D000F04EFA0D49206820F0B1F8FEE709B07A
S2140133E030BD00BFA00001008ADC0300100F0020E2
S2140133F0BED8030008D80300C5DC030093DC030035
S21401340016D8030025D8030022D803003AD80300B3
S214013410BBDC0300BFDC030007B501A801F04AFFCF
S2140134209DF80530012B27D1214A936DDB0313D478
S214013430536B23F4FF0323F4FE4343F4BC1343F41A
S214013440A0635363136B23F4704343F44043136345
S214013450136B43F4E06313639DF8043063B94FF0D4
S21401346000531B68134B1B68134B1B68134B1B68DD
S214013470134B1B68134B1B68134AD2F8803043F07A
S2140134800303C2F8803003F08BFD00F031FB20F01F
S21401349009F81FF079FF04F05FF800F01FFB00F059
S2140134A063FC00F069FF03B05DF804EB04F032BC86
S2140134B000C00050004000200080002000C0002016
S2140134C000000120004001200080005030B5204D52
S2140134D095B00DAC0FCD0FC495E80700032384E823
S2140134E0070001248DF84D301A4A1B4B0021CDE907
S2140134F003231A4B0E220DF12600CDE9053429F0DF
S2140135002CFA4FF48021164B0DAACDE907130B2395
S2140135108DF824300C238DF82530124B07A90A9319
S21401352020230B93104B1148009303AB8DF83140C9
S21401353003F054FF04469DF832304FF4E130002B7F
S2140135400CBF032100211EF0B2FF204615B030BD8E
S21401355084DF0300008005502100050006000402F8
S214013560248005500F2E00205C0E0020AC0E00209B
S214013570831E012B10B512D8012922D8114B042223
S2140135801B6905210020C3F3401301F017FD0E4B04
S2140135901B681868A8B1BDE81040436A18478B1E1F
S2140135A0012B0CD801280CD8BDE810400022054B91
S2140135B005211B691046C3F3401301F0FFBC012926
S2140135C0E5D910BD00C00350F030002008B504490D
S2140135D0044804F059FCBDE80840FFF777BF00BF78
S2140135E0F4300020D00E0020014820F03FB900BF83
S2140135F0AC0E0020184B37B583422AD1174B1B78E7
S2140136003BB3C8B20FF02CFA054610B3144C15495B
S21401361020681FF094FF144920681FF090FF1EF0E9
S214013620F2FE1EF0F1FE114B114A0093114985235B
S21401363020681FF084FF10492B46104A20681FF0AF
S2140136407EFF284600F014F90D4920681FF077FF29
S214013650FEE703B030BD00BFD80E00202F2E00209D
S214013660100F0020BED8030008D8030030E0030086
S214013670A0DF030016D8030025D8030022D80300D4
S2140136803AD8030030B500250368584A23F47F432F
S21401369023F0070385B0934204460295ADF80C501B
S2140136A07ED002F5802293420ED0A2F1827293421E
S2140136B040F09A804E4B1B78002B00F0958005B0A9
S2140136C0BDE8304020F099BAB0F80530212B40F023
S2140136D08B80FF2304A91A4611E903001EF08CFE15
S2140136E0012814BF41F2FC15414B05F0FC0208BF4E
S2140136F01870212120790FF0DBF9054610B33D4CF7
S2140137003D4920681FF01BFF3C4920681FF017FF4A
S2140137101EF079FE1EF078FE394B3A4A00933A497C
S214013720592320681FF00BFF38492B46384A20687A
S2140137301FF005FF284600F09BF8364920681FF069
S214013740FEFEFEE7344900902379344A096834487E
S21401375000F0EAF80546002846D0264C264920689F
S2140137601FF0EDFE254920681FF0E9FE1EF04BFE16
S2140137701EF04AFE224B234A009323496223206807
S2140137801FF0DDFE21492B46214A20681FF0D7FE97
S214013790284600F06DF81F4920681FF0D0FEFEE7AE
S2140137A0B0F80530B7EE047A07EE903AF8EE677A8D
S2140137B0B0F8073067EE877A013307EE103AB8EEB5
S2140137C0C77A67EE877AB1EE047A67EE877AFAFEF1
S2140137D0677AFCEEE77A17EE903AB3F57A7F38BF50
S2140137E04FF47A730C4A136005B030BDA000060290
S2140137F02F2E0020100F0020BED8030008D803008B
S2140138003FE00300A0DF030016D8030025D803001D
S21401381022D803003AD80300FC300020F535010019
S214013820D80E0020012208B5074B1A700022074B5C
S2140138301A700422064B1A701F22064B1A7003F0E8
S2140138402DFC054B186008BD1E330020302E0020CD
S2140138501D3300201C330020100F0020024B0349AB
S21401386018681FF06CBE00BF100F00205FE0030059
S21401387070B50C4C0C49064620681FF060FE03F03C
S2140138800DFC0546206803F0FDFB3046FFF7E6FF1A
S214013890284603F0F7FB20680449BDE870401FF096
S2140138A04EBE00BF100F002061E0030063E003007E
S2140138B038B505461EF026FE00230B4A14685CB197
S2140138C0AC4206D1A96A6BB199621EF021FE0120B5
S2140138D007E02346A46AF2E7002DF3D01EF018FE97
S2140138E0204638BD1160F0E7140F002010B50446DD
S2140138F0B0B104F019FD2046FFF7DAFF10B194F8D5
S2140139002C300BB9002010BD064C2368002BF9D0D3
S2140139101EF0F8FD2368013B23601EF0F9FDF1E778
S2140139202220F0E7180F00202DE9F04385B0054668
S214013930914698460E469DF8307009B9002F5CD125
S2140139402846FFF7D3FF0446002836D185F82C0019
S214013950686304F0DFFD864233D904F04DFD21464D
S214013960844640F2E7304FF47A720023E6FB0C01FE
S2140139701CF0ECFE4FF0FF3200231CF0E7FE2B4656
S214013980E88611462846CDE900441D4A20F0BDF8D8
S214013990044690B9C5E9089885F82D702E631EF087
S2140139A0B1FD184A136833B31A469B6A002BFBD144
S2140139B095620023AB621EF0ABFD204605B0BDE864
S2140139C0F08347B12B4631462846CDE900440C4AE0
S2140139D004F064FDDCE7304603A904F041FD04462B
S2140139E00028EAD12B462846CDE90077044A0399F8
S2140139F020F067F8CCE71560DBE72124DDE700BFA0
S214013A00093A0100140F002091F82C3013B50C462A
S214013A1083B98B8ECA8E93420ED243B9CDE9003359
S214013A2020460B46124A4FF0FF3120F02EF8A38EA7
S214013A300133A38602B010BD52B191F82D3093B177
S214013A4001230093D1E908232046096BFFF76CFF99
S214013A50012384F82C30074B1A6801321EBF1A68FE
S214013A6001321A60E6E7084604F05EFCF0E700BFA4
S214013A70093A0100180F00202DE9F041154E336870
S214013A8033B34FF00008144F1EF03CFD05463C686A
S214013A9024B92846BDE8F0411EF03ABD94F82C3012
S214013AA0A3B1336884F82C8013B13368013B3360CB
S214013AB094F82D3013B92046FFF7FAFE28461EF07B
S214013AC027FDD4E9083120469847DDE7A46ADFE7F9
S214013AD0BDE8F081180F0020140F002008B5034838
S214013AE01FF05EFCBDE808401EF053BC64E2030014
S214013AF001481FF055BC00BF64E2030007B508206B
S214013B001EF010FD02238DF80030054B6846019328
S214013B101EF091FC082003B05DF804EB1EF00DBD0D
S214013B20006A18100348044A0449121A92101EF03B
S214013B30CEBC00BF34210100D4220100402F00205A
S214013B4008B500F02FF8FFF7EDFF124B12498B4234
S214013B5012D30020114B12498B4218D3FEF7A4FC56
S214013B60186850F82240586840F822400132986898
S214013B708242F5D30C33EAE70022F8E71C6844F8E2
S214013B80220001325C68A242F8D30833E4E700223F
S214013B90F8E700BF48100400541004005410040055
S214013BA054100400124B134A70B59A60D3F888205B
S214013BB0114D42F47002C3F888206FF0010205F53A
S214013BC00054226641F2FF7262660222C3F8D020D8
S214013BD0BFF34F8FBFF36F8F4FF44036032003F0D0
S214013BE02FFA0320E66003F01DFA2E6170BD00BFB8
S214013BF000ED00E00020010000800044014B186841
S214013C00704700BF04310020014B1860704700BFA9
S214013C1004310020084B1B6F03F00703022B04D06E
S214013C20032B05D0012B05D0FEE7044B186870471F
S214013C30034BFBE703487047008000500431002027
S214013C400C310020002D310108B5FFF7E3FF054BCD
S214013C501B6FC3F301330133B0FBF3F0024B186063
S214013C6008BD00BF008000500031002000487047AA
S214013C7000B4C404014B1868704700BF0C31002023
S214013C80054B1860054B1B6F03F00703032B01D18F
S214013C90FFF7DABF704700BF0C31002000800050EC
S214013CA000487047002D3101174B9868C0F3044057
S214013CB00C280AD8DFE800F00B09090909090721D1
S214013CC019091B1D1F0011487047002070479B688B
S214013CD003F04073B3F1807F11D0B3F1007F10D0B1
S214013CE00B4A002B08BF104670470A4870470A481F
S214013CF070470A4870470A4870470A4870470A489A
S214013D0070470A48704700BF0040015A405DC60030
S214013D1000093D00C0EA210180BA8C010048E80193
S214013D20005A62020024F40080841E0040420F0004
S214013D30014B1868704700BF0831002000239B6ABA
S214013D40B3F5903F03D21968064A914203D0002387
S214013D50037083607047012202709A689B69426013
S214013D60F7E700BF07B0CD5E00239B6A10B5B3F539
S214013D70903F11D219680A4A91420DD1094C227816
S214013D8012F0FD0F01D0002010BDDB699847002816
S214013D90FAD101232370F6E74FF48170F4E700BFF0
S214013DA007B0CD5E312E00204FF00053014A1A6055
S214013DB003F014B902020FF0034B5868C0F3080071
S214013DC0003818BF0120704700ED00E013B500244D
S214013DD0294801941FF0E4FA012304220321204616
S214013DE001F0ECF820461EF033FC0122234B05209F
S214013DF0C3F8442401A91FF0C9FA002839D1204B81
S214013E00D3F8F02042F00102C3F8F020D3F8FC20EA
S214013E1042F08072C3F8FC201A4AA3F55D431A608B
S214013E20019B194A03F5D52303F2FC43B3FBF2F3D6
S214013E30164A013B13610223C2F8F0304FF4807337
S214013E40C2F804334FF06043114AC3F8B02F114A49
S214013E50C3F8802ED3F8002E42F48072C3F8002EE9
S214013E60FF2283F82020D3F8002E22F48072C3F8B4
S214013E70002E02B010BD00BF64E2030000D0035064
S214013E8000ED00E0FF030040F8590D00000004E0DB
S214013E9055CEACC5090001004FF06043D3F8802E23
S214013EA030B5D20715D501240B4D8440D5F8FC203A
S214013EB042F08072C5F8FC20D3F8002E2243C3F8E6
S214013EC0002E53F82020002AF0D003F820100020FE
S214013ED030BD1120FCE700BF00ED00E02DE9F04FFA
S214013EE09A46564B85B01B7806460F461546DDF8B2
S214013EF03C909DF844B0DDF85080002B00F0978090
S214013F00072A00F296800E9B002B00F09280B9F1F2
S214013F10000F00F08E80129BB3F5006F00F38980CE
S214013F20012803D1109B002B00F08380444B03EB48
S214013F3005131B7B002B7ED0424C102200216846C5
S214013F4028F00BFD04EB45141022A7BB394620468A
S214013F5028F003FD43F210036380BBF1000F03D189
S214013F60E37843F00303E370364A0E9B02EB451CED
S214013F70CCE90193129B6901581E9DF84C30C0F3A1
S214013F800A0003F003039B0643EA001E53582E481B
S214013F90012E00EA03004EEA0003CDF800A05350BC
S214013FA017D0B8F1000F2ED19CF8023068F3041335
S214013FB08CF8023027E00021204628F0CEFC4FF492
S214013FC044736380BBF1000FCED1E37843F0300336
S214013FD0C9E713230CF1100ECCF80C309CE80F0047
S214013FE08EE80F006FF00301DCF81C20109B61F3D4
S214013FF09F02012FCCF81C20CCF8143003D1CCF84A
S2140140001890CCF8043000270D4A290102EB05135D
S21401401042F80180159A28465A60694622469F60F2
S2140140205E7301F04FF8384605B0BDE8F08F0748DB
S214014030FAE70748F8E70748F6E700BF322E002000
S2140140401C1000201C0F00200F80FFF3028000F0E0
S214014050018000F0078000F038B5124B05461B784A
S214014060DBB1E0B11EF04EFA0F4A00231146147B75
S21401407054B92B6001251A0101EB03131D738C50F3
S2140140801EF046FA204638BD0133082B02F1100215
S214014090EDD11EF03DFA0548F5E70548F3E705487A
S2140140A0F1E700BF322E00201C100020048000F033
S2140140B0028000F0018000F038B51EF023FA0023DC
S2140140C005460B4A147B6CB90133082B02F110022A
S2140140D0F8D100F0B3FF074B28461C701EF018FA03
S2140140E0204603E028461EF013FA034838BD00BFF9
S2140140F01C100020322E0020058000F00D4B10B55C
S2140141001B78044693B1072812D81EF0FBF90A4B18
S21401411003EB04131A7B2AB100241C731EF0F8F972
S214014120204610BD1EF0F4F90448FAE70448F8E703
S2140141300448F6E7322E00201C100020068000F00E
S214014140028000F0018000F0154B13B518680023BB
S21401415001908DF804301EF0D5F9124B1C7824B16D
S2140141601EF0D6F9104802B010BD01221A701EF0DA
S214014170CFF90E4B01A81C731C7783F82C4083F8EB
S2140141803C4083F84C4083F85C4083F86C4083F8ED
S2140141907C4008238DF8073000F06CFF2046E2E7EC
S2140141A0B8E00300322E0020038000F01C1000202F
S2140141B00A4A08B512785AB107280BD8084A02EB02
S2140141C000131B7B43B1002100F046FF002008BD11
S2140141D00448FCE70448FAE70448F8E7322E0020D2
S2140141E01C100020028000F0018000F0078000F023
S2140141F00A4A08B512785AB107280BD8084A02EBC2
S21401420000131B7B43B1012100F026FF002008BDEF
S2140142100448FCE70448FAE70448F8E7322E002091
S2140142201C100020028000F0018000F0078000F0E2
S2140142300A4A08B5127852B107280AD8084A02EB8A
S21401424000131B7B3BB100F089FF002008BD054829
S214014250FCE70548FAE70548F8E700BF322E0020DC
S2140142601C100020028000F0018000F0078000F0A2
S2140142700D4B1B7893B1072812D889B10B4B03EB72
S21401428000131B7B73B10A4B1A6D01238340134243
S21401429014BF0123002300200B70704705487047A8
S2140142A00548704705487047322E00201C10002034
S2140142B000000450028000F0018000F0078000F04A
S2140142C00B4A10B512780C4662B107280CD859B1C2
S2140142D0084A02EB00131B7B43B100F051FF20702C
S2140142E0002010BD0448FCE70448FAE70448F8E754
S2140142F0322E00201C100020028000F0018000F009
S214014300078000F0184B2DE9F0411F6D5B6D1F40D3
S21401431000D5FEE701260025144CDFF85880374209
S21401432018D02368C8F85060A3B1A16828460131A7
S2140143306268A1609847637B012B0BD150B90C4B87
S21401434003EB45131A7B60F341021A731A7F60F37D
S21401435041021A770135082D4FEA460604F110048A
S214014360DDD1BDE8F08100BF000004501C10002024
S2140143701C0F002000200450024B1968024B1868DD
S21401438015F098B8103100203031002070B5940037
S214014390224605460E4629F033FA431C0AD058B980
S2140143A022463146284628F0AEFA0028034808BFC0
S2140143B0002070BD0248FCE70248FAE710E000F072
S2140143C021E000F024E000F010B5044629F014FACC
S2140143D0431C10D088B900F095FF234620F0030057
S2140143E02044984201D1002010BD53F8042B01321D
S2140143F0F7D00348F8E70348F6E70348F4E700BFB9
S2140144000EE000F021E000F024E000F008B51EF018
S21401441072F8014B186008BD8C170020014B186814
S2140144201EF06DB88C17002041F67133124A30B574
S214014430D469124DD3639368A84204F4803423F4FC
S214014440401306D893600E4AD2F8183223F00203BE
S2140144500AE043F4801393600A4B9842F3D9084A62
S214014460D2F8183243F00203C2F8183214B100220F
S214014470014BDA6330BD00BF00000350005A6202F0
S21401448000C0075080F0FA022E4B98424AD022D83C
S2140144902D4B984240D014D82C4B984239D00AD88C
S2140144A02B4B984232D02B4B98422FD02A4B984216
S2140144B02CD000207047294B9842FAD1284B186F10
S2140144C07047284B98422AD0274B9842F1D1244B6B
S2140144D0D3F880007047254B98422BD009D8244B3F
S2140144E0984223D0234B9842E3D11D4BD3F88C003E
S2140144F07047214B984221D003F5740303F51053FE
S2140145009842D6D1164BD3F898007047144B986D45
S2140145107047134B586E7047114B586F7047104BCE
S214014520986F70470E4BD3F8840070470C4BD3F846
S214014530880070470A4BD3F890007047084BD3F8B1
S214014540940070470048E8010024F400C0CF6A00D8
S21401455080841E0000093D0040420F00405DC600F9
S2140145600080E00FC0EA210180BA8C01007E56036C
S21401457080D54302006CDC020090D00338B5134BA3
S2140145800546D3F820010C4600F0070004281AD887
S214014590DFE800F003090D111500012305B12860BD
S2140145A004B1236038BDFFF729FB0423F6E7FFF7C4
S2140145B061FB0323F2E7FFF777FB0523EEE7FFF73F
S2140145C06FFB0223EAE700231846E7E70080005066
S2140145D037B50C460021114B0191D3F880310546C1
S2140145E003F00303022B0ED0032B11D0012B03D1B2
S2140145F001A8FFF7C3FF0D210DB1019B2B6004B18C
S214014600216003B030BDFFF74FFB05210190F3E7B2
S214014610FFF746FB02210190EEE700BF0080005045
S21401462038B5104B0546D3F840310C4603F003036A
S214014630022B0BD0032B0DD0012B0FD11DF055FFF4
S214014640082305B1286004B1236038BDFFF770FB6D
S2140146500723F6E71DF04CFF0923F2E701230020AC
S214014660EFE700BF0080005038B5104B0546D3F881
S21401467060310C4603F00303022B0BD0032B0DD045
S214014680012B0FD11DF031FF082305B1286004B1BD
S214014690236038BDFFF74CFB0723F6E71DF028FF24
S2140146A00923F2E701230020EFE700BF0080005056
S2140146B038B5144B0546D3F800020C4600F0070047
S2140146C004281BD8DFE800F003090D1115000123AB
S2140146D005B1286004B1236038BD1DF006FF08232C
S2140146E0F6E7FFF725FB0723F2E71DF001FF092395
S2140146F0EEE7FFF7A9FA0C23800AE9E7002318463C
S214014700E6E700BF0080005038B5144B0546D3F8E5
S21401471008020C4600F0070004281BD8DFE800F06A
S21401472003090D111500012305B1286004B12360AA
S21401473038BD1DF0DAFE0823F6E7FFF7F9FA07237E
S214014740F2E71DF0D5FE0923EEE7FFF77DFA0C230D
S214014750800AE9E700231846E6E700BF008000501C
S21401476038B5104B0546D3F840320C4603F0030328
S214014770022B0BD0032B0DD0012B0FD11DF0B5FE54
S214014780082305B1286004B1236038BDFFF7D0FACD
S2140147900723F6E71DF0ACFE0923F2E700231846CF
S2140147A0EFE700BF0080005038B5104B0546D3F840
S2140147B000310C4603F00303022B0BD0032B0DD064
S2140147C0012B0FD1FFF756FA032305B1286004B178
S2140147D0236038BDFFF7ACFA0723F6E71DF083FE2A
S2140147E00623F2E701230020EFE700BF0080005018
S2140147F038B50C4605461DF07EFE054B9A6A5440B8
S2140148002C4054409C62BDE838401DF078BE00BF85
S21401481000C00050032814D005D8012805D002286E
S21401482009D0002005E00F28FBD1084B186FC0F314
S214014830013001307047054BD3F89000C0F3046097
S214014840F7E7024B186FC0F38020F2E700800050B4
S2140148501FB500230193252817D8DFE800F0131AA7
S2140148601D272C363B51565B60656A78161A401632
S21401487016561A272C27361A5127783B3B3B3B27DF
S21401488027275B60FFF7C6F90190019805B05DF830
S21401489004FBFFF7D9F9F7E7FFF7BCF90246022058
S2140148A0FFF7B8FFB2FBF0F20192EEE7FFF7CCF9A3
S2140148B002460320F4E7FFF7C7F902460320FFF795
S2140148C0A9FFB2FBF0F25208EEE7002101A8FFF7BC
S2140148D07FFEDAE7002101A8FFF750FED5E7029335
S2140148E04FF0E0231B695B0705D5FFF7ADF9029092
S2140148F0029B0193C9E703A902A8FFF791FEF7E718
S214014900002101A8FFF78CFEBFE7002101A8FFF7F1
S214014910ABFEBAE7002101A8FFF7CAFEB5E7002102
S21401492001A8FFF7F1FEB0E7002101A8FFF73CFF61
S214014930ABE7094BD3F8803003F00303022BA8D072
S214014940032B01D000209FE7FFF7AEF99CE700217B
S21401495001A8FFF705FF98E70080005008B5012081
S214014960FFF776FFBDE808400349884294BF01215E
S2140149700221032000F002B880F0FA02032810B5E5
S2140149800C4627D004D8012804D0022817D010BD21
S2140149900F28FCD11DF02CFE1DF032FE124A013C00
S2140149A0136F23F4405343EA04331367FFF74CF9BC
S2140149B00021FFF739FDBDE81040FFF7CFBF0A4AD7
S2140149C04C1ED2F8903023F0F85343EA0463C2F841
S2140149D09030DCE7044A4C1E136F23F4806343EAED
S2140149E084231367D3E700BF008000501FB5002360
S2140149F00193252821D8DFE800F013202020202A63
S214014A002F454A4F54595E7120203420204A2020D9
S214014A1020202A204520712F2F2F2F2020204F5471
S214014A20314B1B6F03F00703013B032B05D8DFE86F
S214014A3003F00C02080A04230193019805B05DF8FF
S214014A4004FB0323F8E70623F6E70223F4E7002036
S214014A5001A9FFF7BDFDF0E7002001A9FFF78EFDD4
S214014A60EBE702934FF0E0231B695B0705D5FFF7E1
S214014A70EBF80B230393039BDEE703A902A8FFF7DA
S214014A80CFFDF8E7002001A9FFF7CAFDD5E7002012
S214014A9001A9FFF7E9FDD0E7002001A9FFF708FE0D
S214014AA0CBE7002001A9FFF72FFEC6E7002001A9EA
S214014AB0FFF77AFEC1E70C4BD3F8803003F003030F
S214014AC0022B03D0032B05D00023B5E7FFF7BCF874
S214014AD00B23B1E7FFF7E8F80523ADE7002001A9AE
S214014AE0FFF73EFEA9E700BF00800050024A536A66
S214014AF023F001035362704700C0075008B5FFF763
S214014B0075FF07280ABF024B4FF6FF70188808BDCD
S214014B100833002008B5FFF769FF03280ABF024BD8
S214014B204FF6FF70188808BD0633002038B50546D5
S214014B30FFF7AAFC204B04465A68012A04D11F49F4
S214014B404A609A699207FCD10020FFF74FFF0428BC
S214014B5003D11DF04DFD1DF053FD194A24F040739D
S214014B6095421FD0174A95421FD0174AD16811F0B7
S214014B70060FFBD19068936091684B4013F4F81FC1
S214014B8016D12846FFF740F80020FFF72FFF04282C
S214014B9010D1FFF759F80021FFF746FCBDE8384071
S214014BA0FFF7DCBE43F00073DFE743F08073DCE71A
S214014BB09060E9E738BD00BF00C0015000E0015039
S214014BC040420F0080841E0000000150F8B50446E4
S214014BD00020FFF70BFF032800F0818045F60E0347
S214014BE002213F4AC2F880303E4B9962012103F50B
S214014BF080539962936DD903FCD4D4E900131B0545
S214014C0043EA0163E17B94F820500B43217BE77E66
S214014C1043EA0143617B6D0143EA0133A17B43EA29
S214014C20811313619169D4E904031B0643EA806387
S214014C3001F000410B43A17E94F823000B43217E33
S214014C4043EA0143617E43EA01239361136AE669FD
S214014C5023F00D0394F8221043EA870366BB136220
S214014C60966A94F8213045EA031326F033052B4360
S214014C7043F0010393621C4D194A936D35EA030311
S214014C80FBD10225174B9D62936D5B00FCD4136923
S214014C90A56823F4700343EA055313614FF00042FD
S214014CA0104B9A6119B9022203F580539A6278B9BA
S214014CB001220E4B9A620BE0334343F00803136262
S214014CC0936A23F0330303432B4343EA410393627E
S214014CD094F824301BB1024B054AC3F88020F8BD76
S214014CE000C0005000D000500300014000E000501A
S214014CF0F1A7FFFF70B5184CFF28A66A2AD8A36D46
S214014D0013F4803F18BF0122144B18BF9A62022287
S214014D109A62A56D15F08045FBD1114AA36992F9F7
S214014D20002023F47F03024423F47F4382F3080226
S214014D3043EA002343EA0243A36131460220FFF718
S214014D4057FDA36DDB0303D531460120FFF750FD68
S214014D50284670BD2125FBE700C0005000D000505A
S214014D60332E0020014B93F900007047332E0020AC
S214014D7001231248124A816A9362836D03F003038A
S214014D80032BFAD1022393620C4A936D5800FCD48C
S214014D900C48936D30EA0303FBD10122084B1A65D8
S214014DA0A3F580539A6D9207FCD49A6D9007FCD5B3
S214014DB09A6D9207FCD50320FFF71ABD00C000507C
S214014DC000D0005003000100F0B5D0E901434FF4D4
S214014DD0D1560227164A417805785662154E4F2954
S214014DE077604FF0010728BF4F2106F580567760A0
S214014DF01669F603FCD441EA052151611B01417B8A
S214014E0043EA04230B43017B43EA41039360C37BDC
S214014E10817B1B0143EA4113417C0B43017C43EA3E
S214014E2041035360837C13B16FF4D1535362F0BDD9
S214014E300000025000100250014B1880704700BF5E
S214014E4008330020014B1880704700BF063300204E
S214014E50284B984242D01AD8A3F5B703A3F5586356
S214014E60984237D00CD8244B984225D0234B9842F1
S214014E702AD0234B984217D00023224A93607047CA
S214014E80214B9842F8D1214BD3F8BC301FE0204B80
S214014E90984227D01F4B984228D01F4B9842EBD1FF
S214014EA01A4BD3F8C83012E0184BD3F8A03023F0D1
S214014EB0407343F00073E0E7144BD3F8A03023F0BF
S214014EC0407343F08073D8E7104BD3F8A03023F03B
S214014ED04073D2E70D4BD3F8B830F8E70B4BD3F855
S214014EE0C030F4E7094BD3F8CC30F0E7074BD3F8E2
S214014EF0D030ECE7C0EA210180841E0000093D00A5
S214014F0040420F000040015A0024F4000080E00FE8
S214014F100048E801005A620280BA8C01034A01790E
S214014F20D36E23F030030B43D36670470040005026
S214014F30072A2DE9F0410D46144698460FD8032658
S214014F409700BE4000FA07F2314615481DF071FB86
S214014F5005F0030231461348BA401DF06AFB124BB6
S214014F6012499DF81800B8F1000F18BF1946012321
S214014F7003FA04F40C600E4B0E49002818BF0B46CA
S214014F801C600D4B9DF81C00C3F82044103103F241
S214014F902443002818BF0B461C60BDE8F08100BF03
S214014FA000C4035008C4035010D4035010E4035047
S214014FB014E4035014D4035000E00350F8B504463B
S214014FC00D461F4616464AB101238B403021184A2A
S214014FD001FB0022F7B141F21001535004EB4403E8
S214014FE0072D4FF00F014FEA031316D8A80006FA53
S214014FF000F281400F4818441DF01BFB4EB90123F7
S21401500030210B4AAB4001FB042277B141F210017B
S2140150105350F8BD42F21001DFE7A5F10800800009
S21401502006FA00F281400448E5E742F21001EFE794
S21401503000C0035004C003500CC0035008B515202F
S21401504001F0DEFF0022FF21024B5A6599625A6089
S21401505008BD00BF00000450044A054B002908BFE4
S2140150601346012282401A60704700BF4010045068
S2140150704020045010B50446417802780120104BB8
S214015080120658609A60A278152042EA01429A6197
S214015090FF229A6200229A631A644FF000425A6510
S2140150A04FF0FF3203F500531A6501F0C9FF1520D2
S2140150B0E17801F0D3FFBDE81040152001F0B2BF42
S2140150C000000450F8B50125C3B2DFF88CC0D1F852
S2140150D000E09D408F7ACB7A0C46097BCCF8505085
S2140150E00CF5005C4CF820E04FF0300E184E1B0516
S2140150F00EFB006094F80DC043EA074343EA4153B0
S21401510022F00302C0F860C0C36502671DF0FAF919
S214015110104B5D65237A13B1336C2B433364637A8A
S21401512013B1B36B2B43B3632279A37943EA0243EA
S214015130094A93616179E37943EA014305498B6141
S214015140034B55639D64BDE8F8401DF0E1B900BF0F
S21401515000000450001004500020045010B5012433
S214015160C0B284401DF0CEF9044B5A6D22EA040207
S2140151705A659C62BDE810401DF0CAB90000045093
S21401518010B50124C0B284401DF0BCF9074BDA6AA1
S214015190224208D15B6B9C430CBF012400241DF006
S2140151A0B7F9204610BD0024F9E700BF00000450FF
S2140151B041F67132034BDA63012203F50053DA60DC
S2140151C0704700BF0000035041F671320121044BC5
S2140151D0DA6303F50052D1600022DA63704700BF3C
S2140151E000000350CB784A7810B55B010C7843EA8F
S2140151F082030A79234343EA02130C22424302F153
S214015200B0421363012C02BF8A78024B43F8202078
S21401521010BD00BFD080035008B54FF0B0435A68A8
S2140152206AB958B15B680BB11DF013FA01210D4B39
S21401523059601DF00EFA4FF0B043D96008BD5B68A7
S2140152400BB11DF006FA0028F0D11DF002FA4FF05E
S214015250B0430222DA601DF0FCF90122024B5A60CB
S214015260ECE700BF00100058002000584FF0B04196
S2140152704B6810B50BB11DF0ECF901220B4BC4784D
S2140152805A608378934043EA84034478234304793D
S21401529043EA0413447943EAC4038B60044B5A601F
S2140152A00378C3F10203CB6010BD00BF0020005895
S2140152B000100058054B5B69C3F38512827003F03A
S2140152C03F021B0B42700370704700BF00C00750BF
S2140152D040F6B732064B5B689BB293429FBF4FF4D2
S2140152E07A72B3FBF2F3034AD05C88BF00207047A2
S2140152F00080E00FDDE00300014B986CD96C70472D
S2140153000080E00F0120034B9B680A3303F01F0364
S214015310984070470080E00F0D4B984208D1A3F5E6
S2140153200033C3F88411C36D43F08003C36570472F
S214015330084B984204D1A3F51033C3F89411F2E751
S214015340054B984204BFA3F52033C3F8A411EAE73E
S2140153500080055000C005500000065070B5054697
S21401536016461C4619B90320FFF772FA0146402C6F
S2140153701BD003D8DCB1202C1BD070BD602CFCD117
S214015380042303FB06F2530803EB4113B3FBF2F3CA
S214015390094A203B02EAC303AA6822F06002AA6017
S2140153A0AA681443AC60EB61E7E70623E9E710233C
S2140153B0E7E70823E5E700BFF8FF7F00012200F5D5
S2140153C080535A6040F6AA6341F205024361002306
S2140153D00D498360C365C26000F500520361C36175
S2140153E0C364916409498365884203D10365002338
S2140153F0436506E006498842F8D001F580418842B7
S214015400F4D0012353607047FFFF01000080055070
S21401541000C0055070B50D46FFF7D0FF012300F51B
S21401542080567360AB7C04461BB1836843F08043AF
S2140154308360EB7C1BB12046297DFFF76DFF2A8A2E
S2140154406B7B20461343EA891343E3602B7BD5E944
S2140154500112FFF783FF6B7D1BB1A36843F4803312
S214015460A360AB7D1BB1A36843F40043A360EB7D4F
S2140154702A7E1B07120502F4E00203F0E043134301
S214015480A365697E1F4A8B1E012B1F4B1DD89442B4
S21401549017D002F58042944215D002F5804294421C
S2140154A00CBF02224FF0FF3203EB4213022041F2FF
S2140154B0AC520329985020D10423F3652B786361FD
S2140154C070BD0022F0E70122EEE7944211D00F4AA8
S2140154D0944210D002F5804294420CBF02224FF053
S2140154E0FF3203EB4213022042F2AC5201299850DC
S2140154F0E1E70022F5E70122F3E7042204F5005371
S214015500DA65DBE70080055000C0035000C0055097
S21401551038B50446054D26F03DFD0FCC0FC594E881
S2140155200F0085E80F00002038BD00BF901700204F
S21401553047F6FF739A42F0B572D0022972D83A4BF9
S2140155405B5C022B6ED8394DDF0005EBC304A178F6
S21401555015F83330012938BF0121012B13D100255D
S214015560E078401AA84202D80844C0B2F0BD431BF6
S2140155706668A0EB530336F913609642D4BF1D4606
S21401558003F1FF30EEE760680028EFD0B0F9004085
S214015590944204DBB0F902409442B8BF14468388B3
S2140155A03D44FF2B19BFC8224FF0280CB0F9062046
S2140155B0B0F908C0A2EB04030CBF0126002693FB3A
S2140155C0FCF333446E781BB29E4201DD002B01DAF8
S2140155D0731E1BB24FF47A7C01339BB2071D5D1E0E
S2140155E02DB24FEAC50E00EBC505EA88AD689E42AE
S2140155F014FB025222EAE27202F15C02B2FBFCF2F6
S21401560004DD37F8335001339542E8D200EB0E0340
S2140156109888904228BF1046884238BF0846A4E7BB
S214015620FF20A3E70020A1E7E0E003009017002099
S2140156300229F0B560D8314B595C02295CD8304B51
S21401564013F83100012816D103EBC1039C78D878F2
S214015650012C214638BF0121904294BFC1EB0001C5
S214015660C1EB0201001BCAB28242C8BF00225B68BE
S21401567033F91200F0BD002A3CD003EBC103596890
S214015680002939D09878904202D3B1F90200F1E7A7
S214015690DC78B1F900009442ECD95C788B88013C47
S2140156A0A3F1FF06734201F10405E4B2734101F16F
S2140156B00C07DEB2B44216D805EBC3034FF47A7575
S2140156C06A43B3F902405B68D21A04EBD47302EB67
S2140156D0630292FBF4F29042CCDBB1F902009042F5
S2140156E0C8DC10B2C6E737F833C05E1C9445E3D376
S2140156F03346DEE70348BDE70348BBE7E0E00300C7
S214015700901700200CFEFFFF0080FFFF08B504483D
S214015710FFF7FEFEBDE80840012026F03FBC00BFB3
S214015720E4E00300004870470A3300207FB50222F8
S214015730084B0949CDE901234FF00073CDE9031366
S214015740052301A94FF0FF30059326F057FC07B05B
S2140157505DF804FB006A1800000204002DE9F04120
S2140157608CB08846DDE912761D460446002847D0EF
S214015770002945D0002F43D0002E41D013F00F034F
S2140157803ED120482049A360002A08BF0146E361B4
S214015790C4E90013404609A91DF0DBF868BB2046A2
S2140157A009991DF01AFA294620461DF016FA69468F
S2140157B040461DF07CF900BB694620461DF0F9F90C
S2140157C0404603A91DF07EF9B8B9204603A91DF08D
S2140157D0F0F906970127204645F0005506A90797D8
S2140157E008951DF0E6F9204609A909960A970B9532
S2140157F01DF0E9F920461CF0DAFF0CB0BDE8F08197
S2140158002120FAE700010004000101042DE9F0411E
S2140158108CB0884616461D460446129F00284BD07B
S214015820002949D0002A47D0002F45D00B68103BED
S214015830102B41D8214A22FA03F3D9073CD500237D
S2140158401F4A8360C0E90023C36109A940461DF0D1
S21401585080F870BB204609991DF0BFF929462046FD
S2140158601DF0BBF9694640461DF021F908BB6946A3
S21401587020461DF09EF9404603A91DF023F9C0B944
S214015880204603A91DF095F906960126204606A98D
S21401589045F00055079608951DF08BF9094B2046F3
S2140158A009A909970A960B931DF08DF920461CF05D
S2140158B07EFF0CB0BDE8F0812120FAE7010101006E
S2140158C00000040410000020F0B50C4617461E46E2
S2140158D0054695B0002874D0002972D0002A70D0F1
S2140158E0002B6ED0036B0F2B5BD80023364A38464D
S2140158F0C4E90023A360E36111A91DF02AF800287A
S2140159005BD1204611991DF068F9296B20460F29B5
S21401591084BF01F00F0110311DF05FF9384602A96E
S2140159201DF0C5F8002848D1204602A91DF041F90E
S214015930384605A91DF0C6F800283ED1204605A91F
S2140159401DF037F90122214B089509920A932B6B1A
S21401595005F1100003F00F0141F000510B900F2BE1
S2140159600C920D910E900F9243F00052109226D990
S2140159700A9B08A923F0005320460A931DF019F943
S2140159800BA920461DF015F90123119612930F4B12
S214015990204611A913931DF016F920461CF007FFA7
S2140159A00BE000F1200301900093012210233946F9
S2140159B02046FFF7D3FE002897D015B0F0BD0EA9FC
S2140159C0DFE72120F9E700BF0000040410000020F3
S2140159D02DE9F04F9BB00C4690461F460546DDF874
S2140159E09090002800F0B280002900F0AF80002AD5
S2140159F000F0AC80002B00F0A980026B02EB0903DB
S214015A001B09B3EB121F02F00F0600F0978000236C
S214015A104F4A8B60C1E90023CB61404617A91CF0B1
S214015A2098FF0346002840F0858006EB090B2046C8
S214015A3017992BF00F0A1DF0D0F8514620461DF09D
S214015A40CCF8404602A91DF032F80346002871D171
S214015A50204602A91DF0ADF8404605A91DF032F812
S214015A600346002866D14FF00108019005A920469B
S214015A701DF09FF8374A204608A90895CDF82480DE
S214015A800A921DF096F846F00051AAEB060605F1BB
S214015A90100346F000560B93CDF830800D910E970B
S214015AA0CDF83C8010960D99204621F000510D91BD
S214015AB00BA900931DF07DF820460EA91DF079F87C
S214015AC0019B244A1193AAF1100343F00053CDF829
S214015AD04880139305F120031493CDF85480169251
S214015AE0139B204643F080431393139B11A923F085
S214015AF0005313931DF067F8204614A91DF063F8B0
S214015B00144A17A920461795CDF8608019921DF002
S214015B105AF820461CF04BFEAAEB0B0149440190B3
S214015B20ABEB0A020098394426F04CFF019B2A6B26
S214015B304A442A6318461BB0BDE8F08F10304A4627
S214015B403946304426F03EFF0023F0E72123F1E7F3
S214015B5003020004100000202DE9FF474FF0000863
S214015B600E4617460446CDF80080002859D022B9C3
S214015B700025284604B0BDE8F087002951D032F050
S214015B80030902F0030A1FD04FF0E063C0E90038B2
S214015B9001230191C0F808800293C0F81C8049F0E7
S214015BA0005301A903931DF00EF8494620461DF047
S214015BB014F820461CF0FBFD054628B14A4641462E
S214015BC0304626F0CAFED4E7BAF1000FD0D04FF027
S214015BD000084FF0E063C4E900380123CDF804D093
S214015BE00293114B204601A9C4F80880C4F81C8012
S214015BF003931CF0E8FF042120461CF0EEFF20462C
S214015C001CF0D5FD054608B13A46D8E7009A4E4441
S214015C10EB00013522FA03F3AA4506F8013BF7D15A
S214015C20A6E72125A5E700BF04000020F0B50F4632
S214015C3016461D46044693B010B9212013B0F0BD98
S214015C400029FAD0002AF8D0002BF6D000233146DE
S214015C501A4638461CF022FE0028EFD1304602A92B
S214015C601CF0C7FD0028E9D138683449029A8842F9
S214015C706B695ED19342E0D32B68002BDDD14FF0E8
S214015C8060623846C4E90023A360E36101A91CF001
S214015C9060FE0028D2D10199204621F4F0610191DD
S214015CA01CF09BFF694628461CF053FE0028C5D110
S214015CB0204600991CF091FF384609A91CF0F7FE12
S214015CC00028BBD1204609A91CF073FF38460CA951
S214015CD01CF0F8FE0028B1D120460CA91CF069FF83
S214015CE0EB684BB1284606A91CF0E1FE0028A5D1B9
S214015CF0204606A91CF05DFF304603A91CF0E2FE13
S214015D0000289BD1204603A91CF053FF28460FA963
S214015D101CF0D8FE002891D120460FA91CF053FF95
S214015D20032520461CF043FD012887D1013DF8D10B
S214015D3084E7B3EB420F9FD27FE700BF200000B09D
S214015D4070B50E46154604468AB000285CD0002978
S214015D505AD0002A58D0012329461A4630461CF04C
S214015D609DFD00284ED1B36813F4C04F4CD0AB68EC
S214015D7003F4C043B3F5005F46D1254BA060C4E9E8
S214015D800030E06107A930461CF0E3FD002839D158
S214015D90204607991CF021FF012302934FF0005380
S214015DA0204601A903931CF004FF304604A91CF009
S214015DB089FE38BB204604A91CF0FBFEEB681BBB22
S214015DC0AB6803F4C043B3F5005F1DD169462846AE
S214015DD01CF032FDB0B9009B6A699A4216D32A6953
S214015DE043F0005307920122204607A90892032593
S214015DF009931CF0E8FE20461CF0D9FC012801D1CD
S214015E00013DF8D10AB070BD2120FBE71D20F9E75E
S214015E10000001021FB5044698B191B100230A4A59
S214015E208360C0E90023C361012301910293074BFC
S214015E3001A903931CF0C7FE20461CF0B8FC04B071
S214015E4010BD2120FBE700BF00000843040000202E
S214015E5006289ABF014B185C00207047D0E103006A
S214015E6030B5154B87B00293144B0390049346F656
S214015E7011030D46059300F077F91428044616D150
S214015E8068461CF060FF4FF0A843032202A95A633C
S214015E9019601D619A63DA6B9207FCD1142C02D14A
S214015EA068461CF05EFF00F08FF9044601E000280A
S214015EB0E9D0204607B030BDB0170020040000200E
S214015EC02DE9F04FB1B005468C469E46E8466F4E2A
S214015ED0DDF8EC90409C06F1100A47463068716880
S214015EE0083603C75645B846F7D13E9B03EB020872
S214015EF0C8F1000A0AF00F0AB9F1000F00F09D8000
S214015F00C9F1000707F00F070121DDF8FCB044F0E6
S214015F100050C4F11006CDF810B00591069030027D
S214015F2000F4F85040F021000790B9F1000F40F05E
S214015F308680CDF820D047F00050002D00F08480F8
S214015F40099121210A9041EA07210B9142F0005064
S214015F50CDF830C03D9B08A94FEA0A2C0D910E9052
S214015F604CF041000F901093002A75D13E9B119181
S214015F7043F0005312933C9B1390149310AB15936C
S214015F80434B444A169340F611031793424B0021A4
S214015F90002D08BF1346189314AB19933F4B1022DC
S214015FA01A9311231B931CAB184626F0D6FC01222C
S214015FB01D92002246F0804603461E96239205B99E
S214015FC0EB46102CCDF880B024AE4BD101232246EF
S214015FD0002130462193229426F0BFFC20AB0021FD
S214015FE025938F4218BF334647F0804226923A9A4D
S214015FF02CA828922993B2FA82F35B0949EA8373A3
S21401600010222B912A9326F0A8FCB9F1000F00D09C
S21401601028AED04448F080432CA918A82D962E937C
S214016020FFF71EFF30B92DB90346A34225D100283C
S21401603018BF2C2031B0BDE8F08F102764E7CDF8EB
S21401604020E049F0005078E7002C3FF479AF04A92E
S214016050099101210A9076E73E9B0CAA11924120F4
S214016060129388E71022002130462193229426F0CD
S21401607074FC002CB2D10123B1E703F1C0026A44DB
S21401608012F8C02C01331043CFE700BFD7E103005D
S21401609010000020ECE10300F0E103000400002002
S2140160A0F0B5C0299FB0DDE9244557D0B1F5807F12
S2140160B004D0802948D029201FB0F0BD01265CB14C
S2140160C040F2344702941024039604942124019745
S2140160D00594069502AC0AE040F214470294102497
S2140160E003960494212405940124019706950794A8
S2140160F001251024089409950A9221220B950C94E7
S2140161000D92174A0AAD0E92164A0F95109242F654
S21401611011021192129313951494159201AA1692D4
S214016120D3B112AB1793042318931123199316AB0B
S2140161301A901B9340F61103C9081C911AA806A9C8
S2140161401D93FFF78DFEB7E7012614B94FF482675A
S214016150C4E74FF48667B5E70EABE3E70F20ABE77E
S214016160E8E1030010000010144A38B5D2F8803276
S21401617043F00103C2F88032114B5B68C3F3080396
S21401618043B14FF0A842D36B13F0430FFBD1142455
S214016190204638BD4FF0A843DC6B14F04304FBD116
S2140161A0084D2B681BB90421284602F081FD2B6897
S2140161B0013343F000432B60EAE700BF0080005044
S2140161C000ED00E0B0170020014B00205B6870472F
S2140161D000ED00E0012300F01F02A0F506200949AA
S2140161E0A0F550604009934051F820201A4341F829
S2140161F02020054951F8202022EA030241F82020F8
S214016200704700BFC8170020B41700200121A0F571
S21401621006230E4AA3F550635B0900F01F00814078
S21401622052F82300014342F823100949D1E900300E
S214016230034488680344C868096903445B1802BFBD
S214016240C2E90033C2E9023313617047B417002074
S214016250C81700202DE9F04FA9B003921D46044649
S2140162600822339ECDE90401414021FA02F34B4056
S214016270980702F1080218BF9B00202A1C44F4D19B
S2140162808123B4FBF3F303EBC313E41A734B04F556
S21401629006241B7804F55064002B3ED1FEF76CF8FB
S2140162A0074620B16FF0910029B0BDE8F08F014696
S2140162B0402208A826F051FB4022394618A826F0AD
S2140162C04CFBDFF8B481DFF8B491C3460BF10F0A3B
S2140162D0CDF800A0102208A95B46D9F8000025F0E9
S2140162E00AFC0022014608F1100808AF914246D187
S2140162F0CDF800A05B461022D9F8000018A925F0B9
S21401630003FC4FF0000A834618AFD34541D1544BE6
S2140163109845DAD10122514B1A704FF0810A4FF09D
S2140163200008DFF85CB1A4F50627A7F550635B0902
S2140163305BF8232004F01F01CA40D2073DD4494A26
S21401634052F82330CB40DB072AD5B8F1000F08BF3F
S214016350A0468123A7F6FF47B7FBF3F303EBC3136E
S214016360FF1A07F50624BAF1010A04F55064DAD1DA
S214016370039BBBB1B8F1000F14D0444619E057F89F
S214016380040BCDE90612FFF725FF079A069901329D
S214016390ACE757F8040BFFF739FF0AF1010AB4E737
S2140163A0039B13B96FF08B007EE7B8F1000F18BF9F
S2140163B04446349B00201C6076E7329B13B10023D1
S2140163C0329A13600EB1002333601023DFF8AC90CD
S2140163D000932A4600232146D9F8000013F0DCF981
S2140163E060BB32992A68204BC9B99A4206D0214629
S2140163F0D9F8000013F068FA0028D3D1D5E90223B2
S214016400DDE90410834208BF8A42A2D1039B002B18
S214016410CFD06B68012BCCD16FF0840044E71020FD
S21401642032999A420860E2D1002EE7D033462146DF
S214016430D9F8000018AA13F003FA48B10B4B98429A
S214016440D5D00B4B9842D2D00A4B9842D6D029E7EA
S214016450329A336812689B1A3360CFE7342E0020D5
S21401646000710800B4170020105D175EFFDF00F012
S21401647011E000F0FEDF00F0006D08003031002072
S214016480C81700202DE9F04F87B082468946984606
S2140164901646DDF840B02AB1002B4FD040F26C739F
S2140164A09A424ED8BBF1010F4ED8002406F11007D0
S2140164B03946012005941DF08EFA0546002846D07F
S2140164C021463A4626F049FA05ABCDE90143009448
S2140164D02B46012250464946FFF7BCFE044680B1D2
S2140164E010F18C0F08BF6FF08D043A460021284644
S2140164F026F033FA28461DF050FA204607B0BDE8CC
S214016500F08F144BC5E902A92B60C5F804B02EB173
S2140165103246414605F1100026F054FA059E0E4813
S2140165203B462A463146006813F09EF818B93046B5
S214016530FFF750FED9E76FF09104D6E76FF08604B7
S214016540DBE76FF09104D8E76FF08504D5E76FF0CD
S2140165508C04D2E7105D175E303100202DE9F04340
S2140165608DB08146DDE914780E4615461C469BB172
S214016570B8F1000F05D16FF0860630460DB0BDE8C4
S214016580F083002FF7D0B7F1005FF4D3C3F10053C7
S21401659003F5C0339F42EED81022002108A826F04A
S2140165A0DCF9002207AB029305AB019306AB31463B
S2140165B00093484608ABCDE90522FFF74BFE064699
S2140165C00028DAD1059BA4B1AB4215D853EA0504DD
S2140165D0D1D1069B0B48C8F8004000943A4607996B
S2140165E000682B4413F0D8F8002818BF6FF0910606
S2140165F0C3E7AB42EDD2BEE75B1B9C4228BF1C46FD
S214016600E7E700BF3031002030B58DB00C460546B7
S2140166101022002108A826F0A0F9002207AB029359
S21401662005AB019306AB21460093284608ABCDE99E
S2140166300522FFF70FFE0446D8B9099B012B1BD094
S214016640079D104B2946186813F03EF9B8B9012288
S214016650A5F506230C49A3F550635B0905F01F0059
S214016660824051F823004240284641F82320FFF794
S214016670CDFD20460DB030BD6FF08404F9E76FF014
S2140166809104F6E730310020C81700202DE9F04FBD
S21401669093B00446DDE91E75DDE920689346DDE921
S2140166A01C028A46DDF8889029B96FF086042046D8
S2140166B013B0BDE8F08FBBF1000FF6D00FB9002D77
S2140166C0F3D108B9002AF0D116B9B8F1000FECD110
S2140166D0B9F1000FE9D02C4A934251D12388B3F582
S2140166E0105F4DD12022002102A826F036F9202283
S2140166F000210AA826F031F902A81CF06BF810B1A7
S2140167006FF09204D3E720465A4651460AAB1CF076
S2140167108AFB04460028CAD10A981CF078FB044676
S2140167200028C4D115B9C9F80050C0E7B74224D231
S2140167307B199E4221D24545B7D839462A4630466E
S21401674026F0F1F8374615F00F0AAED1CDE90076FE
S2140167502B4652460AA902A8FFF700F8074600286A
S214016760E1D042465146304626F0F7F8012FC9F8E7
S21401677000A0C5D16FF08B0499E74545E3D994E7AE
S2140167806FF0850493E700BF004440042DE9F04F05
S214016790B3B00C4605460021164602A820229846AC
S2140167A03C9FDDF8009126F0D8F8202200210AA8A7
S2140167B026F0D3F82022002112A826F0CEF82022B7
S2140167C000211AA826F0C9F800213C2223A822910C
S2140167D026F0C3F834B12EB127B13E9B13B1B9F1FF
S2140167E0000F05D16FF08604204633B0BDE8F08F68
S2140167F0B4F800B0B4F802A00BF4E043B3F5804F50
S214016800F0D0384B384A2B4043F01063934202D005
S2140168106FF08504E8E70AF10703B8EBD30F4FEAF8
S214016820D305DFD33F9B9D4258D81AA81BF0D2FF51
S21401683010B16FF09204D7E7002301A91AA80193BB
S214016840FFF7E8FA0028F4D1019B284A23F07F439A
S21401685093420193DCD947F212139B45D8D1BAF57E
S214016860807FD5D1224B01370A933D9B0D90023391
S21401687023F003030F93402317936B000E97159095
S214016880139320464246314622AF02AB16971CF0C0
S214016890CAFA04460028A7D10C9B129043F4005371
S2140168A01AA80C931BF096FF0028C2D112AB0AAAB5
S2140168B002A91AA8FFF7BAF9064610B1482891D1DD
S2140168C0A6E72A4639463E9826F07CF83346BB555D
S2140168D00136402EFBD1C9F8005085E76FF08904D8
S2140168E082E700BF0000FFF6000002090102010076
S2140168F020000080F8B5134642880C460732072A66
S2140169004FEAD20101D0A1424DD146680588C76839
S21401691020221846002126F020F8360A0346002ECB
S21401692044D1002C3FD041F20102954205D0B5F585
S214016930885F02D0B5F5905F02D15C60002011E05F
S214016940B5F5105F07D1182C03D0202C01D0102CE0
S21401695029D11C60F1E705F44F42B2F5824F02D00F
S2140169606FF08500F8BDEAB2122AF9D1202CF7D1D2
S214016970104A25F0FF05B5F5E24F02600CD0B5F5DB
S214016980824F10D14FF4005217F4705F09D017F4FC
S214016990864F04D09A60E3E74FF48042F4E742F46E
S2140169A080629A60CAE76FF08600DBE76FF08B00C3
S2140169B0D8E700BF200000802DE9F04F9A460388F3
S2140169C0144603F44F42B3B0B2F5824F0F46DDF8DA
S2140169D0F89002D06FF0850056E011B96FF086008E
S2140169E052E0002CFAD0B9F1000FF7D0DAB2122A31
S2140169F0F0D123F0FF03B3F5E24F34D14388C9F851
S214016A0000305BBBE300C9F80030B3F5807FE1D10D
S214016A100023184655493D19214411F8016D15F812
S214016A20012D1043921B0CBF4FF0FF360026AF42DC
S214016A3003EA060343EA0203EFD10028CED0002B77
S214016A40CCDA3C9B9C4200F28E8022463946504668
S214016A5025F0B8FF3D9B00201C6015E0DA1DB4EB65
S214016A60D20FD2D0BAE7B3F5824F79D10B78042B87
S214016A70B4D12022002101A825F06FFF01A81BF048
S214016A80A9FE20B16FF0920033B0BDE8F08F009000
S214016A90694601A8FFF7BEF90028F3D1009B344AE6
S214016AA023F07F43934295D94FF000083E2241469A
S214016AB022A8CDF8848025F050FF01234FF0420B29
S214016AC02022414609A88DF88430651E25F045FF31
S214016AD07B1C2022414611A80D9321AE0E9525F070
S214016AE03CFF2022414619A81596CDF858B025F04E
S214016AF034FFEA005208B2F5807FCDE91D6BC9F874
S214016B0000200BD003D8E02A3FF464AF66E7B2F565
S214016B10C07F3FF45FAFB2F5047FF5E7154B09AAD6
S214016B20099311934FF400530B934FF4804313933F
S214016B30402311A91A9301A819ABFFF777F8D9F8E2
S214016B4000300733DB085A0033B1531E013B86F889
S214016B50008006F10106F9D200283FF472AF3DE746
S214016B606FF0960090E76FF089008DE7F4E103007F
S214016B7001020100200000802DE9F04F8FB0DDF802
S214016B80608081460C4692469B461A9FB8F1000FDC
S214016B9005D16FF0860420460FB0BDE8F08F002FB8
S214016BA0F7D00028F5D02022002106A825F0D5FE32
S214016BB006A81BF00FFE10B16FF09204EBE714F479
S214016BC07C1FC4F305452AD0102DE2D8199B9D429F
S214016BD033D81D4B24F47E149C4231D1002302AEDF
S214016BE0CDE90233CDE9043352465B464946009669
S214016BF006A8FEF70BFE044698B92A4631464046DB
S214016C0025F0E0FE234633550134102CFBD1002439
S214016C103D6006A81BF0E8FD0028BCD0CCE7102597
S214016C20D4E7212806D0012814BF6FF092046FF034
S214016C308B04EEE76FF08604EBE76FF08904AAE7B2
S214016C406FF08504A7E700BF0002C00370B50E46CB
S214016C501446054610B96FF0860070BD0029FAD0BB
S214016C603822002125F079FE094B24F47E129A423F
S214016C700AD13388B3F5105F06D1C4F30543102B50
S214016C80E9D800202C60E8E76FF08500E5E700BF53
S214016C900002C003F0B50F4616461D4604468BB0EB
S214016CA088B302B97BBB2022002102A825F055FE3D
S214016CB002A81BF08FFD20B16FF0920420460BB0A6
S214016CC0F0BD2368114A23F47E13934215D135B9DA
S214016CD0002402A81BF088FD0028EFD0ECE733461D
S214016CE03A46009502A9201DFEF772FE012807D03C
S214016CF00028EDD06FF09204EBE76FF08804E8E728
S214016D006FF08B04E5E76FF08604D7E70002C00357
S214016D102DE9F0418CB0884616461D460446129F62
S214016D20002840D0002A3ED0002B3CD0002F3AD07D
S214016D30102B036828BF102513F47C1FC3F30542EC
S214016D4002D0954228BF15461A4A23F47E13934271
S214016D502CD12022002104A825F0FFFD002304A841
S214016D60CDE90033CDE902331BF034FD40B96B4663
S214016D70424604A9201DFEF7A7FD30B100233B6063
S214016D806FF092000CB0BDE8F08104A81BF02CFD5A
S214016D9004460028F2D12A466946304625F012FEFE
S214016DA020463D60EEE76FF08600EBE76FF0880067
S214016DB0E8E700BF0002C0030023C36001F1380307
S214016DC0036120230A6843618B6D0B4922F47E120E
S214016DD08A42436003D001F580718A4208D1102BA4
S214016DE001D0182B02D1036000207047202BFAD067
S214016DF06FF08800704700BF0001C00330B58BB04C
S214016E006D46604C0FCC0FC554F8043B68462B60AA
S214016E104FF07E6393F89C306D46FF2B08BF252309
S214016E208DF80130FDF7D0FF3220FEF705F80FCCC4
S214016E300FC50FCC0FC594E8030085E80300524B3D
S214016E40D3F84C21110340F18380A3F5FE431C883F
S214016E504FF6FF739C4208BF81248DF81940FDF759
S214016E6081FF044484F3080448488DF81840FCF771
S214016E7007FF6846FDF7AAFE3220FDF7E3FF444C04
S214016E804448FDF753FE4448FDF7E2FF1BF0BCFB08
S214016E90236F002023F0070343F002032367236FC9
S214016EA023F4505343F4806323671BF0B4FB3B4B3E
S214016EB0D3F8FC20D2014FD4D4F8803023F003035A
S214016EC043F00203C4F88030314BD3F8202122F07E
S214016ED0070242F00102C3F82021D3F8802122F0F4
S214016EE0030242F00102C3F88021D3F8402122F0C8
S214016EF0030242F00202C3F84021D3F8602122F0D7
S214016F00030242F00202C3F86021D3F8402222F0C5
S214016F10030242F00202C3F84022D3F8002222F014
S214016F20070242F00202C3F80022D3F8082222F038
S214016F30070242F00202C3F80822FDF7D7FD4FF020
S214016F40E0220020136963F0040313610BB030BD27
S214016F50D3F85041E4B280E7D3F8FC2022F08072E7
S214016F60C3F8FC20D4F8802022F0030242F002028B
S214016F70C4F88020D3F8FC2042F08072C3F8FC20CD
S214016F80A2E700BF14E203000080E00F00F0490210
S214016F900080005000B4C404C0EA210100ED00E006
S214016FA06FF00403502110B50A480B4C13F0800F04
S214016FB003F1010206D123443D2A83F80013134648
S214016FC0F4D110BD03F00F03043B034419761346B6
S214016FD0ECE700BF00ED00E000E100E0BFF34F8FFB
S214016FE00549064BCA6802F4E0621343CB60BFF35F
S214016FF04F8F00BFFDE700BF00ED00E00400FA057B
S21401700000280CDB01220649430900F01F008240DC
S214017010203341F82320BFF34F8FBFF36F8F7047A4
S21401702000E100E0002807DB01234109034A00F0E4
S2140170301F00834042F82130704700BF00E100E0A6
S214017040002808DB01224309034900F01F008240A3
S214017050603341F82320704700E100E00028ACBF10
S21401706000F16040064B4FEA0111C9B2ABBF00F513
S214017070614000F00F0080F800131954704700BFFC
S21401708014ED00E010B504461BF035FA024B1C6007
S2140170901BF035FA002010BDDC17002010B51BF0E0
S2140170A02AFA034B1C681BF02AFA204610BD00BFC3
S2140170B0DC170020034B022218680023806819465B
S2140170C019F08ABD3832002030B51446054687B01F
S2140170D010461CF07EFA6369024683423CBFD4E93F
S2140170E003315B181B1A7BB10F49049403910021ED
S2140170F0CDE90131012300932846D4E900131BF0A2
S21401710028FA002007B030BD0122627694F82D20BF
S214017110002AF6D084F835301321E36920469847D3
S2140171202046636A9847ECE7C97001002DE9F047ED
S21401713088B004460F46164698461BF0E3F981468A
S214017140002E7AD0237E03F0FF02002B00F0A280EF
S21401715020461CF03EFA6569A84205D1637ED4E953
S214017160033213445D1B01E0F9D9451BB54228BF24
S21401717035461BF0C7F994F82D308246002B6DD1A9
S2140171802A463846616925F01DFC63692E462B4464
S214017190636121E0037803F0FD0111295BD1216BC6
S2140171A0814205D1A3F111014B424B4184F83430A1
S2140171B0013E6369216B01328B4203F1010308BF73
S2140171C02363636195426069E4D1D4E90323216BAB
S2140171D01344994200D122630025D4E9032361694F
S2140171E01344994208BF6261207A6576FCF7E0FF96
S2140171F020461CF0EEF96369834232D1257694F875
S2140172002D30E568656103B125632046636A9847BA
S214017210214B049403930023029323692A46019386
S2140172200123009363682168207A1BF092F9207A83
S214017230FCF7DEFF50461BF06BF94846C8F80060C5
S2140172401BF066F9D8F80030002B0CBF1B2000207D
S21401725008B0BDE8F08707F8013BAAE72E460022F2
S214017260B0E70123207A23760DF11E01FDF728F8F9
S2140172709DF81E30002BDAD00DF11F01207AFCF7A5
S214017280F7FF9DF81F100029D1D12246207AFFF77B
S2140172901BFFCCE71646D0E7C97001002DE9F04187
S2140172A00C461546064686B04022002120461F465B
S2140172B025F053FB95E8030000232A692376EB6843
S2140172C084E80300C4E904232A7DE36084F82C20C3
S2140172D0AA7D2363012384F8343084F835300C9B6F
S2140172E084F82D2023620D9BE76163620E9BA362E7
S2140172F02B7A84F836306B7A84F837302D4B34602D
S21401730073602D4BB3602D4B33612D4B73612D4B49
S214017310F360FCF719FF38B12B4B984204D01024C8
S214017320204606B0BDE8F081002104F10800FCF714
S21401733093FE07460028F2D14FF00108234B336233
S214017340234B84F83C80B361224BF3619DF84030B7
S21401735084F8390084F83B309DF83C30204684F8A8
S2140173603A30697D84F838801CF070F995F9090087
S214017370FFF766FE95F90900FFF754FE164B0494D5
S214017380CDE902732369CDE900836368E268216869
S214017390207A1BF0DEF804460028C0D195F90800D3
S2140173A0FFF74EFE95F90800FFF73CFE3046FFF763
S2140173B069FEB5E79D3603002D710100C135030056
S2140173C0C7350300F3350300038000F09B35030047
S2140173D04D360300CD350300C97001002DE9F0419B
S2140173E04FF001081C46574B86B00293564B0C9D36
S2140173F00193564B174600930A46CDE90388294662
S214017400534BFFF74BFF0646002840F09280236857
S21401741004222B64237985F84430A17985F8461037
S214017420607985F84500237A85F84830E37985F850
S2140174304730A37A85F84A30637A85F84930237B4A
S21401744085F84C30E37A85F84B304346FDF7B6FDB8
S21401745043460222217AE079FDF7B0FD3E703946B7
S2140174602068FDF7D7FF1421A27B3A4B03EB4210AD
S214017470C0F8AC1594F806C061792E3203EB4213BE
S21401748041EA0C415960227AE37943EA0243C0F8A3
S214017490BC3585F84D607B7E032B50D8DFE803F0C2
S2140174A03A4D021D022385F84D3000230422217B2C
S2140174B0E07AFDF783FD41F2AC520221A37B5B012A
S2140174C003F1A04303F570339950217BE27A42EA37
S2140174D0014241F2B8515A501CE0012785F84D305F
S2140174E002220023A17A607AFDF768FDA17A627A0A
S2140174F0A37B42EA014241F2B4515B0103F1A0438E
S21401750003F570335A500422236803F58053DA6575
S214017510002FCAD163792A6C85F84530A3790521F5
S21401752085F84630D36C206843F00403D3641BF01F
S214017530A7F8304606B0BDE8F0810027CEE723263F
S214017540F7E700BFCB370300BF3703004F38030010
S2140175504338030000C0035073B50024684600F0AA
S214017560C7F90C4B00981C600B4B0C4D1C600C4E65
S2140175700C4B306018602C601CF03DFA2046019BD5
S2140175803268013BDB0853802B6801332B6002B065
S21401759070BD00BFE4170020E0170020E8170020A8
S2140175A0F0170020EC1700202DE9F04F0027924637
S2140175B087B04A1C0E4614BF0C4608249946059708
S2140175C0002B00F0B0801F60002800F0AE8007306E
S2140175D020F007051AF096FF05AB3146029000939E
S2140175E052463B46284600F08DF9059E804606B178
S2140175F030B902981AF08CFF192007B0BDE8F08F59
S214017600DFF83CB17788DBF80010FB00C0EBC7075A
S2140176100139272FCBF800106CD9BAF1000F48D1E9
S214017620854205F1080740D0214630461CF06FF927
S21401763004460590059B1F4438461CF0DCF9059965
S21401764005F10F034A88C3F3CF03D21A7A80CA889A
S214017650BB8062B3D31A9BB201EBC202FB8093805C
S2140176608B88ED08A380BB880022314638466580AA
S214017670E38000F0BFF9237843F001032370DBF8C1
S21401768000300133CBF800302B4A029813680834D7
S21401769043441360294A11688B4288BF13601AF06D
S2140176A037FF0020C9F80040A7E73446C2E7FA8052
S2140176B0D6E7F419204603931CF09DF908F107025A
S2140176C0D20805996280FA1DD208A280CA887AB1CA
S2140176D0D200039BD01DC31A4344C3F3CF030A440D
S2140176E0E3809380A388013FFF084F80CB80C2E7E9
S2140176F0E280F7E7BAF1010F19D106F10803B3FBEF
S214017700F4F204FB1233A3B1214630461CF0FFF815
S21401771004462378012243F00103314620462370B4
S21401772000F068F9B0E7222067E7212065E7854287
S214017730EAD13446EDE700BFE4170020E017002049
S214017740E81700202DE9F3470446684600F0D0F814
S214017750002C00F0C2801AF0D5FE14F8085CEB0786
S21401776004D534F806ECBEF1000F05D11AF0D0FEB0
S214017770012002B0BDE8F087DFF870C134F8041CC0
S214017780DCF800800EF1010208F10103A4F10806FD
S21401779092B2CCF80030002938D0A6EBC10393F89A
S2140177A000A0B3F806901AF0010F5F8805F00205F5
S2140177B020D105BBA9EB0701012927D80EF102024A
S2140177C01744BAB2CCF8008034F8025C05BB14F852
S2140177D0085C511E6FF3000504F8085C002589B2A9
S2140177E024F8065C5980197865F3000119700021A8
S2140177F0D98031E055B111448AB214F8081C6FF3F0
S214017800410104F8081C00219980DDE73346DBE7D7
S21401781006EBC508DDE900710F44B845D7D216F866
S2140178203560414616F001062ED014F8086C551E38
S2140178306FF3000604F8086C002624F8066C1C7822
S214017840ADB266F300045D801C70C3F107040C44FE
S214017850C4F3CF04DC808C80214C216819B1994295
S21401786001D8498801B923601E4C216819B1994293
S21401787001D3498801B923601B490B689B1A0B6029
S2140178801AF046FE002074E7A5EB0E05012DCCD8B4
S214017890B8F80250A8F8026001352A44B8F8065034
S2140178A092B2C5B108EBC501DCF80050013DCCF839
S2140178B0005014F8085C6FF3000504F8085C002516
S2140178C024F8065C541E5C801C7865F300041C706A
S2140178D00029BAD18BE72946E6E7222049E700BF0F
S2140178E0F0170020EC170020E4170020E81700200E
S2140178F00249034A0160521A426070474833002029
S21401790000800120F0B506460020059F4C1C08BFEC
S21401791008213860BAB91F480568002D38D0B5F877
S21401792002E0DB0003EBCE0EC1F1000C2878C007A5
S2140179300BD52ABBE888B0B105EBC005B5F802E067
S21401794003EBCE0EF2E71448E6E7B645F1D35AB993
S21401795005F10804B4FBF1F001FB1044A0190CB1C9
S2140179607045E7D83D60F0BD08290FD06C8801341A
S21401797005EBC404A01B00EA0C00201A8645F1D2D0
S214017980A8880028EFD0A5EBC005D7E73046E9E781
S2140179902846E8E7F0170020EC170020134B13B534
S2140179A01B6804460846FBB121B96846FFF7A0FFED
S2140179B06CB900980378D90707D55CB9C3889BB121
S2140179C000EBC3000378DA07F8D402B010BD084B09
S2140179D01868EFE7012C07D183882BB1A0EBC30011
S2140179E00378DB07F8D4F0E70020EEE7E81700207D
S2140179F0EC170020F8B5124F05460C463B68114EB1
S214017A00B2B1994209D041B13368994204D12946AD
S214017A100120FFF7C3FF3060F8BD29460020FFF7BD
S214017A20BDFF33683860A342F1D0002CEFD0F3E7F6
S214017A309942336808BF38608B4208BF3060EBE775
S214017A40F0170020EC170020BFF35F8F074B5A6A30
S214017A5022F480325A62D3F8942022F00102C3F84D
S214017A609420BFF34F8FBFF36F8F704700ED00E098
S214017A7038B5FFF7E9FF284A2848D2F8C030284D24
S214017A8023F0FF0343F0A003C2F8C030254B04687F
S214017A909D4204F101011ED1234BC2F89840C2F861
S214017AA09C3003F5BF3303F5FF73C2F8A0300160C5
S214017AB0BFF35F8F0522184BC3F894205A6A42F42D
S214017AC080325A62BFF34F8FBFF36F8FBFF34F8F72
S214017AD0BFF36F8F38BD23F01F03203BB3F1005F68
S214017AE009D3C2F89840104C43F00103C2F89C40F9
S214017AF0C2F8A03001600D4B0168074A23F01F034E
S214017B0043F00303C2F89810C2F89C30084B0131C9
S214017B10C2F8A030CBE700BF00ED00E0F41700206C
S214017B20E0300020402F002003000020FF3000201E
S214017B30E17F01202DE9F0410D461146DFF8E08096
S214017B40D8F80040B4F5807F34BF00271A27FFF726
S214017B507BFF1F292ED90021C2061CBF20F01F0063
S214017B6020302E4EEB0618BF25F01F05CBB29C42E7
S214017B7035D8D6F8C03020F01F0023F47F4343F4F5
S214017B808073C6F8C03040F003041AF0BBFCD8F886
S214017B90003025F01F0141F00301C6F89830C6F801
S214017BA09C40C6F8A0101AF0B3FCD8F80030013398
S214017BB0C8F80030BFF35F8F0522184BC3F8942036
S214017BC05A6A42F480325A62BFF34F8FBFF36F8F07
S214017BD0BFF34F8FBFF36F8F3846BDE8F081C6F80D
S214017BE09830D6F89C30D6F8A02023F01F03984290
S214017BF022F01F0201D195420BD0904201D89D423E
S214017C0009D2D6F89830013123F0FF03C6F8983030
S214017C10ACE70027CEE72827CCE700BF00ED00E061
S214017C20F4170020BFF34F8F0549064BCA6802F4CC
S214017C30E0621343CB60BFF34F8F00BFFDE700BF89
S214017C4000ED00E00400FA05054B1A782AB95B78C6
S214017C50002B0CBF0320022070470120704700BF95
S214017C603A2E00200329F8B598BF124B05460E465A
S214017C708CBF00245C5C032805D8DFE800F002080E
S214017C800B0E44F002040C4B1F684FB9F8BD44F0CC
S214017C900804F8E744F02004F5E744F08004F2E72E
S214017CA07B681A68144203D0314628465B689847B9
S214017CB03F68EAE768E203000418002038B5104D73
S214017CC02B78ABB10F4C23781BB100F08DF9002354
S214017CD0237000201BF0A5FE0B4C50B100F0D6F926
S214017CE00023012120782B70FFF7BCFF01232370AE
S214017CF038BD0122054B1A702278054B1A70F7E73A
S214017D00372E0020362E00203C2E0020382E002054
S214017D10392E002070B51AF0EEFB174E05461748AF
S214017D201BF03EFB3378D3B900F0C4FA044620B109
S214017D3028461AF0E4FB204670BD11481AF0EBFB0A
S214017D4000F060FD0F4B1C6000F056FB0E4B0F4A17
S214017D501860536F43F0010353671BF069FE00F090
S214017D60B5F81BF060FE0A4B002418600123284674
S214017D7033701AF0C4FBDEE73D2E002064E20300F8
S214017D8004180020F81700200018002000400050BA
S214017D90FC1700202DE9F843284A0138135C39B155
S214017DA0274F013339781354012904D8BDE8F883E5
S214017DB0013B1354FAE7FFF747FF0128044635D87D
S214017DC01AF099FBDFF88480054698F8003013B363
S214017DD01C4E33781BB9012232701B4A1370DFF830
S214017DE0709099F8003023B100F0FEF8002389F86E
S214017DF0003028461AF083FB01201BF012FE1AF011
S214017E007AFB337805461BB100F040F90023337046
S214017E10002388F8003028461AF071FB387884422F
S214017E20C4D02146FFF71EFF3C70BFE70329F5D1FA
S214017E300228F3D11BF0FBFDF0E700BF3A2E00202D
S214017E403C2E0020352E0020382E0020372E002014
S214017E50362E002038B51AF04EFB094B05461B7826
S214017E60012B04D81AF04BFB0024204638BD054BE5
S214017E701C6800F033F9044428461AF040FBF4E786
S214017E803C2E0020F817002038B5416004461AF051
S214017E9032FB0546214604481AF040FB2846BDE859
S214017EA038401AF02CBB00BF04180020054B1B6895
S214017EB05843054B00F5742000F23F20B0FBF3F069
S214017EC0704700BF0018002040420F003B4A3C4963
S214017ED0136F70B503F007030B60D2F80011394831
S214017EE001F0030101603849384D8969032BC1F35C
S214017EF04001297059D0D2F8203103F00703981EAB
S214017F0043424341D2F88022314C02F0010213432E
S214017F104FF4C8702370FFF7C9FF00222D4B2E497E
S214017F2018602E4E0B680132D2B20A2A46F8040BAC
S214017F30F9D1034400EBC00003440B602B78284DB5
S214017F4063B323781D4A3BB9D2F8003103F003032B
S214017F50591E4B424B412370D2F8003103F0030304
S214017F60022B24D0032B25D0012B17D1FBF782FE41
S214017F70024698B1144B1B4EDC6800231946C4F325
S214017F800B04013404EB84040138E4FB060118F009
S214017F90DDFBFFF78BFF2B6803442B601F20FFF7E9
S214017FA085FF2B6803442B6070BD0123AAE7FBF70E
S214017FB0BFFEDDE71AF097FADAE700BF008000504F
S214017FC0401800204418002000C00150402E002018
S214017FD0412E0020081800200C1800201018002040
S214017FE03C18002040420F00F8B51F4B1B78002BB1
S214017FF039D01E4C2378B3B91D4B9A6DD10302D5E7
S214018000DA6D92072FD49B6DDB072CD41BF0A2FDF3
S214018010184B194A1860136F23F0070343F0030344
S2140180201367FBF711FE1BF095FD124B134D1B68F2
S214018030134EC01A2B78134F56F8232046F8230008
S214018040111A3A681048521A0A213A600932B2FBEC
S214018050F1F20133DBB20260B3FBF1F201FB123342
S2140180602B7000232370F8BD412E00203F2E0020E8
S21401807000C0005038180020008000503E2E00201E
S214018080101800200C1800200818002008B51AF057
S214018090CFFA0D4A0D49136F096823F007030B4306
S2140180A013670B49D2F82031096823F007030B4305
S2140180B0C2F82031074B1B7813B10122064B9A6296
S2140180C0BDE80840FBF7C0BD008000504018002006
S2140180D048180020412E002000E00050054B18787B
S2140180E018B1054B186800EBD000044B1B68184408
S2140180F0704700BF412E0020081800203C180020C1
S2140181000122014B1A707047412E002038B51BF032
S2140181102FFD0025084B094C1A682368C31A2AB19B
S21401812023B15169994203D3C91A5161206038BD00
S21401813055615B1A9268F2E7541800205018002027
S214018140C38870B504460D463BB9FFF783FE8542EA
S214018150064602D21BF059FC35460E4965610B688E
S2140181608BB90C60A3600DE0AD1A9A68184665617C
S2140181706AB113465A69AA42F6D930B18460521BD5
S214018180A3605A6170BD0020F4E70C60F7E79C60BD
S214018190A260F7E75418002038B5134D2B685B69C9
S2140181A093B1124A022014681C441BF0E8FC2046D6
S2140181B000F0B0FA00230E492A680B70D0888007B9
S2140181C009D501230B7038BD02201BF0D8FC022014
S2140181D000F0EAFAEEE79268002AF4D05069034408
S2140181E0012BEBD9EFE700BF5418002050180020F0
S2140181F0432E002070B516469DF81420C0E90336BC
S2140182000271049ABDF818300260002204460D4639
S2140182108260C380EEB91BF0ABFC2844A0619DB11F
S2140182202E461AF068F90546FFF770FF31462046DC
S214018230FFF786FF104B1B68A34201D1FFF7ACFF87
S21401824028461AF05CF902E0E36865617BB9002014
S21401825070BD1BF08DFC3044A061002DE0D1E368B9
S2140182606561002BDDD0204621689847D9E7204676
S21401827021689847EBE700BF5418002000220C49FC
S2140182800B687BB183420AD183687AB193608368B5
S2140182901BB15A6941690A445A61002070471A465F
S2140182A09B68EEE70028EFD0022070470B60EEE7F0
S2140182B05418002070B51AF025F9144E0546347886
S2140182C0FCB9134B1C60134B1C60134B1C8000F055
S2140182D0E3F901201BF053FC00F088FA0F4B02462D
S2140182E0186020B928461AF013F9232070BD2346DA
S2140182F040F2E7310A4818F029FA0A4B18600123C0
S214018300337028461AF004F90020EFE7442E0020C7
S21401831054180020501800209C25002058180020D2
S21401832018FCFFFF4C18002070B5044640B31AF045
S214018330E2F8144E0546FFF7E9FE3068A04209D080
S2140183402046FFF79BFF0446B0B128461AF0D7F83F
S214018350204670BDFFF792FF04460028F5D133682A
S2140183603BB9022000F008FA28461AF0C8F80024A3
S214018370EEE7FFF711FFF7E73368002BF4D1F0E7DC
S2140183802224E5E75418002038B50C460546A8B166
S214018390A1B100230B701AF0B5F80121084B1B6838
S2140183A033B91AF0B5F8002038BD9D4204D12170CA
S2140183B02278002AF9D0F4E79B68F1E72220F3E758
S2140183C05418002070B51AF09DF806461BF0D0FB35
S2140183D0084B04461D880120ADB21BF0DCFB18B12A
S2140183E01BF0C6FB0446013530461AF091F82046CC
S2140183F0294670BD9C250020014B1868704700BFB8
S2140184005818002038B50021044640F2E730054BE5
S2140184104FF47A721D680023E5FB040118F096F903
S21401842038BD00BF58180020012300B58DB08DF867
S2140184300F30FFF7E7FF00230146CDE90033074A77
S2140184400DF10F0304A81BF03CFB18B99DF80F3083
S214018450002BFBD10DB05DF804FB00BF473A0300CB
S214018460F8B50C4B05461B680E4683420FD3002415
S21401847040F2E7302146084B4FF47A721F6800231A
S214018480E5FB070118F062F930602046F8BD2120AF
S214018490FCE700BF4C18002058180020F0B51F4616
S2140184A0002387B00C46164605468DF8133050B3A8
S2140184B00DF11301FFF768FF9DF813302BBB204623
S2140184C005A9FFF7CDFFE0B9114BE8831B682846E5
S2140184D05C434FF47A73B4FBF3F203FB1244191BAB
S2140184E089B2994208BF0021BDF83430A983059AA4
S2140184F002939DF830301146CDE900733346FFF7FD
S21401850079FE07B0F0BD2220FBE70220F9E700BFA5
S21401851058180020014B1868704700BF4C180020FF
S2140185200F4B10B51A689AB14FF47A71531E134265
S214018530A0FB01010ED1B2FA82F2C2F11F04531C54
S214018540D243E04001FA03F3184321FA02F2024350
S214018550104610BD002318F0F9F80246F8E700BFF0
S21401856058180020C2072DE9F04704460BD5474AA4
S214018570138801339BB21380FFF7C8FD444B1B6879
S2140185800BB1FFF709FEA3077ED519F0BBFF4FF02D
S214018590000905464E46FFF7B9FDC8463C4F3C6804
S2140185A00CB163698BB100223A4B012E1A7003D1CC
S2140185B019F0020F18BF1E70002C61D0FFF7ECFDFA
S2140185C02846BDE8F04719F0A3BF23465A693AB9D1
S2140185D01A792179914288BF1C469B68002BF5D1F8
S2140185E0284619F095FF2569DDB11BF0C1FAA2698D
S2140185F0A0EB02094FEAE9734D4578EB030311DA64
S21401860023691344A361E368B4F80690013613B1F5
S21401861020462168984719F075FF0546FFF776FD55
S214018620BDE7A94619F06EFF82462046FFF726FEF3
S214018630504619F06DFF2369002BE4D0A38BB5EBF0
S214018640090533B1E28B13449BB2B3F57A7F0FD29F
S214018650E38319F057FF814629462046FFF770FD50
S214018660A369226948461344A36119F051FFCAE77A
S214018670A3F57A73E383A369013D013BA361E8E7B0
S214018680022000F079F89BE7BDE8F0879C250020E2
S21401869054180020422E00201FB500241A4B1868DB
S2140186A09A880290D3F806009B7A00901748ADF896
S2140186B00C208DF804301AF073FE02A88DF80840DD
S2140186C08DF80C40FCF7D2FD694601208DF800407C
S2140186D0FCF788FD4FF0B0431F219A6922F01F0274
S2140186E09A610B4A51619A6A12F00802FBD11A622A
S2140186F00120FCF791FD0A20FEF7A2FC0A20FEF7F6
S21401870091FC04B010BD00BF6CE2030060E2030000
S2140187100020005810B5044619F0EDFE4FF0B042A7
S214018720936A1907FCD4136A116C5269120704D4B0
S214018730CA1A032A01D899420ED1E21A022A98BF10
S214018740DC1CB4F1FF3F38BF013C4FF0B0431C6462
S2140187509A6942F008029A6119F0D1FE054A137827
S2140187603BB14FF0B041CB6B43F00203CB63002328
S214018770137010BD1F330020820700F001030AD5D5
S2140187800121084A43F0080311704FF0B041CA6B4B
S21401879022F00302CA634FF0B0418A6922EA03035A
S2140187A08B6170471F330020830742BF0822014BAD
S2140187B05A6170470010005810B519F0A3FE4FF02B
S2140187C0B04304465B691A07074A03F0010003F049
S2140187D00D0348BF40F002005361FFF7C3FE204679
S2140187E0BDE8104019F094BE0020005807B5044BB0
S2140187F001A918791AF0CAFD019803B05DF804FBC7
S21401880050E203000A4B10B5D3F8403203F00303DD
S214018810013B012B0BD819F06EFE04460121022004
S214018820FFF7B8FA2046BDE8104019F068BE10BD43
S2140188300080005010B50446FBF706FA0C4BA0F575
S2140188407A729A4212D84FF47A73B0FBF3F05C4313
S214018850084BB3FBF0F3B4FBF3F0022806D9BDE8EE
S21401886010400323B0FBF3F0F9F73ABD10BD00BF8B
S214018870FFC99A3B40420F00024A0349034807F0EA
S2140188800FBC00BF78E203009CE20300E4E20300B1
S2140188904FF08052014B5A60704700BF00ED00E078
S2140188A010B50A46044619B1024B00211B689847C9
S2140188B010BD00BF343100200E4B0340B3F1607F82
S2140188C006D1B1F5885F14BF6FF0860000207047AF
S2140188D0B3F1707F0BD101F4E043B3F5005F06D12D
S2140188E011F4E06F0CBF6FF08600002070476FF048
S2140188F0860070470000C07F8A42F8B506460C46DF
S21401890000F0DB806F4922F4FF7323F001038B42F2
S2140189100ED06D4B22F0FF01994209D06B4822F42C
S2140189207F7323F00303834202D0694B994228D117
S214018930684B24F0FF0199420FD114F0FF000BD0D1
S214018940654B40F00070984240F0B98082EA04001E
S214018950FF288CBF00200120F8BD5B4B9942ECD06C
S214018960A3F588539942E8D024F4FF7323F001035A
S214018970B3F1062FE1D056488142DED053498B42EF
S214018980DBD004F0FE43B3F1A06F14D102F0FE4336
S214018990B3F1A06F40F0938082EA040333F47E13B0
S2140189A040F08D8014F40040D6D0C4F30540C2F3E5
S2140189B005429042CDE7B3F1407F6AD102F0FE4313
S2140189C0B3F1407F7BD182EA040535F47E1576D17A
S2140189D031462046FFF770FF002870D13F4B12F456
S2140189E07C1703EA02031BD0B3F1607FC2F305478D
S2140189F03FD13B49D3B243F000738B423DD003F1E4
S214018A007E43043B0F2B01D83649CD5C14F47C1F02
S214018A10C4F3054333D1BD4214BF002001209BE7B8
S214018A20B3F1607F0DD12E49D3B243F000738B4270
S214018A301DD003F17E43043B0F2BDAD82A49CF5CC5
S214018A40D7E7B3F1707FE1D106F4E043B3F5005FF9
S214018A5003D10127C6F302239F4006F4E043B3F592
S214018A60005FD3D10125C6F302218D40CEE7102742
S214018A70BFE7B3F1707FC9D1EFE71025C6E712F45F
S214018A807C1F01D1AB4218D022047FF565AFBB42F3
S214018A905FE7B3F1106F12D124F01F6020F470204D
S214018AA068B902F0FE43B3F1106F7FF455AF0F487B
S214018AB0104040F01060A042AEE701204CE70020D5
S214018AC04AE700BF00020006001300060004000685
S214018AD00009000600030006FF0000020000C07F38
S214018AE0030000021CE303001CE303000000FFF682
S214018AF02DE9F8431746002288461C4600F05AFA2C
S214018B00054688BBD8F80060B6F8009009F4E04343
S214018B10B3F5804FF36808BF27F0010737EA030370
S214018B201AD10CB3254B24F0FF029A421FD114F040
S214018B30FF0304D0224A43F00073934232D0224608
S214018B4048463169FFF7D8FE074668B922464846C7
S214018B507169FFF7D1FE70BB6FF0840500233046C4
S214018B60C8F800301BF007FF2846BDE8F883154B10
S214018B709A42DCD0A3F588539A42D8D024F4FF73E6
S214018B8023F00103B3F1062FD1D00F498A42CED08C
S214018B900E4A9342CBD004F0FE43B3F1407F04D19A
S214018BA02304CCD56FF08605D8E7B3F1A06FF7D0D4
S214018BB0034B9C42C2E73D46D6E700BF00030006D2
S214018BC0FF0000020013000600090006000400066C
S214018BD038B500F0FE43B3F1407F04460D4602D09F
S214018BE06FF0860038BDFFF767FE0028FAD114F44F
S214018BF07C1F12D0C4F30543032B137022D9284AD5
S214018C002240B2F1607F3DD1264AE4B244F00074BE
S214018C1094422BD1102BE5D9E2E7214B2340B3F147
S214018C20607F15D11F49E3B243F000738B4202D136
S214018C3010231370D6E703F17E43043B0F2B04D9B0
S214018C40002313706FF08500CCE71749CB5CD3E7A0
S214018C50B3F1707FF4D101F4E043B3F5005FEFD1D7
S214018C600123C1F302218B40DBB2C5E704F17E4448
S214018C70043C0F2CB4D80D4A125D9342B0D8142B85
S214018C80B0D9DFE7B2F1707FAAD105F4E042B2F5C0
S214018C90005FA5D10122C5F30225AA40EDE700BF7A
S214018CA00000C07F030000021CE303001CE3030076
S214018CB037B50B4D0C462B787BB100230A46019342
S214018CC0014601AB281D1AF086F820B9019BA34284
S214018CD018BF6FF0930003B030BD6FF08800FAE75D
S214018CE05C1800202DE9F04F9B460023924601F0C8
S214018CF0FE4297B0B2F1806F0E46DDE92078DDF8CE
S214018D008890089305D018461BF035FE6FF0860450
S214018D103CE00B464FF4807208A9FFF7E9FE0446D3
S214018D2018B108981BF027FE30E0DDF820C00DAC26
S214018D306546CDE914000FCD0FC495E80700BCF8D1
S214018D40003084E8070003F4E042B2F5005F20D16A
S214018D5013F4E06FC3F302211BD0384826F4807267
S214018D6082420AD000F50070864206D03448864218
S214018D7003D0A0F53F4082420BD101258D40102D36
S214018D8012D960461BF0F7FD6FF0830426460025D6
S214018D9048E042F20402934202D12A4B9E420BD093
S214018DA0294B9E4244D10D25A84507D260461BF0AB
S214018DB0E2FD6FF08904E9E70C25F5E7294609A8E5
S214018DC0FFF776FF04460028ABD10898D0E90912D0
S214018DD087B307EB050C0E9CA8EB0503240A93D179
S214018DE00DF12408CDE90539CDE903BC3346CDE9BB
S214018DF0015ACDF800800DA81AF0F7F9044614F1CF
S214018E00860F08988ED01BF0B6FD0646002CBDD105
S214018E1090B925B12A464146384623F0D3FDD9F804
S214018E2000301D443046C9F8005017B0BDE8F08F39
S214018E300025CAE7BC46CEE70446A7E70010C004F3
S214018E4000FF4004000180040013C00408B500F0D0
S214018E505FF8064B5A7812B10022C3E90122BDE839
S214018E6008400C210148FFF71BBD00BF5C1800201D
S214018E7070B50C4D2B7873B919F0A4FF044668B988
S214018E8002230126C5E90100AE706B7000F038F8C8
S214018E90044618B92E700024204670BDFFF7D6FF91
S214018EA0FAE700BF5C18002000F100420332022AF4
S214018EB038B504460D4609D82C21104B01FB023368
S214018EC09A68824211D06FF08B0010E001211BF0EE
S214018ED004FD78B1094B9A68944206D05A6B9442C5
S214018EE006D01A6E9442EED1583300202B6038BD5E
S214018EF02C33FAE76FF08700F9E700BF6818002007
S214018F000122024B002083F8842070476818002055
S214018F1070B5094C00252646042120461BF0EEFCC0
S214018F20013520461BF08CF8032D04F12C04F3D1F7
S214018F30002386F8843070BD68180020F8B51B4CF5
S214018F40064694F884300F464BB30025234629463F
S214018F5093F820001A46B8B125B91A7912B1022839
S214018F6008BF1D460131032903F12C03F0D115B9C1
S214018F706FF08C0015E0042128461BF0BFFC68B991
S214018F8028461BF05DF82A460020094B141BA41046
S214018F905C4304F10044033C34603A60F8BD6FF072
S214018FA0880000233B603360F8E700BF68180020A4
S214018FB0A38B2EBA2DE9FF4100230B60394B804667
S214018FC093F884300D461646002B68D0FFF76CFFE9
S214018FD00446A0B92EB9286804B0BDE8F0411BF0DC
S214018FE0B7BC012E04D00024204604B0BDE8F081B1
S214018FF00521286804B0BDE8F0411BF07FBC10F1E4
S2140190008C0FF1D1294601A8FFF798FF04460028E6
S214019010EAD101232F68CDE90200C7F80880384657
S2140190207B6003AA02A91BF051FD044688B1DDE965
S21401903002011BF049FD2D68042128461BF05EFC49
S21401904028461AF0FDFF14F18C0F08BF6FF0870455
S214019050CAE7DDE9021238461AF07DFF0446DDE96B
S21401906002011BF031FD002CE5D1022138461BF030
S21401907045FC04460028DED12868C368D90444BFED
S21401908043F48063C360C3689A0444BF43F4006337
S214019090C360002EA0D0012EA5D10521AAE76FF04E
S2140190A08804A1E76818002030B40D4D2C681C60B8
S2140190B06C685C6000249C605468DC6014881C82C8
S2140190C054885C82D4685C6114699C61526930BCC6
S2140190D0DA6119620A46014603F1240023F072BCE4
S2140190E02CE303002DE9F843232904460F46914655
S2140190F09846089E04D86FF098052846BDE8F88380
S2140191000822194923F0FFFB05460028F3D1A3687E
S214019110002BF0D1216A243F8F42C8F80010EAD311
S214019120B1F5005FE7D271B9C9F80000E368736072
S214019130238A3380638A73806369F360A36933612A
S214019140E3697361D9E701201AF045FCC9F800000C
S21401915030B1D8F8002004F1240123F033FCE5E710
S2140191606FF08C05C9E700BF2CE30300F7B5054691
S2140191706B461646174A0C461068516803C395F8A5
S2140191802A3008336B4413F8087CB5F84830DA0601
S21401919009D433462246394628461BF023FD00F5FE
S2140191A0FA7003B0F0BD204623F0EEFFB5F8483064
S2140191B000F10A049B074FEAC40405D0304623F0A9
S2140191C0E3FF04F50C740444E823781E584304FBBB
S2140191D00700E4E734E303009422144B10B51C683F
S2140191E0002102FB0044204623F0B7FB104B04F19C
S2140191F008001B680021DB7863761CF033FE4FF015
S21401920008236362072384F82A30236A094A43F055
S21401921013032362084B2046A364084BC4E91D329E
S214019220C4E92132BDE810401BF00BBDF018002048
S214019230C41A0020555555001300FFFFD6BE898E6F
S214019240F0B5104B02461E6893F804C035464FF041
S214019250FF3400239C4508DC91B1631C10D0942395
S21401926003FB046080F84A20F0BD95F84A70284652
S2140192709742F9D0FF2F08BF1C4694350133E9E722
S2140192800020F1E7F018002070B50446234D0028B1
S21401929042D0083001F040FE0026FF2304F13000E2
S2140192A084F84A30E66123F003FF04F1340023F02A
S2140192B0FFFE04F1380023F0FBFE04F13C0023F02E
S2140192C0F7FE04F1540023F0F3FE2868144B201A2D
S2140192D080105843C0B21BF07CFC014630461BF0A0
S2140192E071FC606C10B100F037FF6664A06E18B1B7
S2140192F01BF082FC0023A366E06E1BF079FC0023C2
S214019300E36670BD286806FB0400FFF7BDFF013465
S2140193102B79A342F6DCF4E79426F9E7F01800204F
S214019320AD1B4C91F7B504461EF030FAC0F30F237F
S214019330542B3ED9AA2B34BF01230223C0B27E2868
S2140193408CBF0222012203218DF804301344B3FBA3
S214019350F1F000EB40001B1A8DF805301344B3FB07
S214019360F1F202EB42029B1A8DF8063000231846F2
S2140193701D461A46104901AF4B7517F8016B44FAA2
S21401938006FC1CF0010F06D053009E40012330431B
S2140193900132C0B2D2B20135EDB2032DEDD103B127
S2140193A048754B7D43EA82134B75FF230B7503B05B
S2140193B0F0BD0023C2E700BFF0180020064B1B6873
S2140193C0D97ADA78437E5B1A9342A8BFDAB20021D3
S2140193D042761BF072BC00BFC41A0020B0F864309D
S2140193E02BB9836813F4601F08BFA0F8643011B16D
S2140193F0012913D070474369417E23F0100343616E
S214019400084B1A68D37A92780B449342D8BFDAB2E3
S214019410C369427623B101211BF04FBCFFF7CEBFD3
S214019420704700BFC41A00202DE9F0410025354ED3
S2140194308AB03379AB4203DC01200AB0BDE8F08183
S2140194409423346803FB054494F84A30FF2B0DD06F
S214019450236A980106D504F15408404623F08CFE91
S214019460074628B9226A12F0A06F1ED10135E0E73F
S214019470BB7908A90C333B44D8689A7A1B8AC2F395
S2140194808012ADF8243000238DF81F2008901A466C
S2140194900DF11F001BF0B7FB38469DF81F2094F80E
S2140194A04A1008AB1CF066FDD7E7B4F848301D2B10
S2140194B018D13C23FF210020CDE90431CDE902007B
S2140194C00121CDE9000004F15B03C2F380221DF007
S2140194D04DF80028B1D04FF0A06104F120001BF038
S2140194E04FFBC3E712F0807F08BF3C214FF000021C
S2140194F018BF432194F8293094F84A001CF0DCFE8A
S214019500E7E700BFF01800202DE9F0411F46C369C8
S21401951004460D4616468BB169B918F0F3FF0646A8
S2140195202946E06E1BF060FB204629461BF0AEFB89
S214019530304618F0EDFF0020BDE8F0810029FAD092
S214019540036A03F01203022B00F0BC80236ADD07D6
S21401955000F1C08094F84A30FE2B0CD104F14C0087
S21401956002F002F801F0F8FF28B14FF4800104F18F
S21401957020001BF0FDFA256A624B2B40B3F5807F75
S21401958000F0BB80A80531D5C5F3802504F15B0842
S2140195900022414628461BF03EFB002184F84B0082
S2140195A01BF04CFB4146002228461BF039FBB4F861
S2140195B0481020B194F94B00002880F297804FF4B0
S2140195C0007104F120001BF0DBFAB4F8482002F029
S2140195D00302012A0AD1414628461BF021FB28B185
S2140195E04FF4006104F120001BF0C2FA236AD90689
S2140195F000F18180D4E90C122046FFF7B7FD012F58
S2140196000ED040F27123A28C5A43904208D9E28CC4
S2140196105A43904273D800F51C70B0FBF3F0A08457
S214019620394BE361002384F82930236AE168B4F8F2
S214019630645023F4803284F82870226221613DB997
S21401964013F0100F0CBFC8253C25257605F2B3157F
S2140196504EB140F27121E38C42F48032C3EB061323
S2140196604B432262E362236A43F400232362274BBF
S2140196701B68DB78637618F045FF6369074643F09D
S214019680100304F10800294663611CF0EBFB01207E
S21401969003F0E2FC28B963691A075CBF43F00403D0
S2140196A0636126B11EF0AEF8E36A0344E362204626
S2140196B003F0DCFC384618F02BFF0121E06E1BF0AE
S2140196C093FA38E7406B23F05FFD00287FF43EAF46
S2140196D00C2031E7636C002B7FF43CAF00F0E6FC16
S2140196E0606400287FF436AF092025E701F0010108
S2140196F01BF0A4FA69E7064B93E712201CE7452006
S2140197001AE700BF00014000A94B0300C41A00205D
S2140197101198010070B500249426094D2B79A342B7
S21401972000DC70BD286806FB040090F84A30FF2B69
S21401973004D000231A461946FFF7E6FE0134EDE78A
S214019740F01800202DE9F04304468F798BB00C37D2
S2140197500DF10409CD1901220E460DF1030049460B
S2140197601BF066FA636C8046039300236364236AE6
S214019770E879C3F300138DF825302989F75903F0EA
S21401978003FE224B07441B6805975B7905F1180217
S2140197906376012306928DF8103005F10C03B8F1BB
S2140197A0000F28D09DF80330CDF81C908DF820309E
S2140197B09DF8252094F84A308DF821300123FAB916
S2140197C08DF8223094F8933003F00F038DF8233090
S2140197D06B7903A88DF8243000F07CFD1DF0C5FFE1
S2140197E0012120461BF052FA304618F03DF90120BF
S2140197F00BB0BDE8F0830793AB7AC3F38013D5E7CC
S214019800AA7AC2F340128DF82220DFE7C41A00209C
S214019810012810B50C461ED0022824D040BB0846AD
S2140198201BF05DFC40F27121A38CE28C94F82A00B7
S214019830D21AE36803F59C53083301FB0233236114
S214019840FFF770FD0B4B20469968236BBDE810406F
S2140198500B6003F09BBE03F06DFD844208D1BDE8AA
S21401986010401DF082BF0846BDE81040FFF7A6BDB8
S21401987010BD00BFF018002038B50A4D0020FFF7D4
S21401988003FDAB6813B100221A60DA801CF0F4FB0A
S21401989000242B79A34200DC38BD2046FFF79CFC50
S2140198A00134F6E7F018002070B52B4C0546A06889
S2140198B018B118F0D9F80023A360FFF7DDFF0020E8
S2140198C01BF08BF955B9032025712560E58218F048
S2140198D03BF820791BF081F928B970BD022023F0EE
S2140198E07AFDA06048B90025A0682571256070BB87
S2140198F000201BF072F90720EFE7002603202571F0
S2140199002660E68218F020F8B542E2DD05EBC501D7
S21401991005EB8101890033460122032089B217F045
S214019920CFFF06460028DED1032018F02FF820606E
S2140199300028D8D0942231466A4323F00EF82379C2
S214019940B342C6DD3046FFF747FC0136F7E718F0AD
S2140199508BF8A560CCE700BFF018002006222DE9A1
S214019960F341354B06469C688846A5790C35635D00
S214019970671903F04F036355B0F848307A70103B0F
S2140199800D2B31D8DFE803F055305107300C30305D
S21401999030303030300C635D6FF30303635523E0E2
S2140199A00123625D006A63F3030262550C2210F420
S2140199B0006F7A7006F15B0107F108020CD0019284
S2140199C04FF0FF32C0F3802000921A461BF026F9B2
S2140199D0635D43F08003E1E7D6F85B30BB608B88BC
S2140199E09380336A5B05F3D4B6F84820635D30464E
S2140199F062F345136355B91C1BF027FC635D60F3E6
S214019A0086136355A3797A7802331344E371B6F863
S214019A10483003F01403142B04D0B8F1000FC4BF70
S214019A2042447A7002B0BDE8F081635D62F30303DD
S214019A30B4E70222635DF9E7F01800202DE9F04350
S214019A408B7906460C33CC18237985B0DA0737D5DF
S214019A50E77A252F34D8484B9A6893790C33D11876
S214019A60D35CA27AC3F38013B3EBD21F28D1056A65
S214019A700622EB064CBF0231043104F1120022F03B
S214019A8042FFE8B994F80A901BF0CCF805F4C045FB
S214019A9080F001032A1EC9F3801904F10C0841461F
S214019AA018BF01224846DBB21DF0CAFE014650B17E
S214019AB0A37A03F00F03032B1BD1336A980712D442
S214019AC04FF0FF3012E01BF0B5F80028F8D1A37A6A
S214019AD003F00F03002DEED0032B85F4C0451CD1F7
S214019AE0A904EDD5E9E70C2FEAD1032005B0BDE8BE
S214019AF0F083052BE4D1306AC207E1D500F01403E8
S214019B00142B0FD0012202A90DF107001BF090F8CB
S214019B1008BBA17AC1F3801121E0052BD0D16B04DB
S214019B20E9D4CDE706F15B052946C0F380201BF09A
S214019B306EF80028E6D1A27A336AC2F38012C3F324
S214019B4080239A42BCD106222946404622F0DBFEFB
S214019B500028B5D1D6E79DF807100DF10808404654
S214019B6000F042FB0028ABD104F118001BF0F0FA1C
S214019B700028A5D00520B9E7F018002030B5174B0E
S214019B80826A1B681206597926D5028F1C79436BA7
S214019B901203B2FBF3F2631AB2FBF3F2B0F89C3095
S214019BA003B1013BD0F8A05005B15B101B02B3FB1B
S214019BB0F2F35B180CD090F895200F2A08D91209F9
S214019BC0B3EB820FB8BF00234FEA8201A8BF5B1A2E
S214019BD09C42A8BF1C46E1B2417630BDC41A0020A3
S214019BE0084B9A7E82420AD94FF4A4721B6802FB84
S214019BF00030836A13F0100F08BF00207047002062
S214019C00704700BF08190020084A09491368C31A9B
S214019C10D810002B01FB00F005DB937E8342D8BFF2
S214019C204FF0FF3070474FF0FF30704708190020A3
S214019C30199C8FC170B504460E4618F063FC314678
S214019C40054604F130001BF028FB2046FFF7DCFF39
S214019C500121814005481BF020FB4FF4807006F07F
S214019C6035FC2846BDE8704018F052BC2C1900207F
S214019C70F329F8B504460D46724E25D1338D63B9E6
S214019C80A36813F4601F00F0BA80238F626B1B0178
S214019C90B3FBF2F3F32D9FB22DD120461BF0A1FBAF
S214019CA0B4F89C70002F40F0B380A36A13F0800FC5
S214019CB00CBF3E23082384F877302046FFF75EFF6B
S214019CC0F32D36D1012057E07369590640F18F8094
S214019CD0836A1A0740F18B80336900F140014360C3
S214019CE01CF01FFE338D002BCAD0238F626B1B0125
S214019CF0B3FBF2F39FB2618FB4F89C209BB25B1A60
S214019D009A427EDC736994F836019B074CBF0021AA
S214019D1002211DF0E5FD40F2022372699343BCD196
S214019D202046A4F89C701BF05DFB2046FFF726FF3B
S214019D300127A36A1807C5D5628F002AC2D013F47B
S214019D40C05FBFD1726912F00C0FBBD140F2022383
S214019D509343B7D1D4F8A430002BB3D12046A18FBA
S214019D601CF08EFF002855DD638F0133984251DCCD
S214019D700128A7D0013880B2236BA4F87C005904CF
S214019D8009D54FF4804104F130001BF08EFA002112
S214019D902046FFF74FFFB4F87C20A38F94F870108D
S214019DA01344A387B4F89C309B1AA4F89C3094F80B
S214019DB06F3002FB01332522B3FBF2F102FB1133B4
S214019DC084F86F304FBBA36A1A0702D41E4B1B6878
S214019DD09847204608211CF00DFE20460221FFF779
S214019DE029FF2046BDE8F840012103F08DB9318DE9
S214019DF0238F626B00293FF443AF1B0178E733855D
S214019E0043E7737F002B86D0032194F8360180E761
S214019E10012752E7608F0130ADE720461AF0CBFEEE
S214019E202046A18F1CF0B6FDA36A05461B0702D487
S214019E30054B1B689847002DCBD02046BDE8F8405F
S214019E401BF052BB081900203C1900200022074BCA
S214019E5010B55A77202204465A611BF06AFA84F834
S214019E60360120461BF09DFB10BD00BF08190020DF
S214019E70012810B50C462AD0022830D000283DD142
S214019E8091F8953060F3071381F895300846FFF78F
S214019E90DDFFA36A20461B0716D503F00DFD04203F
S214019EA001F0F8FB50B3164A937F3BB3D37F0133DF
S214019EB0DBB2D37792F821209A421FD8BDE8104032
S214019EC04FF0806006F002BB03F0CAFEE7E703F03E
S214019ED031FA844212D1BDE8104003F0E1BC91F89A
S214019EE095302046C3F30312013262F3071381F85B
S214019EF09530BDE81040F321FFF7BABE10BD00BF94
S214019F000819002010B501F025FCFB22114B10F0BA
S214019F10020F1A770CBF012203224107197E48BFA0
S214019F2042F0040262F3030119761A7EC2F30301BA
S214019F3061F307121A764FF4417100221984DA761A
S214019F40DA835A621A611A85034BBDE810401B6812
S214019F50184700BF08190020341900202DE9F843DE
S214019F604B4C0546A06818B117F07EFD0023A36090
S214019F70022017F0E9FC5FFA85F800201AF02BFEA4
S214019F8040461BF0F5F90646002868D140461BF00E
S214019F90FAF90746002862D1002D75D005EB850138
S214019FA005EBC101C90033460122022089B217F030
S214019FB087FC002850D14FF4A479022084F81A8037
S214019FC017F0E4FC09FB05F731463A46206022F01B
S214019FD0C4FC32462368681E03EB0901824233DB68
S214019FE0002DA7F5A4724FF00001D8BF00229950AA
S214019FF0284663601AF0EFFD88BB40461BF0A7F9C0
S21401A00068BB40461BF0ACF9074640BB002D16DD89
S21401A010022023F0E0F90223A060C3718379394658
S21401A020C3F102020C33D2B2184422F096FC01218D
S21401A030A3689A7913441A7B61F301021A73FFF736
S21401A04061FF3046BDE8F88309FB02FC013243F8A4
S21401A0500C1001F5A471C1E7C4E90077A7760025C5
S21401A06000201BF085F900201BF08DF92846C4E975
S21401A0700055A5761BF06BF928461AF0ACFD0220B8
S21401A08017F062FC0726DCE72B46A5762560AFE7CE
S21401A09008190020014B987E704700BF0819002060
S21401A0A0014BD87E704700BF08190020F8B5284D2F
S21401A0B018F028FA6C681CB918F02AFA2046F8BD80
S21401A0C04FF4A476012723686B60EB7E0133EB76B1
S21401A0D018F01EFA32460021204622F03EFC04F11A
S21401A0E02800402167611BF0D8F82B8B0722A4F8C3
S21401A0F0443194F83731002167F3030384F837318C
S21401A1004FF6FF73A4F87A302B7FA4F8866084F8A4
S21401A110423144F29023A4F8403194F8853004F19A
S21401A120080062F3030384F885300A4BC4F88830CC
S21401A13003F1CE5303F59813C4F88C3041F61B3364
S21401A140A4F890301B2384F892301BF08BFEB5E701
S21401A1500819002048014801F8B5044600261CF0FD
S21401A160F8FD04F1A40022F0A3FF04F1A80022F0F8
S21401A1709FFF04F1AC0022F09BFF04F1080000F001
S21401A180CBFE04F1A00022F093FF154B20461B687E
S21401A19098472046C4E90A66FFF736FDC5B2284649
S21401A1A01AF011FD074628461AF00FFD01463846FB
S21401A1B01AF008FD18F0A6F905464FF4A4723146C8
S21401A1C0204622F0CAFB074B28465A682260DA7EF0
S21401A1D05C60013ADA76BDE8F84018F099B900BF3C
S21401A1E038190020081900202DE9F04106464FF4E1
S21401A1F080400F4601F04EFA044630B90E4B1D68FA
S21401A20093F81A807135A04502D80020BDE8F08188
S21401A21055F8493CDA0609D5C3F38003BB4205D19C
S21401A22006222946304622F06EFB18B1013405F5A8
S21401A230A475E8E70B20E9E70819002008B5B0F88F
S21401A24094305A1C62F30B03A0F89430042001F0FA
S21401A25021FA70B1074A937F0133DBB2937792F804
S21401A26020209A4205D8BDE808404FF0806006F0ED
S21401A2702DB908BD0819002038B58B7905460B4461
S21401A2809B7D0C4603F00303032B09D101212C30DF
S21401A2901BF003F84FF4006105F128001AF0FDFFEA
S21401A2A021460548A56022F0D1FFBDE838404FF0B1
S21401A2B0005006F00BB900BF14190020014B1877A7
S21401A2C0704700BF08190020014B187F704700BF78
S21401A2D0081900202DE9F04FD0E9027590F9181001
S21401A2E087B00291417E046890F80480D0F810A0EF
S21401A2F0037D427D90F816B090F81790002940F043
S21401A300ED80A9F1030101298CBF022603260393E0
S21401A3102B8984F89B202A4652F8101BBBF10000BB
S21401A32018BF0120C4F8281104F14401019304F078
S21401A330A5FF20461CF057FB20461BF026F81DF013
S21401A340D5FA4946024620461BF019F8C82220468F
S21401A3500DF11601ADF816201BF004F847F6FF7252
S21401A360A4F83021AA88039BA4F82C21AA7984F8A2
S21401A3702E21DAF80020C4F87120BAF8042004F17E
S21401A380280AA4F875201BB1042150461AF085FF4F
S21401A390BBF1000F04D04FF4005150461AF07DFF78
S21401A3A04FF4607001F076F9C0F3C0134FEA831BD7
S21401A3B0C30548BF4BF0800B810548BF4BF4807B3B
S21401A3C018F0A0F84FF48261039050461AF065FF2A
S21401A3D0594604F12C001AF060FF039818F098F81B
S21401A3E0A8F10203012B7BD84FF4002150461AF046
S21401A3F054FF01212046FFF71DFC042120461CF0D6
S21401A400F9FA6B7D2046C3F3040384F870306A8939
S21401A41052006263697B2A7B42EA01226287E97BFA
S21401A420AA7B42EA012222876A7D84F86F30C2F352
S21401A430421284F83E2000220523A2870122A4F8B6
S21401A4409C30A4F87C2002991AF0A4FF01F07CF954
S21401A45020F40060C4E908012046FFF78FFB3D4960
S21401A4603D4AB1F828B008F0FD03BBF1000F6CD1EE
S21401A470002B3BD140F2C71B6760E26120460F61AB
S21401A4801AF01CFFB9F1010FE0600AD094F83731D9
S21401A490204669F3030384F8373109F00F011BF0F6
S21401A4A0F8F804F1080059461BF0DCFC012002F024
S21401A4B0D3FD28B963691A075CBF43F004036361DF
S21401A4C040F271216B892046013B59431AF015FF72
S21401A4D0204602F0CBFD07B0BDE8F08F012616E757
S21401A4E0B8F1010F85D140F2014183E74FF4D77BE4
S21401A4F0E26140F27128019B760006EB430608FBF9
S21401A50006F6374440F608015046676004F14007F6
S21401A5101AF0C3FE394620461CF003FA3346394684
S21401A520204604F1340201F023F9EB7901225B00A5
S21401A5303946204608FB03F31CF0F9F9236C204644
S21401A5409E081AF0BBFE30449CE76760E261002B70
S21401A550CFD193E708190020719E010070B51D4602
S21401A560C36A04461B07164613D408212C3025F46B
S21401A57010551AF092FE25F01005064B2D043340B7
S21401A5802D0C2046C4E90835BDE870404021FFF790
S21401A59051BB70BD2FCF87F72DE9F04F85B004462C
S21401A5A00191084689B34B799A071FD422F0ECFD36
S21401A5B0019D70B96B79DB0705D54FF4803104F145
S21401A5C028001AF06AFE01A822F072FD05B0BDE867
S21401A5D0F08FA36ADF0309D54FF4803104F1280018
S21401A5E01AF063FE6B7943F001036B71019E17F05D
S21401A5F089FF737931469E0705461ED504F1AC00E6
S21401A60022F033FE284617F083FFDFF8909117F00B
S21401A61079FFA36A0746DD0514D5D4F8AC3043B1FB
S21401A6209A7913441B7B3A2B03D829FA03F3D807EC
S21401A63011D4384617F06CFFC8E704F1A80022F0E1
S21401A64005FEDFE794F94631022BF2DCD4E92A2332
S21401A65072B9002BEDD004F1AC0022F047FD05469F
S21401A660384617F055FF294620461BF0C0F9CEE7BD
S21401A670002BF0D194F89280039304F1A80BD4F840
S21401A680A86096F807A0B379AAEB030A5FFA8AFADC
S21401A690C24527DC584622F06FFD0546A8EB0A089E
S21401A6A06B7929466FF3C3036B7103A822F0CEFDC5
S21401A6B0D4F8A8302BB15B79990702D1B8F1000F15
S21401A6C0DDD1039B002BB4D09B79022B40D8002010
S21401A6D022F081FE014670BB039904F1A80022F026
S21401A6E0C4FDA6E7002022F076FE054630B90399A0
S21401A6F004F1A80022F0B9FD03959AE78079B179B3
S21401A7000C300C3142463144284422F05BF9EB7997
S21401A71053FA88F3EB71B379727953FA88F3B3710C
S21401A7206B794FF0000862F300036B7173796FF376
S21401A73000037371B4E7039B4A79587960F300020A
S21401A7404A715A7903A86FF300025A7122F088FD04
S21401A750E36A9A0512D50398034600680028FBD1E0
S21401A760DB79C3F14503DBB2032B07D822F033FEB6
S21401A77001460028B0D003A822F068FDD4F8A8301E
S21401A78013B15B79DB0704D5039A537943F00803C9
S21401A7905371384617F0BCFE039965E77C2C02001E
S21401A7A070B5036B0446DA0786B033D5866A33077D
S21401A7B023D516F4002F14BF032501252046FFF7E5
S21401A7C023FA94F89B30294605930023049394F8C2
S21401A7D03E30C6F380020393238F80B20293638FC9
S21401A7E00193636BC3F34F03009304F171031BF0F2
S21401A7F0BDFE30B9002006B070BDB50C05F00205EF
S21401A800DCE7012104F130001AF04FFD4FF400514E
S21401A8101AF043FD236B980410D52046FFF7F4F990
S21401A820A16AC0B2C1F340311BF0BDFB0028E1D0E4
S21401A8304FF4005104F130001AF037FD236BD904B0
S21401A84009D500212046FFF7A7FE4FF4805104F1F9
S21401A85030001AF02AFD236B5A0512D52046FFF761
S21401A860D3F9002394F89B50C2B2194628461BF030
S21401A87023FD0028BED04FF4806104F130001AF0A9
S21401A88014FD236B5B0711D52046FFF7BDF9616BFD
S21401A890238F628FC1F34F0180B21BF047FE002861
S21401A8A0A8D0042104F130001AF0FFFC236B1E0728
S21401A8B009D520461CF034FC00289BD0082104F161
S21401A8C030001AF0F2FC236BDD0618D52046FFF7A0
S21401A8D09BF9E16A80B211F4805100F0C580002135
S21401A8E01BF0B9FE002885D04FF4805104F12C00EE
S21401A8F01AF0DBFC102104F130001AF0D6FC236BB1
S21401A900580615D52046FFF77FF994F8773080B2C0
S21401A9100093D4E908231BF081FE00283FF46AAFB8
S21401A9200023402184F8773004F130001AF0BDFC92
S21401A930236B190516D52046FFF766F90023009309
S21401A940B4F89830B4F8962094F89A1080B21BF0B8
S21401A950DDFA00283FF44EAF4FF4006104F13000F9
S21401A9601AF0A3FC236B13F4804532D19A0516D551
S21401A9702046FFF749F994F8371194F8772001F04B
S21401A9800F0180B200F046FD00283FF433AF4FF4CC
S21401A990007184F8775004F130001AF086FC236BBE
S21401A9A01B0616D52046FFF72FF9B4F88C3080B277
S21401A9B0009394F89130B4F88A2094F890101BF024
S21401A9C07CFE00283FF416AF802104F130001AF017
S21401A9D06CFC236B9E0612D52046FFF715F994F8FA
S21401A9E0771080B21BF04EFE00283FF403AF002321
S21401A9F0202184F8773004F130001AF056FC236BDE
S21401AA00DD0508D504F130004FF480711AF04DFCD5
S21401AA1020461CF0B8F9236B180408D504F1300061
S21401AA204FF400411AF041FC20461AF02EFE236B2B
S21401AA30D90308D504F130004FF480311AF035FC03
S21401AA4020461AF097FC236B9A0308D504F13000D0
S21401AA504FF400311AF029FC20461AF099FC236BBA
S21401AA609B0704D40120C6E61BF00CFE3AE7002241
S21401AA70204611461AF08AFC20461AF089FC204628
S21401AA80FFF7C2F894F8771080B21BF0B1FE0028E9
S21401AA903FF4B0AE022104F130001AF006FC204665
S21401AAA0FFF75AFB014B1B689847DBE73419002078
S21401AAB0F8B50023124A02F1240151E8004F41E89B
S21401AAC00035002DF7D1012734B9BDB10D4829460F
S21401AAD01AF0E3FB2046F8BD94FAA4F0B0FA80F031
S21401AAE007FA00F624EA0604FFF77AF80028EBD006
S21401AAF0FFF756FE0028E7D13543E5E70120EAE7F0
S21401AB00081900202C1900202DE9F74F0446019062
S21401AB10002860D0C5794FF000080C35054417F0C1
S21401AB20F1FC464600904FF4A47A40462B4FBA7E7D
S21401AB305FFA88F94A4517D90AFB09FB3A685A446D
S21401AB40916ACB0644D5B2F89420C2F30B02002AD0
S21401AB503ED0E279C2F14502D2B2032A15D80220CC
S21401AB6022F039FC044640B900230098FB8317F015
S21401AB70CFFC304603B0BDE8F08F014601A822F0B5
S21401AB8065FB0020E5790C352544042201230021CC
S21401AB9012FB003305F82090E9543B6802FB005C89
S21401ABA05B44B3F8943001368CF80230032312FB71
S21401ABB00032A9543B6801305B44B3F89420C0B21C
S21401ABC061F30B02A3F89420E379F6B20433E37140
S21401ABD008F10108ABE70646CBE700BF08190020DD
S21401ABE0F7B5684604F03EFB00254FF4A477124EF5
S21401ABF0B37EAB4201DC03B0F0BD346807FB05440D
S21401AC00A36A03F01803102B13D10522694604F139
S21401AC10450021F078FE60B1012120461CF0D4F8F1
S21401AC2038B9012022F0D7FB014610B1204601F0C9
S21401AC3079F90135DCE700BF081900202DE9F74F47
S21401AC4017F060FC424BDA6800920022DA6017F0D7
S21401AC505FFC009B13B903B0BDE8F08F684622F095
S21401AC6045FA8279876802F10C0404440146019092
S21401AC70A07A0A3210F0200F14BF032002200244EB
S21401AC808A71FA6A52050FD5E07AA27A42EA002260
S21401AC9038461BF09AF838B901A822F009FA3D2186
S21401ACA038461AF084FFD4E7BA6A94F80AB012F468
S21401ACB0007201990BF0030013D003288A79EBD1B7
S21401ACC00A44127B3A2AE7D8224B23FA02F2D30728
S21401ACD0E2D54A79384642F002024A7100F020FE77
S21401ACE0B7E70328F5D048790BF0030B62F3410070
S21401ACF04871084694F8069094F905A022F044FAA3
S21401AD00019D0646AC793846063CE4B2AC71FEF7C6
S21401AD107BFF0C34C0F3032305EB040843EA0B1353
S21401AD2088F803302B46F6B288F80200A8F80460CB
S21401AD3005F804A088F801905A796FF341025A7118
S21401AD401B68002BF8D128461BF044F981E700BFA9
S21401AD50081900207C2C0200002370B50D46D1682E
S21401AD608AB009BA0291C178C66861F3070381788F
S21401AD7036BA61F30F23417806AC61F31743916845
S21401AD80069609BA0391816809BA07915168126853
S21401AD9009BA12BA049105920178426861F31F63F9
S21401ADA012BACDE9082323468022012002A9009485
S21401ADB017F06CFF0028F6D1DDE90810DDE9063250
S21401ADC000BA09BA12BA1BBA28606960AA60EB60B9
S21401ADD00AB070BDF8B504460026084F0CB90748FE
S21401ADE0F8BDA179E579B8196D1AEDB20C31214497
S21401ADF02A4621F0E7FD2E442468EFE74419002097
S21401AE00F8B504460026084F04B9F8BDA079E579DF
S21401AE10B9192D1AEDB20C3020442A4621F0D2FD84
S21401AE202E442468F0E700BF44190020104B1A781E
S21401AE3042F0F0021A701A7C42F0F0021A7493F88B
S21401AE40202042F0F00283F8202093F8302042F0D0
S21401AE50F00283F8302093F8402042F0F00283F8A5
S21401AE60402093F8502042F0F00283F850207047BB
S21401AE70541A00200368054A23F07F6323F4002355
S21401AE8002EAC14213430360704700BF0000F80F97
S21401AE90F8B54488054604F00704072C1C4E28D153
S21401AEA017F030FB00221101735C06EB02171B0939
S21401AEB00F2B0AD00132062AF5D1164A1388013320
S21401AEC0138017F025FB1920F8BD2B6894B27B8000
S21401AED01123735417F01CFB1CF094FC06EB0413AF
S21401AEE0D8602B68002023F4E02343EA04432B6058
S21401AEF0EAE72301F15CC1F30312013202F00F020B
S21401AF00052A28BF002262F30711F154E4E700BFC7
S21401AF10541A00209E25002038B54488054604F0C2
S21401AF200704072C0FD017F0EDFA074A2401135D2A
S21401AF3043F0F00313552B6843F4E0232B60BDE880
S21401AF40384017F0E5BA38BD541A00202DE9F0470D
S21401AF504588074605F00705072D894637D01D4C5D
S21401AF604FEA051814F808601CF04CFC04EB051AAF
S21401AF70DAF80C30360906EBC506C01A04EB4606AD
S21401AF80708014F8083003F00F02042A9EBF0132C5
S21401AF9062F3030304F80830B9F1030F14D114F86F
S21401AFA0081004EB0514A01C01F00F011CF0F6FAC2
S21401AFB0044617F0A7FA3A68074B134023433B6051
S21401AFC0BDE8F04717F0A4BA4FF6FF74F1E7BDE805
S21401AFD0F08700BF541A00200000FF7F064A08B51C
S21401AFE09268824207D0427922F0030242F00302BD
S21401AFF0427105F0C5FA08BDB41A002010B5064C1A
S21401B000204622F055F8201D22F052F804F10800DF
S21401B010BDE8104022F04CB8B41A002010B502204A
S21401B02022F0D9F9034C6060022022F0D4F9A06026
S21401B03010BD00BFB41A002008B5FFF7DFFF0022DD
S21401B040024BDA60BDE80840FFF7E8BFB41A0020FB
S21401B050014B5868704700BFB41A0020014B98682E
S21401B060704700BFB41A002038B50C4CE3681BB11A
S21401B070E36898470023E36023686BB1074822F032
S21401B08035F8054640B123681BB14FF0004005F086
S21401B0901DFA28461BF0C5FB38BD00BFB41A0020B8
S21401B0A010B5084CE0604FF0004005F00FFA00BF05
S21401B0B000BF00BF00BFE3681BB1E36898470023E9
S21401B0C0E36010BDB41A002038B583790446034402
S21401B0D05B7B13F0300F437923F0030308BF43F083
S21401B0E00103437117F00EFA05462146054822F082
S21401B0F0ADF84FF0004005F0E9F92846BDE83840C4
S21401B10017F006BAB41A002073B5164D6C68A37909
S21401B1100C331C4400F01EFBB4F80920B4F80710E9
S21401B1208A421DD8032A1BD9032919D96679BEB1CB
S21401B130C04360F00500304212D1E378A079019651
S21401B1402479009401F03AFB00280CBF0C2200225F
S21401B15042F24101A86802B0BDE870401AF0CEBEC6
S21401B1601122F5E7B41A002010B50D4C62689379E8
S21401B1700C331A441179D078003918BF01210038F0
S21401B180B2F8073018BF0120B2F8052001F078FCAC
S21401B19042F242010246A068BDE810401AF0AEBE77
S21401B1A0B41A002010B5084C6068837918440F3033
S21401B1B000F09EF90023A0681A46BDE810404FF63D
S21401B1C028411AF059BE00BFB41A0020242816D808
S21401B1D00F2805D802280CD8B0FA80F0400970472D
S21401B1E0084B103880B2C34003F0010383F001001E
S21401B1F070470538012894BF0020012070470120C0
S21401B200704700BF2D2011002DE9F04F95B0FFF7D4
S21401B2101FFF42F23603867905460C3630F8068063
S21401B220841998450ED1FFF713FF022121F017FF6D
S21401B2307F22A3780233A370AA5500232022237706
S21401B240627063770121E078FDF7FAFF0023064676
S21401B250002800F0D780CDE91233237AE2888DF8F2
S21401B2604A30E37AADF848208DF84E30A388B4F81A
S21401B270092013F01000ADF84C2003F0050306D0AA
S21401B28093B1E37D012B51D00025122614E07BB348
S21401B290E37D657E012B37D16B1EDBB2022B09D80D
S21401B2A000F058FA012338E04FF48043DDE912122A
S21401B2B0914220D900251126FFF7D0FE0123324600
S21401B2C04146ACB21AF0D8FD002DCCBF0534053C82
S21401B2D024B2002E40F099800A2394FBF3F4E4B2E2
S21401B2E0FFF7BCFEC3791844C47215B0BDE8F08FF1
S21401B2F04FF6FF73DAE71F29DCD99A42DAD8E37DE5
S21401B300657E0028BED1C5E7032BD3D16B1EDBB209
S21401B310022BCFD800F01EFA04230342CAD0032D15
S21401B32008BF04252840C0B20028C3D0E07819F031
S21401B33057FC20B1A088FFF749FF0028A4D0344A63
S21401B340237F1278002A54D0042B9DD8637F042BC8
S21401B3509AD8A388DB0653D41CF0C8FA0121C82268
S21401B360084003F0E7FD94F91630B4F804E003EB67
S21401B3708303B0EB430F4FEA4302637B677E0F9371
S21401B380A37BE188109304F10F031193637F94F874
S21401B3900C9094F815A094F818B00546E07DC8BF47
S21401B3A015B2B4F809200C93237F03280B93E37E90
S21401B3B008BF0420032F08BF0427003B18BF012342
S21401B3C00A93A37E1FFA85FCCDE90873119BCDE98C
S21401B3D0060B0293109BCDE904ACCDF80C900193BB
S21401B3E00F9B304600935FFA8EF319F0B9FC0646C0
S21401B3F062E7002B7FF45EAF637F002BA9D059E78D
S21401B4000020ABE70546072656E7002468E700BF9D
S21401B410452E0020F8B5074601200D46164621F0B8
S21401B420DAFF0446C0B106220C211AF038FD691E67
S21401B430C9B2032988BF0022A37998BF074A03F13E
S21401B4400C0398BF525C234420469F80DE70DA715D
S21401B4509A71FFF7C3FD0120F8BD00BF3CE303006E
S21401B460F8B5FFF7F5FD83791844B0F80F60B0B270
S21401B470FEF7B6FB0446C0B11AF073FA0138C0B243
S21401B480032814D800270B4B1C5CFFF7E7FD054685
S21401B49004233A4642F230011AF0EEFCAB790C3343
S21401B4A0E818C68004724472F8BD0227EDE700244E
S21401B4B02746EAE73CE303000B4610B50649074C6E
S21401B4C00622002808BF2146184621F01CFAB0FAC9
S21401B4D080F0400910BD00BF472E00204D2E0020F1
S21401B4E0024B1A6802609B88838070474D2E0020AD
S21401B4F013B50D4C28B1036823608388A38002B07E
S21401B50010BDF9F7F9FECDE900019DF80230BDF84E
S21401B5100020A370BDF805302280A4F803309DF802
S21401B52007306371EBE700BF4D2E002010B50446CF
S21401B53016F0E8FF2268064B1A60A2889A80054A30
S21401B540137843F00103137016F0E2FF012010BDDB
S21401B550472E0020462E0020024B1878003818BFD0
S21401B56001207047462E0020024B1A6802609B8815
S21401B57083807047472E0020024B186908B104F0FB
S21401B580A5BF7047100B0020002310B53C4A02F1FE
S21401B590100151E8001F02F1100C4CE80034002C99
S21401B5A0F5D140EA0104A10201D501F0C9FD22014D
S21401B5B001D503F0C9F9002C01DAFFF755FD630048
S21401B5C001D501F0E5FCA00001D5FFF737FBE1004E
S21401B5D007D5FDF729FF20B94FF0805129481BF008
S21401B5E073F9620107D51AF087FA20B94FF0806126
S21401B5F024481BF069F9A30105D51CF070F9FFF783
S21401B600EFFA19F0F2FAE00108D519F0A7FE0728BB
S21401B61004D14FF080711B481BF056F9610201D529
S21401B62019F0DDFA220201D519F0CBFAE30207D5AB
S21401B63019F08FFE20B94FF4801112481BF044F91F
S21401B640A00507D500F03AF920B94FF400710D486E
S21401B6501BF03AF9E10507D5FFF72AFA20B94FF4AE
S21401B660807108481BF030F9620503D51AF002FC18
S21401B6701AF001FC230501D51BF02EF910BD00BF01
S21401B680100B0020200B0020014601481BF01CB9BE
S21401B690100B0020014B1B6818407047100B002050
S21401B6A010B5044BD3E9064204430A43C3E90642F4
S21401B6B010BD00BF100B002070B51E4D04462B6850
S21401B6C0002B03DAFFF7B8FC002031E04CF20C0047
S21401B6D00021FFF7E5FF0023174E336024B16368AE
S21401B6E02B60A36803B133604FF00040FFF7CCFF37
S21401B6F033680BB9114B3360114B1248AB60002312
S21401B7002B7316F0EDF9FFF791FB204601F030FEA2
S21401B71070B92CB1B4F90E10B4F90C0001F062FE48
S21401B7201CF0E8F803F062FD03F0E8FC0028C9D03D
S21401B73070BD00BF100B0020C41A0020203300206B
S21401B74079B50100140B0020014BD3E906017047BF
S21401B750100B0020054B9B69DA054CBF0320012026
S21401B7601B0548BF40F00400704700BF100B0020C7
S21401B770F8B517461C460D46064603F0BFFA1C4BA5
S21401B780BA7A1C4953F8222053F820308C421A44C6
S21401B79024D9194B9C4214D9184B013C93FBF2F364
S21401B7A0002BB8BF03339A1004EBA304B4FBF2F3E7
S21401B7B071682A68A1EB930102EB430271602A606B
S21401B7C0F8BD0F4B0F49A3FB04435B0902FB03F3D0
S21401B7D003F6C313A1FB0313DB0AE9E702FB04F339
S21401B7E0094A03F574338F33A2FB03231B0CDFE7EF
S21401B7F08CE303004C6210001366660640420F009D
S21401B8001F85EB515917B7D183DE1B43024B1A68CC
S21401B81002601860704700BFCC1A00200022024B5D
S21401B8201A6000F0FFB900BFCC1A00202DE9F843DA
S21401B830064619F0F7FD0446002835D045784DB97F
S21401B84016F060FE237863701B4B1B6825706360DF
S21401B85016F05EFE4FF00108677837B923781BB300
S21401B8604FF4007004F032FE1EE097FAA7F5B5FA21
S21401B87085F508FA05F55FFA85F9636833B90E4B65
S21401B88027EA050565701B686360E5E79B681BB9D9
S21401B89063681B686360F0E74946304698470128AD
S21401B8A005D163681B6863600120BDE8F883022840
S21401B8B0EED10020F9E700BFCC1A002070B50025B4
S21401B8C00D4EFEF7E7FBA84201D8012012E03068D2
S21401B8D0FEF786F950B93468FEF7DCFB0134B4FB99
S21401B8E0F0F303FB104401353460EAE7FFF79EFFEF
S21401B8F00028F0D170BD00BFC81A002010B504465C
S21401B900837903441B7B3A2B96BF044AFF21D15C03
S21401B91021F0A5FBA0790C30204410BD40E30300C4
S21401B9202DE9F34105460C46019119F06BFD83069E
S21401B93005D501A821F0BCFB02B0BDE8F081019F4E
S21401B940BE790C36BB5D3A2B18D8164A12F803801E
S21401B950B8F1FF0F12D0384621F016FC01384045E9
S21401B9600CD1114B1E6896B921462846A37923446B
S21401B9701A7B02B0BDE8F0411BF09EB8019821F099
S21401B98097FB2846BA5D01991BF096F8D4E77368D1
S21401B9900BB93668E7E72146284698470028F8D0CD
S21401B9A0CAE700BF40E30300CC1A002037B50446BF
S21401B9B00D46202119F028FD2946204619F091FD53
S21401B9C0214601201BF01FF9214600201BF01BF920
S21401B9D0012000232146034A00901BF0A5F803B07E
S21401B9E030BD00BF9169030073B50C461646054687
S21401B9F01BF07BFA80F001002946C0B219F0F9FC71
S21401BA00C368012C9A7907D032462146284602B0EF
S21401BA10BDE870401BF06FBA13441022DB8A29463A
S21401BA2000920020024A1BF07FF8204602B070BD4B
S21401BA30F76E030037B504461BF0A1FA0321204632
S21401BA4019F000FD0025034621460120034A009512
S21401BA501BF06AF8284603B030BD00BFDD6D030059
S21401BA602DE9F347074602200E4621F0B4FC0546B1
S21401BA7000284BD0B37900210C333344B3F804804B
S21401BA80B3F806A0B3F808901AF0CCFF2846FFF7E3
S21401BA9035FF02210446384619F0D4FCA4F8048088
S21401BAA06081A4F806A0A4F808901BF06FFE08F1C8
S21401BAB00108B0FBF8F303FB1800022360806370F3
S21401BAC0AB79B371EA7903F10C00F271D21AD2B2F2
S21401BAD02918304420F076FF3946012019F089FCF8
S21401BAE01022C6606389394601200092084A1BF07D
S21401BAF01BF84FF48031384619F086FC3846294643
S21401BB001AF08EFF002002B0BDE8F0870720FAE7A2
S21401BB10F76E03002DE9F34104460D460146012068
S21401BB2019F067FC0121074628461AF07BFF2846D4
S21401BB30FFF7E4FE064600F10108404603F092FBDB
S21401BB40D6F801300221C7F8123073792046BB754A
S21401BB5019F078FC29460746F08020461AF060FF67
S21401BB6020232146009301203B46034A1AF0DCFFBE
S21401BB70002002B0BDE8F081C36E03007FB5044625
S21401BB800D460146012019F034FC50E8003F43F40D
S21401BB90806340E80036002EF7D120461BF0A5F959
S21401BBA0D8B3204619F036FC430715D5334632463E
S21401BBB020460DF10F0119F0BBFE9DF80F30062B44
S21401BBC00AD8284615F050FF012200232046FEF72A
S21401BBD0C5FC002004B070BD0E2128461AF022FFD5
S21401BBE02846FFF78BFE0646FFF7AEFDC6F80510A2
S21401BBF0FFF7AAFD2946C6F8010020461AF010FFF5
S21401BC000321204619F01EFC00220346009221461D
S21401BC100120034A1AF088FFDBE70821DDE700BFB1
S21401BC20E16D030010B5054C054A204605491BF099
S21401BC30C6F82046BDE81040FFF7E8BDD01A002040
S21401BC40BD6F0300B1BD0100F7B58B7904460C3317
S21401BC50CE18CB5C0D46023B0F2B00F2A080DFE82E
S21401BC6003F0089E9E9E9E739E829E9E2C689E9EBC
S21401BC709E4F16F047FC71780746204619F031FCB6
S21401BC802021204619F0C0FB214601201AF0BBFFF7
S21401BC90214600201AF0B7FF012300930023214616
S21401BCA01846404A1AF040FF284615F0DDFE384691
S21401BCB016F02EFC012003B0F0BDB38872887178AF
S21401BCC019F01CFE204619F0A5FB830708D4294667
S21401BCD020461BF054F9012120461AF08BFEE9E7B5
S21401BCE02146012019F085FB2F4B82689A4203D129
S21401BCF0214601201AF057FF284615F0B5FEEAE75F
S21401BD0077780846B67815F0AFFE162F05D132467D
S21401BD10032120461BF043FBCCE72146012019F006
S21401BD2068FB8368002BC5D032460321204698471E
S21401BD30C0E70146012019F05CFB074628467678E5
S21401BD4015F092FEBB68EDE70146012019F051FBA4
S21401BD5007462846767815F087FEBB68002BA9D0E3
S21401BD6032460421E2E70146012019F042FB0F4B5F
S21401BD7082689A4203D0284615F076FE9AE7D6F8EE
S21401BD800120D6F805302046FEF7E8FB284615F0D8
S21401BD906BFE214601201AF006FF02219CE70020D7
S21401BDA089E700BF736F0300DD6D0300E16D0300DB
S21401BDB02DE9F3410C4605461BF097F8A3790028B8
S21401BDC06BD00C3314F80380E618B8F1010F41D09C
S21401BDD0B8F1080F39D0B8F1000F51D17189284652
S21401BDE01AF090FEB188738872788B4294BF07462A
S21401BDF0002709290B4638BF0923013B9BB29A420B
S21401BE000FD8002A08BF00270846F38832891AF09F
S21401BE1098FD40B9204615F027FE012002B0BDE886
S21401BE20F0814746F0E7002FF4D02946002019F0AC
S21401BE30E0FA1022C46073890092013B1B4A9BB250
S21401BE40294600201AF070FEE7E7214628461AF038
S21401BE50EAFFE2E72846F1881AF054FE0746701C0E
S21401BE601BF056FD0028D5D0002FD3D02946002040
S21401BE7019F0BFFA2023C4600093F3880C4ADFE769
S21401BE80214628461BF078FB0028C6D121462846C5
S21401BE9002B0BDE8F041FFF7D7BE23441B7B0E2B53
S21401BEA0D3D0214628461BF056FBEDE7E9B9010041
S21401BEB07B6E030038B504460D4619F0ABFA42070F
S21401BEC00BD4204619F0A6FA830706D42946204645
S21401BED0BDE83840034A1AF007BF284615F0C4FDEE
S21401BEE0002038BD35BA010038B504460D4619F0B4
S21401BEF089FA00F0180010280CD1204619F08AFAA9
S21401BF0010F4C02F06D129462046BDE83840044A21
S21401BF101AF0EABE284615F0A7FD0C2038BD00BF72
S21401BF2061BA0100014A1AF0DFBE00BF15BB01006D
S21401BF3070B505460C460146012019F05AFA064628
S21401BF40284619F067FA020704D5204615F08CFD3D
S21401BF50002070BD33685B05F7D428461AF0C5FF8C
S21401BF6040B121462846FFF7A5FF18B921F033FA5C
S21401BF70044630B121462846BDE87040024A1AF010
S21401BF80B3BE0720E5E700BF7DBB010073B50446DD
S21401BF900E4619F037FA00F0300010284FF0020074
S21401BFA031D121F018FA054678B34379022143F0DE
S21401BFB0020343711AF036FD2846FFF79FFC294617
S21401BFC0467020461AF02CFD1621204619F089FAF3
S21401BFD02021204619F018FA214601201AF013FEF6
S21401BFE0214600201AF00FFE20461AF0B2FE01216B
S21401BFF0204619F027FA0346012021460090044AFC
S21401C0001AF092FD002002B070BD0720FBE700BFCA
S21401C0100B6E03002DE9F04387B004460E4619F077
S21401C020F9F900F4C060B0F5C06F06D1022021F026
S21401C030D2F9054610B9072054E000252146012013
S21401C04019F0D7F9814696F8068000F1120208F138
S21401C0500C08B04408F10F0308F11F0153F8040B54
S21401C0608B4242F8040BF9D1032130461AF0DAFC70
S21401C0703046FFF743FC0A22074608F10501013066
S21401C08020F051FC0C210DEB010003F04BF803AB43
S21401C09003CBC7F80B00C7F80F10059B07F10B027F
S21401C0A0C7F813300DB30A2128461AF0BBFC284600
S21401C0B0FFF724FC294620461AF0B2FC4FF48071A3
S21401C0C02046C9F80C6019F09FF90321204619F0A3
S21401C0D0B9F900250346214601200C4A00951AF0BD
S21401C0E023FD284607B0BDE8F083204607F1130379
S21401C0F0012119F0B2FD204631461AF091FC204686
S21401C100C9F80C5019F0C5FDDFE700BFFF6F03004B
S21401C110F0B589B00D4604461AF06BFFAB790028DE
S21401C12000F0A3800C33EA18EB5C033B082B00F20B
S21401C1303881DFE813F00900360136018400360144
S21401C140360136015D007E00D2F80100D2F80510F6
S21401C15003ABB2F8097003C302F1130301210B32DA
S21401C160204619F07AFD042128461AF05BFC284681
S21401C170FFF7C4FB06460C2105A802F0D3FF05AB6A
S21401C18003CB3346C6F80100C6F80510079A00210E
S21401C19043F8092F2046721C19F05FFD2146002046
S21401C1A019F027F9034603AA478303CAC3F8120006
S21401C1B0C3F8161020460821FDF73CFD4FF4007128
S21401C1C0204619F021F9204619F063FD294620463C
S21401C1D01AF026FC0321204619F034F90346002004
S21401C1E02146714A00901AF09FFC012009B0F0BD6B
S21401C1F00B2128461AF016FC2846FFF77FFB294636
S21401C20020461AF00DFC16F07DF905464FF44071F4
S21401C210204619F0F9F84FF48051204619F0FCF841
S21401C220284616F075F94FF48061204619F0F7F8A4
S21401C230DBE7284615F018FC4FF40071F5E70621F8
S21401C24028461AF0EFFB2846FFF758FB204619F060
S21401C25080FB294620461AF0E3FB204619F03FFDF5
S21401C260214600201AF09FFCBFE72B441B7B043BB2
S21401C270072BBBD801A252F823F000BF9DC20100D4
S21401C280C3C2010025C30100EDC10100EDC10100DB
S21401C290EDC10100EDC101003BC3010020464FF492
S21401C2A0007119F0B1F8AA7920460C322A4402F13D
S21401C2B009030021013219F0D0FC284615F0D4FB01
S21401C2C093E74FF48060FFF7E5F9B0B100274FF42C
S21401C2D00061204619F098F82046CDE90577FDF76C
S21401C2E093FC0646204619F08BF83946034600951E
S21401C2F005AAB0B21AF024FA77E72146012019F010
S21401C30078F800F11201204619F0FEFC06212846B5
S21401C3101AF088FB2846FFF7F1FA294620461AF05C
S21401C3207FFB62E7284615F09FFB214601201AF0A5
S21401C3306AFC204619F0D3FC57E716F0E3F80646E8
S21401C3404FF40071204619F05FF84FF480512046F3
S21401C35019F062F8304616F0DBF84FF4C06120465B
S21401C36019F05DF8294620461AF05AFB21460120AD
S21401C37019F03FF8C268054682B1937901210C3362
S21401C3801A4402F1130320460B3219F066FC2046CC
S21401C39019F07FFC2046E9681AF042FB0023EB60A7
S21401C3A023E7002022E700BFFF6F030010B5074C0C
S21401C3B00749204600221AF002FD2046FFF726FA1A
S21401C3C0BDE8104001200021FFF76AB9DC1A002001
S21401C3D011C1010038B505460C4619F013F800F0F6
S21401C3E01800102806D121462846BDE83840044AE0
S21401C3F01AF07ABC204615F037FB0C2038BD00BF7A
S21401C40015C0010038B50C468B7905460C33194426
S21401C410E35C142B03D0152B0FD0002038BD01315F
S21401C4201AF0BFFE1521284622461AF002FF2146C1
S21401C43028461AF0F5FA0120F0E70146012018F027
S21401C440D8FF0B4B82689A4203D0204615F00CFBAE
S21401C450F1E7A179284621440D311AF0A2FE2046C3
S21401C46015F002FB294601201AF09DFBE3E700BF09
S21401C4708772030037B504460D460A4614211AF0A2
S21401C480D8FE294620461AF0CBFA0321204618F09A
S21401C490D9FF30220346009221460120024A1AF0B3
S21401C4A043FB002003B030BD8772030010B5074C74
S21401C4B007492046074A1AF082FC2046FFF7A6F9EC
S21401C4C0BDE8104020200021FFF7EAB8E81A002056
S21401C4D005C401008B72030073B51E46ADF800203B
S21401C4E08DF80230009B044601A801930D461146C3
S21401C4F01AF041FE9DF80630B34203D1BDF8043070
S21401C5008B4205D0284615F0AFFA122002B070BD56
S21401C510204619F0BCF89DF80230827A9A4209D179
S21401C5208288BDF800309A4204D1284615F09CFA5C
S21401C5300020EBE76946204619F065FB29462046B0
S21401C540014A1AF0D1FBE1E775C401002DE9F0417B
S21401C55016461A4307460C461D46BDF8188005D1F7
S21401C5602046BDE8F04111461AF0E2BE414620469B
S21401C5701AF0B4FA78B12146384618F03AFF40234B
S21401C5808674C5742146069338464346BDE8F04195
S21401C590024A1AF0C9BABDE8F08100BFE973030088
S21401C5A0F7B505460E460146012018F022FF03683E
S21401C5B013F0F00F03D0294601201AF024FB284679
S21401C5C019F0CCF9B3790C3333445F789B781F406C
S21401C5D00378C3F3030000EA131038401AF082FE12
S21401C5E0044668B928461AF086FE38401AF07AFEE4
S21401C5F0044628B9284619F0B4F900F0E9FE0446C5
S21401C6002846002119F045F8172130461AF00AFA93
S21401C6103046FFF773F931464470847028461AF0A5
S21401C620FFF90321284618F00DFF40220346009229
S21401C63029460020024A1AF077FA03B0F0BD00BF7F
S21401C6409F73030008B581B2074819F00BFC01205F
S21401C65000F002FD30B9054A536919075CBF43F083
S21401C6600403536108BD00BFFC1A0020F41A002021
S21401C67001238340DB43064901F1240252E8002FDF
S21401C6801A4001F1240C4CE800200028F4D1704730
S21401C690F41A00200123074A03FA00F002F12403EA
S21401C6A053E8003F034302F1240C4CE80031002913
S21401C6B0F4D17047F41A0020044A4FF08040536AC0
S21401C6C043F40023536203F001BF00BFF41A0020B5
S21401C6D038B50E4D044601F0DFFAE86B18B115F0D7
S21401C6E0C3F90023EB6302F063FF0948FEF714FC6D
S21401C6F0AB6B0BB1FFF7E0FF2146044800F004FDE9
S21401C700BDE83840034820F0D3BC00BFF41A00202F
S21401C710FC1A0020141B0020034B586A10F0050079
S21401C72001D1FFF7D5BF7047F41A002038B54FF096
S21401C73010131D4C0122E3624FF4E063238647F693
S21401C740FF730025A4F8603094F86730656262F3E1
S21401C750030384F86730154A154BC4E91632FEF711
S21401C760F9FF4FF48073A4F84830124B84F8560052
S21401C770E361114B65611A6829461378527804F112
S21401C780080013445B106376A4F8BC50A4F8B450B8
S21401C79019F068FB294604F1940019F063FBBDE823
S21401C7A038401BF0C7B800BFF41A00205555550095
S21401C7B0D6BE898E83760300C41A00202DE9F04187
S21401C7C01C4C9846636A0F46DB0715469DF81C60AD
S21401C7D02ED448B30120FFF75DFF626A9DF818303A
S21401C7E022F4C07242EAC312052E626284F85460D3
S21401C7F007D101F0DDFE50B96D00ADB2BD4228BFD4
S21401C8003D4694F854001AF032FF00F00F0601205E
S21401C81094F86730A78566F3030384F86730E585E7
S21401C82084F83080BDE8F0810120FFF721FFD4E7CE
S21401C8300020F7E7F41A0020024B586AC0F3800084
S21401C840704700BFF41A002010B51D4CFFF7F4FF27
S21401C850636A13F0010313D1A8B994F8663094F80B
S21401C8603110253BDBB20133DBB2032B28BF00239B
S21401C87041FA03F2D207F6D5253384F8663018E07C
S21401C88094F8543010B194F85520134303F005037F
S21401C890052BE2D101F08CFE0028DED194F867303A
S21401C8A003F00F02012A05D1032262F3030384F881
S21401C8B0673010BD012262F3030384F86730CCE7CA
S21401C8C0F41A0020024B586A00F00100704700BFBE
S21401C8D0F41A0020F8B52C4C18B1636943F0100324
S21401C8E063611AF08FFF40F27121E28DE66C151F2D
S21401C8F04D43AE42236DA78D18D2A3F5967301FB67
S21401C9000733E768181A23893B4483420EDA5143FA
S21401C9106369891B43F0100363618142D4BF2161BF
S21401C92020611948BDE8F84000F0A0BB40F271272D
S21401C9307A43A2F5AF722261FFF786FF236DA28DBF
S21401C940AE4207FB0233636023654FF00003E364E6
S21401C9500E4B0CD31A68616A137B4907617E4CBF84
S21401C960927912780B4493420CDC6376D9E7626ABB
S21401C9701B685207197B4CBFDA795A78637E5B1ABB
S21401C9809342F2DA6276CCE7F41A0020C41A002049
S21401C99038B51A4C0546636923F01003636101F04C
S21401C9A07BF9B4F8BC302BB9A36813F4601F08BF39
S21401C9B0A4F8BC300121114800F0A6FB104BE3613E
S21401C9C0636A5A0405D485F00100BDE83840FFF7D4
S21401C9D081BFA26A6168521A002AF4DA23F00103C1
S21401C9E043F400436362FFF797FE4FF0804003F085
S21401C9F06DFDFFF721FF0028E5D138BDF41A0020B0
S21401CA008376030008B5FFF717FFB0B10B4B586AE2
S21401CA1020F0040210F001005A6203D1BDE808407C
S21401CA20FFF756BE01F038F902F0C2FDFFF744FEEB
S21401CA30BDE808400020FFF7ABBF08BDF41A002090
S21401CA4038B505460D4C80B10320FFF711FE0023D3
S21401CA5084F845300123A4F846300420FFF708FE89
S21401CA60BDE838401020FFF703BE0520FFF700FEA3
S21401CA70012384F8B650A4F8B830EEE7F41A002083
S21401CA8070B53B4C1646636A03F0010270B95AB1A1
S21401CA9015F038FD636A054623F001036362FFF76C
S21401CAA03BFE284615F034FD002070BD002AFBD160
S21401CAB09B0704D5E36BBBB10120FFF7C1FF94F8D8
S21401CAC0303003F0FD03012B16D015F01BFD054693
S21401CAD0C6B10E20FFF7DEFD1AF094FE42F2107387
S21401CAE003FB0600A06210E0022020F074FCE06365
S21401CAF00028E1D10720D8E7FEF72EFD0028E4D173
S21401CB001220D2E70E20FFF7B3FD0020FFF7C2FD8B
S21401CB10636A13F00403C4D140F27122E364E38D27
S21401CB20E260023B534323611AF030FE0323B0FB5D
S21401CB30F3F303EB4303C31A253384F86630FFF798
S21401CB4083FE1AF05FFE60602065B4F8BC00002822
S21401CB5008BFF520FFF776FD064B05481A681378DF
S21401CB60527813445B10637600F080FA99E700BFB1
S21401CB70F41A0020C41A0020274B70B55A6A0D46D5
S21401CB8009B3160747D503F1450603F1460428B352
S21401CB90D1061FD52388012B1CD95B0804202380CE
S21401CBA0FFF766FD1020FFF763FD1AF0EFFD2388FF
S21401CBB0B0FBF3F202FB1300307055B30320BDE85F
S21401CBC07040FFF755BD940625D503F1B60603F16F
S21401CBD0B804DCE70420FFF75DFDE3E7D20314D5D4
S21401CBE0B3F84610B3F8482091420ED2228810209E
S21401CBF0520092B22280B3F84830934228BF1346BF
S21401CC002380FFF735FD0420CDE71020FFF742FD16
S21401CC10F9E70520D3E770BDF41A00202DE9F04F9F
S21401CC204FF0000B304C89B0A66B636BB779C4E943
S21401CC300DBB0C37F51901936B6A904682468946FF
S21401CC40039301F04FFEF35D05F108073946C3F380
S21401CC50C01306A88DF8183017F0EEFFFF238DF8E5
S21401CC601930636A01A8C3F380230E358DF81A3094
S21401CC70CDE904578DF808B08DF81BA08DF81C90EF
S21401CC808DF81D80FDF726FB304614F0EDFE636A35
S21401CC9023F02402DB07626205D40120FFF718FDAA
S21401CCA009B0BDE8F08F114B94F854501A68052D61
S21401CCB01378527813444FEA630363760FD094F8DF
S21401CCC054001AF0D4FC00F00F0594F867300120E8
S21401CCD065F3030384F86730FFF75AFEE0E701F0D7
S21401CCE067FC0028EBD0F0E7F41A0020C41A0020F5
S21401CCF070B58AB005466B46484AAC7910685168EB
S21401CD00127A03C30C3408201A702C44FEF7C2FCB6
S21401CD1020B101222846A11D20F0ADF90021A379FA
S21401CD20CDF821108DF80F30A37AADF8251003F059
S21401CD300F0303F128026A4412F8282C8DF82010FC
S21401CD40ADF81020062B08D8DFE803F0044F0707DC
S21401CD505F074B000D20FFF79DFCA37A0DF1130131
S21401CD60C3F380138DF81230E3680DF11200CDF88D
S21401CD701330238A09AEADF8173000231A4617F090
S21401CD8042FFE3791C218DF819304FF47F43ADF84B
S21401CD901A307F238DF81C30637928468DF81D30B4
S21401CDA00023ADF81E30AB7903AC1233AB7120F023
S21401CDB0BFF9AB792B440C33224603CAB242186042
S21401CDC05960144603F10803F6D110682946186025
S21401CDD0134820F03BFA4FF0804003F077FB0AB08F
S21401CDE070BD0D20FFF744FCB7E7D4F81230CDF83C
S21401CDF02130E38AADF82530EB79063BEB71A37A57
S21401CE00C3F3C0138DF82030A7E7064B5B6A9B047B
S21401CE1044BF42F00102ADF810209EE77BE3030019
S21401CE20141B0020F41A002070B583790C33C41843
S21401CE302379DA0702D44FF0FF3070BDA37AE27A85
S21401CE4003F00F05082DF6D8062D01D92846F4E77C
S21401CE50911F1F29EFD8012D1FD10C2AEBD1244E8B
S21401CE60736A13F0060F01D1DB05EFD417F0DAFE73
S21401CE7020B917F0CEFE0028E8D1DCE7A37A96F8B1
S21401CE803020C3F3C010B2EBD31FD4D104F112018A
S21401CE9000F00100FEF710FBEDE7042DD6D1144992
S21401CEA0144A486A0240002AC5D0C96B0029CDD071
S21401CEB08A79C3F380130C3288188A5CB3EBD21FCD
S21401CEC008D017F0AFFE0028C0D117F097FE002853
S21401CED0BCDBB0E704F10C01062208301FF013FD9D
S21401CEE0044617F09FFE0028B0D1002CAED0ECE728
S21401CEF0F41A002008000400F0B5244C87B0606BDB
S21401CF0000B3A76BBE79FCF77FFE0223FF210C3628
S21401CF10BA5DCDE90431BD1995F8233000215B09CE
S21401CF200393AB8BD20902936B8B80B201932B8B4D
S21401CF30009305F1080319F019FB606BFDF70CF976
S21401CF4000236363A06B14F08FFD0023A363636A61
S21401CF5023F00402DB0762620CD594F85450052DC9
S21401CF600AD101F025FB38B194F8673065F3030365
S21401CF7084F8673007B0F0BD94F854001AF077FBD8
S21401CF8094F8673060F30303F2E700BFF41A002059
S21401CF9013B5154C15F0B6FA236A019300232362E4
S21401CFA015F0B6FA019BA3B9636A1A0406D518F000
S21401CFB0D4FFA0B1636A23F400436362636A1B0370
S21401CFC005D5FFF799FF636A23F40023636202B075
S21401CFD010BD01A820F08AF819F02AF8E2E74FF010
S21401CFE0804003F073FAE9E7F41A002010B5074C05
S21401CFF02368DA0607D523F01003236018B9012049
S21401D000A16817F0D2FD0023A36010BDB41B002059
S21401D010014610B50446022017F0C7FD054B1B68F4
S21401D020D90305D463691A075CBF43F0040363613F
S21401D03010BD00BFB41B0020014BD868DC38704718
S21401D040B41B0020034B10B5DC681AF0DBFBDC3C9C
S21401D050201A10BDB41B0020034B1B6813EA0043C3
S21401D06014BF012000207047B41B002038B50023F0
S21401D07003604369044658070DD5204650F8081F3B
S21401D080C90C01F4FC7141F00501FDF7F3FE63697B
S21401D09023F0040363616369D90602D51AF0B2FB73
S21401D0A060601848024652F8043F8BB9236014604A
S21401D0B083684BB1617E5A7E914219D26269D2066B
S21401D0C00ED50020FFF792FFBDE8384019F021BCCD
S21401D0D059686568491B0029E8DA1A461B68E4E7BF
S21401D0E05A681B69134462689B1A002BECDBE8E75D
S21401D0F01A895B68D31A62681344E268D342E3D59F
S21401D100DFE700BFB41B002038B504460A4D0846C9
S21401D110AB68A34201D1FFF769FF6B68074A1BB1F1
S21401D120A342196804D11160BDE8384019F0F1BB7B
S21401D1301A460B46F3E700BFB41B0020B81B0020BD
S21401D1402DE9F047754D2B685B0700F1AF80AB68A2
S21401D150002B40F0AB8055E8003F43F0040345E860
S21401D1600032002AF7D16C689CB11AF04BFBD4E967
S21401D170043717F0100F0646A26819D010FA82F28B
S21401D18062602068D4F8048038BBDC334344C5E9C8
S21401D190024355E8003F23F0040345E80037002F1B
S21401D1A0F7D1AC68002C74D1BDE8F04701F006BC9D
S21401D1B0606892B2811AFF07A1EB060109D4002923
S21401D1C0DFDAE768DF1BCF4205D432441844831AFE
S21401D1D0D6E70029D5DA20464FE041690289CF0615
S21401D1E0D0F804E048BF06EB020EAEEB020211F0E7
S21401D1F0010C11BF1146D0E90371C91B891808EB50
S21401D20003077F1A002F28DDBB4205D9E768A1EB8B
S21401D2100801DC378F423AD9D4F814A01AF0010F6E
S21401D2201DD12169D0F80C9027894144A1EB090151
S21401D230C91BE768A1EB0E01DC37B9420FDD971B6E
S21401D240BCF1000F03D10169A1EB09010F44002FC6
S21401D25005DB4B46C0F804E00446006892E7477ECB
S21401D260617E8F42F9D2921BBCF1000F03D1D0E947
S21401D27003135B1A1A44002A02DAFFF7C9FE72E7A3
S21401D2801AF0100FA7D0C368C0F804E0E4E70B4615
S21401D290E3E7A36813F4601FC3F3C24008D1214635
S21401D2A02B6843F010032B6017F07FFCBDE8F08776
S21401D2B004F108063046FDF7EBFD2B68214643F0E6
S21401D2C010032B60F8B917F070FCA36813F4601F05
S21401D2D04FEAD341C3F3C24517D0013DEDB201F485
S21401D2E0FC7130462943FDF7C5FD03213046FDF7A5
S21401D2F02DFE75B1A268237E1344120C9BB2120454
S21401D3001343A360D2E73846CEE703213046FDF744
S21401D3101DFE3046FDF700FEECE700BFB41B002003
S21401D32008B5034B996809B117F03FFC08BD00BF6B
S21401D330B41B0020014B9868704700BFB41B002047
S21401D3400A4B70B59C6884420FD12146012017F024
S21401D3502CFC666825891AF055FAAD1BC542214694
S21401D3604CBF0020022017F020FC70BDB41B00202B
S21401D37010B50024034BC3E90044F4F7B5FF20467B
S21401D38010BD00BFC41B0020064B10B51B680C4621
S21401D39010B102F05BFE034618795B8804FB00308F
S21401D3A010BD00BFC41B0020084B10B51B680C46FF
S21401D3B010B102F04BFE03465A88A2423DBF1B79CC
S21401D3C0A41AB4FBF3F0002010BD00BFC41B00205C
S21401D3D00138C0B203289ABF014B185C0020704781
S21401D3E085E303008BB200294FF00A01B4BF053B69
S21401D3F005331BB293FBF1F3014A9080937170479A
S21401D400C41B0020024B9B79C01A40B2704700BF74
S21401D410C41B0020024B9B88C01A00B2704700BF95
S21401D420C41B0020054B1B681B6A13F0100003D0B9
S21401D43013F0030018BF0120704700BFCC1B00206B
S21401D4402DE9F34100264FF0FF31044601A801966D
S21401D45001F0D0F8019949B12046FCF7EFFA03280C
S21401D46006D005282FD001A81FF022FE012023E0B8
S21401D4701B4D1C4801F05EFC2B683046597E01F0BE
S21401D48029FC2F68184E786BD6F808801FF07CFEB2
S21401D49041460246384617F084FE2B68B0685B6B3F
S21401D4A0036001F0C9FB2B681B6ADB0407D5204625
S21401D4B0019917F041FE002002B0BDE8F08101A8F5
S21401D4C01FF0F6FDF7E7019801F04AF920460199A9
S21401D4D017F0E7FD0028C9D0304601F02BFCEAE73B
S21401D4E0CC1B0020BDD60100F018002038B5264917
S21401D4F004460B7D4A7D0133DBB2B3EB921F0B75FD
S21401D50003D3032300200B7538BD016AC9022ED54B
S21401D510032390F88220243A92FBF3F303EB4303B0
S21401D520D21A2532D2B2B4F8481094F8833011F0EA
S21401D5301001B4F9620084F8822003F00F031CD1B5
S21401D5401AF0CFF904F17405014628461AF06AF973
S21401D550284601F07FFA00221146104617F027FBF5
S21401D56094F8820000211AF0BBF90120CCE75B0099
S21401D5701A4102F003022532D5E702461946002079
S21401D58001F0D8FCDEE700BFF01800201F4B2DE9A4
S21401D590F04104461860006B1FF0F6FD0146204678
S21401D5A0FCF7DCF9B4F84830194E03F01403142BD9
S21401D5B00CBF0022226BB36820461A60FFF796FF65
S21401D5C0FFF730FF134B051E134808BF184601F03E
S21401D5D0B1FB6369676803F010081AF013F96D0070
S21401D5E00346627EE8B2B8F1000F03D1FF1AB7F521
S21401D5F09B7F07D5114601F04BFBB068BDE8F041B3
S21401D60001F01ABB61681AF003F9F6E7CC1B00209B
S21401D610F0180020A9D60100F9D6010070B505461C
S21401D620FFF700FF104B041E104808BF184601F014
S21401D63081FB2846FFF75AFF0D4E054660B1336859
S21401D6406000597E00F0FE0001F022FBBDE870404C
S21401D650084B986801F0F0BA01F06CFB2946306877
S21401D660BDE87040FBF7BABEA9D60100F9D60100A5
S21401D670CC1B0020F0180020034610B5094C052BE2
S21401D68020680AD0062B0CD1002001F053FB20683D
S21401D6900121BDE81040FBF7A1BEBDE81040FFF731
S21401D6A0BDBF10BDCC1B0020032803D1024B186858
S21401D6B0FFF7B4BFFFF7E0BFCC1B00200C4B0328DD
S21401D6C010B51C680FD1206B1FF05EFD0146204689
S21401D6D0FCF744F9074B226B9B682046BDE81040D7
S21401D6E01A60FFF79BBFBDE81040FFF7C5BF00BF3C
S21401D6F0CC1B0020F01800200E4A032810B5146831
S21401D70005D0042809D0BDE81040FFF7B5BF617EFB
S21401D7100120BDE8104001F079BA2046FFF790FEDF
S21401D72030B101F0DFF82046BDE81040FFF776BFC4
S21401D73010BD00BFCC1B002038B50D4604460020A6
S21401D74001F0F8FA01F0CEF829462046FCF790FAE7
S21401D7500022014B1A6038BDD01B00200123074A66
S21401D76003FA00F002F1140353E8003F034302F109
S21401D770140C4CE800310029F4D170470819002038
S21401D780F8B5244F05467B690C4613F4C07F03D0D9
S21401D79099063BD401200CE039B15A0705D4D5F8D7
S21401D7A0A43013B90820FFF7D9FF7B699B0601D582
S21401D7B00020F8BD7B7FAE6A022B06F0080604D96E
S21401D7C016B114B90220F4E7E4B995F8921095F869
S21401D7D03701063100F00F00FFF7D6FD85B20EB90E
S21401D7E004B16D00FFF72EFCA8420DDB7B6913F038
S21401D7F01C0FDDD11EB1002CDAD10520D9E7002C93
S21401D800FBD1D5E70320D4E70420D2E7002CCFD004
S21401D810C3E700BF0819002038B50446114D4FF480
S21401D82080616B69283043F400736B6119F0A5FFC2
S21401D8300121204617F0F3FD00212046FFF7A0FF47
S21401D840014620B12046BDE83840FFF775BF68693C
S21401D850617E80F48070C0F30020BDE8384001F09E
S21401D860D5B900BF0819002038B504460B4B18601F
S21401D87000F5947001F0EEF82046FCF7C5F9C4B245
S21401D880204617F0A0F90546204617F09EF92946CE
S21401D8900246022017F08BF938BD00BFD01B0020CE
S21401D8A008B5002001F046FA01F01CF80022014BF1
S21401D8B01A6008BDD01B002010B50446FFF7D4FF40
S21401D8C0064801F037FA6168226C637E1120BDE8D4
S21401D8D0104001EB920201F04BB900BFA9DB010039
S21401D8E03F4B37B51C680023A26A01935005D4F854
S21401D8F0A03012D504F1A40001931FF0F7FBC4F881
S21401D900A00050B194F846314FF48061013B84F891
S21401D910463104F1280019F030FFD4F8A0500DB9B3
S21401D920304B9D6894F94631022B0DDCD4F8A830B3
S21401D93013B1A36AD90502D5D4F8AC3023B14FF49C
S21401D94080512046FCF776F9D4F8A410A36A002982
S21401D95014BF01210021AA794FEA830302F10C02C8
S21401D96003F00C0343EA0113A95C21F01C0143EA0E
S21401D9700103AB540DD11B4A02F1140353E8003FD7
S21401D98023F0080302F1140040E800310029F3D126
S21401D99002E00320FFF7E2FE284601F04DF9019B65
S21401D9A053B15B7903F00A03082B02D12046FCF73A
S21401D9B045FC01A81FF07CFB6B799A070ED5A36A7C
S21401D9C01B040BD50820FFF7C9FE4FF4004104F1F4
S21401D9D0280003B0BDE8304019F0CFBE03B030BD1B
S21401D9E0D01B00200819002000232DE9F04385B044
S21401D9F00446032103A8039300F0FCFD039D35B9FB
S21401DA00F4212046FFF798FE05B0BDE8F083AB7918
S21401DA10644F0C331D442A797B69D6074ED4DD0644
S21401DA204CBF07200420FFF799FE0026012120465F
S21401DA30FFF7A6FE054650B97869617E80F48070CE
S21401DA40C0F30020400001F045F9FFF749FF0398B5
S21401DA5000F086FEDDF80C807A6998F806305106EB
S21401DA6003F10C0308EB030915D458F8033006201C
S21401DA703B61FFF773FEA36A1A060CD404F1280271
S21401DA8052E8003F43F0800342E800310029F7D115
S21401DA900120FFF763FE4946204617F0C6FC99F8B9
S21401DAA00430DB077BD5002E52D11DB12946204616
S21401DAB0FFF742FE03A800F077FCA5E7012023F05C
S21401DAC010037B61FFF74AFEAE7AF0062FD50220DF
S21401DAD0FFF744FEA36AAA7A83F00203C2F3800228
S21401DAE0C3F340039A422FD14FF4006104F128009A
S21401DAF019F043FE50E8002F42F4806240E800230C
S21401DB00002BF7D1A26A82F00202A2627B77AA7A80
S21401DB10A36AC2F3C00203F001018A4285D183F0F1
S21401DB20010316F0030618BF0126A3627EE707F17C
S21401DB30140353E8003F23F0040307F1140141E8FE
S21401DB400032002AF3D1C5E77B7F0133DBB2DDE784
S21401DB502046FCF759F8C0B217F035F806462046BD
S21401DB60FCF752F8CDF80480A38F82B200933146B9
S21401DB700023022017F023F84FF0FF3103A800F02E
S21401DB8039FD03998B790B44DB7D002B8DD0204624
S21401DB90FCF772FB002D3FF437AF294631E7002E24
S21401DBA083D0E9E70819002008B50346114A042B7B
S21401DBB010680BD002D8032B18D008BD053B012BEB
S21401DBC0FBD8BDE80840F121FFF7B6BDFFF70CFF13
S21401DBD0094A02F1140353E8003F23F0200302F13F
S21401DBE0140040E800310029F3D1E6E7BDE808401B
S21401DBF0FFF712BED01B002008190020164B033871
S21401DC0010B51C68032818D8DFE800F00702181EB4
S21401DC102046BDE81040FFF7E7BE2046FFF7FCFDB3
S21401DC200E4A02F1140353E8003F23F0200302F1E9
S21401DC30140040E800310029F3D110BDF12120463F
S21401DC40BDE81040FFF778BD4FF4806104F128006D
S21401DC5019F093FDF221F2E7D01B002008190020ED
S21401DC6010B50446FFF700FE054801F063F8FFF71C
S21401DC7037FE627E61680220BDE8104019F0C8BD1B
S21401DC80FDDB0100034B5B6A13F0060F0CBFE220BD
S21401DC90F1207047F41A002008B5FFF74BFB054B3F
S21401DCA0834206D100F01EFEBDE80840002001F0C8
S21401DCB041B808BDF41A002070B51E4C1E4801F08C
S21401DCC039F894F8673094F8662003F00F030021C2
S21401DCD0C82019F006FE014604F1580019F0A2FD0D
S21401DCE004F1580000F0B6FE00221146104616F068
S21401DCF05EFF666819F086FD0246FFF7C3FFB61A97
S21401DD00B6F5FA6F054609DCFFF796F9627EA0F5CF
S21401DD10AF712846BDE8704000F0C0BE6668FFF7E8
S21401DD208BF93146637EA0F5AF722846BDE8704098
S21401DD3000F01EBFF41A0020A9E1010038B500F07A
S21401DD40D1FDFFF77FF9B0F5967F0D4C0CDDFFF79F
S21401DD5099FF0546FFF770F9627EA0F5AF71284678
S21401DD60BDE8384000F09ABE19F04CFDE36C6268DD
S21401DD709B1A0344E3640020BDE8384019F08EBCCA
S21401DD80F41A0020F7B5104C064694F845500F4695
S21401DD902DB10020013D84F8455003B0F0BD0B4B7A
S21401DDA002201B68597800F095FF94F830303A4607
S21401DDB0CDE9005331460323E06B19F0A0FCE06B7C
S21401DDC000F03AFF0120E8E7F41A0020C41A002008
S21401DDD0094A02F1240353E8003F43F0080302F125
S21401DDE0240040E800310029F3D1044B01201B68D0
S21401DDF0597800F00BBF00BFF41A0020C41A0020A7
S21401DE000289438940F271205B004343D0B25B1A1A
S21401DE104343120AB3FBF2F3024A1268114458183C
S21401DE20704700BFFC1D002030B58C1AE41A002C88
S21401DE3008DA124C551A64681D44B5FBF4F505FB67
S21401DE4004442144134440F2E242CB1AB3FBF2F3FA
S21401DE509BB242892BB940F27124530004FB031193
S21401DE6013460132B3FBF2F402FB1432028140F294
S21401DE70E2409B1A00FB131030BD00BFFC1D0020C2
S21401DE802DE97043064618469DF818308946144613
S21401DE90E3B9C31E012B8CBF022503252221FFF700
S21401DEA073FA40F27128154B6D005B6808FB05F5A7
S21401DEB081446BB121463046FFF7A2FF4A46014630
S21401DEC0ABB23046BDE87043FFF7AEBF0125E5E7CC
S21401DED0738934890133B4FBF3F203FB1244F379FB
S21401DEE034815B00640008FB03F308FB04F404EBD5
S21401DEF0530404EB09002844BDE87083FC1D002090
S21401DF0070B50A4C636A5B070DD58B790C33CD1857
S21401DF1050B9E879CE582989FFF736FA06442664BF
S21401DF206B7984F8443070BD0120F3E7F41A0020C1
S21401DF302DE9F04F16468DB0021E069108BF00214E
S21401DF401F46954B05929D6B5B6AAC7938460C343F
S21401DF502A5DC3F3801A61F345122A55314603F050
S21401DF604002039216F060FE05EB04080790285D58
S21401DF7008F1080B5946C00916F056FE039B814668
S21401DF80002B44D1002844D116F04CFE80F001034A
S21401DF90DBB252463146384603F0010319F050FC15
S21401DFA00490002800F08A80039B002B33D1B9F13E
S21401DFB0000F75D1079B002B72D016F022FE0028A9
S21401DFC06ED001220AA90DF1270016F031FE0028B5
S21401DFD074D09DF827302A5D591E4B424B41B3EB56
S21401DFE0D21F6BD1062258460AA91EF08CFC0028C7
S21401DFF064D13368C8F80830B388ABF804302B5DB9
S21401E00067F3C7132B554FF00009CA4619E00123E1
S21401E010BFE7039BBDE7604B5B6A13F400791CD135
S21401E02015F804A0CAF3801A484616F006FE3368AF
S21401E030C8F80830B388ABF804302B5D67F3C71314
S21401E0402B55059B544E002B3ED196F8B630002B2F
S21401E0503AD0013B86F8B63030E016F0CFFD002806
S21401E06006DA15F804A04FF00009CAF3801ADBE7B8
S21401E07000221146104616F0D3FD15F804A081467D
S21401E080CAF3801A0028CFD0002302211A4608EBD3
S21401E090010019F00CFB2B5D60F386132B55C3E7CB
S21401E0A07A1E57422B5D5741B7EBD31F06D1062286
S21401E0B0314658461EF027FC0028A4D000230493BE
S21401E0C004980DB0BDE8F08F19F09CFB074617F0D9
S21401E0D08CF9059B02463946009308F10E009DF81F
S21401E0E05830FFF7CDFE2D4B059A07461B68A2B99F
S21401E0F05978022000F0EEFDB06B00F09DFDB36B89
S21401E1009A7913441F63FFF715F9254BC361069BE4
S21401E110BBB9736A23F4806316E0D979002000F056
S21401E120D9FDB06B00F088FDB36B1E489A79134495
S21401E1301F6300F0FFFD069BC3B9736A23F4806377
S21401E14017E0736A43F480637362039B9BB1B9F172
S21401E150000FB5D0002351461A4608F1020019F007
S21401E160A6FA2B5D60F386132B55A9E7736A43F471
S21401E17080637362EBE72B5D0022C3F3C01359463D
S21401E1800AA88DF8283016F053FD2B5D9DF828203F
S21401E19062F3C7132B55DAE7F41A0020C41A0020DD
S21401E1A031FF010055E3010004282DE9FF471ED089
S21401E1B005D8032800F0C08004B0BDE8F087431FEF
S21401E1C0012BF9D805384FF0010118BF0120FEF7E1
S21401E1D0D3FC19F017FB5D4AD36C51685B1A0344F4
S21401E1E00020D36404B0BDE8F04719F057BA002404
S21401E1F003A84FF0FF31039400F0FCF9039858B1DF
S21401E200FEF712FE0828074603D8514B1E5C31075D
S21401E2100AD403A81EF04CFF4C4B5B6A13F0060FA2
S21401E22012D0FFF78BFD0FE00728039D13D122467E
S21401E2302946464801F08AFA0028EDD001F078F91F
S21401E24010B10120FEF746FB0121084604B0BDE8E7
S21401E250F047FEF791BCDFF8F480D8F8244014F0BC
S21401E260040410D016F002040DD00120AA790C3255
S21401E2702A44917A0090C1F380130C32C1F3401105
S21401E280FFF756FE0446284600F06AFA29460120A2
S21401E290FFF736FED8F82430DA072DD503F0800ACA
S21401E2A095F8069016F0BEFC09F10C09A94480F019
S21401E2B0010399F80A00BAF1000218BF0122DBB285
S21401E2C009F10C01C0F3801019F0BAFA60B12CBB49
S21401E2D0D8F8243028469B0733D5F40710D47307A3
S21401E2E031D5FEF705FD97E7BAF1000F04D1514687
S21401E2F016F0A0FC0028EAD0284613F0B5FB18E07B
S21401E30019F0A4FB044648B1A8790C302844817A58
S21401E3100C30C1F38011FFF735FD0446042F03D1FD
S21401E320D8F824309907E7D57207E5D52846FEF7D1
S21401E330DFFC002C88D16FE704B0BDE8F047FFF79B
S21401E34047BD042FCBD113F08FFB65E7F41A0020ED
S21401E350CAE30300032808B50BD1084800F0EAFC1D
S21401E3600122074B104693F94410BDE80840FEF71A
S21401E37055BCBDE80840FFF717BF00BFA9E1010083
S21401E380F41A0020074B186840F20D1338B9002B19
S21401E390C1BF45224433B3FBF2F0C0B270470068F8
S21401E3A0453BF3E7300B00202DE9F041064614F01B
S21401E3B0A9F80746FFF7E6FF35460446286818B170
S21401E3C06CB928461EF074FE31680A481EF03EFFFE
S21401E3D0384614F09DF800233360BDE8F081D0F88C
S21401E3E000801EF0ECFF2B68013CC3F800802D680E
S21401E3F0E4B2E3E7300B0020024BDB6B03B11847B6
S21401E400FEF78EBF300B0020C04310B5054A131D22
S21401E41053E8003F0340141D44E800310029F6D1BB
S21401E42010BD00BF300B002010B5054A131D53E880
S21401E430003F0343141D44E800310029F6D110BD06
S21401E440300B0020F8B516461C46074619461046FE
S21401E45019F0CDF932462346384619F0CDF9434D29
S21401E460D5E9062300EA020401EA030654EA060394
S21401E47013D0670104F0806010D56B68180623D4AA
S21401E4803B4B234093BB3B4B06F0200223401343F8
S21401E49056D12046314619F0A6F9F8BDA4F1080375
S21401E4A033431CD1EB7A012B42D16B68D90743D594
S21401E4B00323EB7204206B8C01336B84FFF79CFF04
S21401E4C0012019F095F9E4E72B1D53E8003F23F0EE
S21401E4D08003291D41E80032002AF5D1DDE7A4F1C9
S21401E4E00C03334317D119F083F9DBE724F001134A
S21401E4F023F4A0433343C6D1EB7A012B18D140F263
S21401E50001436A680520934314BF00230323EB727B
S21401E510FFF772FFBDE7231F334302D119F069F9F4
S21401E520B7E704F17F433343AAD1EB7A022B0FD02E
S21401E530042019F042F9ACE713F40063BAD1B8E746
S21401E5400420FFF771FF4FF0006001F0BFFFA0E766
S21401E5506B689A0706D50423EB722B8C03200133D4
S21401E5602B84ABE713F02003F7D1F5E7300B00203F
S21401E570015001000DD50155014B986A704700BF47
S21401E580300B002010B5064CA06A1DF0C1FD28B95D
S21401E590A06A1DF0BFFD00F0010010BD0120FAE7E2
S21401E5A0300B0020014B986A1DF0B6BD300B0020E1
S21401E5B0024B5868C0F34020704700BF300B002064
S21401E5C010B504464FF40070FFF71EFF084B986A1B
S21401E5D01DF0A4FD38B10CB9002010BD4FF4007039
S21401E5E0FFF722FFF8E7002CF6D00C20F5E700BF76
S21401E5F0300B00202DE9F04F046806468846574D3B
S21401E60089B0002C48D02046A7791EF0BDFD0C37F6
S21401E61027443C890A38B8F1FF3FA4EB000402D036
S21401E6204445A8BF4446B5F83890B0EB090713D463
S21401E630002C0EDD6D6B36683D44FF2C22462946C4
S21401E6403046A8BFFF221EF016FD241A3668054480
S21401E650F3D109B0BDE8F08FA9EB0009A145A8BF29
S21401E660A146296BC846D6F800A001EB000BB9F10C
S21401E670000F0DD04246FF2A59465046A8BFFF223A
S21401E6801EF0F9FCB8EB0008DAF800A08344F1D1DB
S21401E690A4EB09044F44CBE70321A86A03AA1DF0A3
S21401E6A099FCBDF80E70A14602940A3702ACE862E6
S21401E6B009E023601B682B602368C3F80090236879
S21401E6C0002F1C4611DD2B68453F002BF1D10120A0
S21401E6D01EF081FE034620600028F1D1019002A8B9
S21401E6E01EF0E6FC019B3360B3E72B1D53E8003FA9
S21401E6F043F008032A1D42E80034002CF5D14FF000
S21401E700006001F0E3FE0298BDF8102043790A216B
S21401E71043F001034371069B30606B63059B2A87B8
S21401E7202B638379BDF80E200C3303441C711A81C8
S21401E7302A7ADC719A719DF80C20072A0BBF0122F8
S21401E740AB8C1A7101331FBFAB846B8C03F1FF33A3
S21401E7506B841EF084FC346855E700BF300B002044
S21401E7602DE9F041877905460C37C419237986B01F
S21401E77013F002081BD1174E43F0020323716A46B9
S21401E780D6E90A011DF02AFC238969460333B06ADB
S21401E790ADF804301DF024FC009B9DF90E00EB51F2
S21401E7A0FEF730FE6071B37A022B03D8E37106B030
S21401E7B0BDE8F0819DF81130012B04D0022B04D066
S21401E7C02BB90423F2E70323F0E70123EEE784F8ED
S21401E7D00780ECE7300B002037B5124B00F00F0432
S21401E7E01B88012CADF8043015D0022C15D18DF8FC
S21401E7F0044042F222000C4D6B680340A3420ED047
S21401E800FFF702FE2046FFF70FFEA86A01A91DF0DA
S21401E8106FFB03B030BD2024EBE70024E9E70020BE
S21401E820F7E700BFB0E30300300B00202DE9FF41FE
S21401E8301746022300250E46124C8046A06AE37254
S21401E840CDE902550BF076FA384602968DF80C5053
S21401E85018F0CBFF0090617AA06A2A4602AB1DF041
S21401E860FDFA044648B94046FFF7B6FF3B46044664
S21401E8702A460121304618F0B4FF204604B0BDE810
S21401E880F08100BF300B002037B5144B00F00F04A9
S21401E8901B88012CADF8043014D0022C16D00024AD
S21401E8A041F601000E4D6B680340A34213D0FFF7FB
S21401E8B0ABFD2046FFF7B8FDA86A01A91DF02EFBA7
S21401E8C003B030BD04238DF80430E9E78DF8044029
S21401E8D04FF40064E4E70020F2E700BFB0E3030072
S21401E8E0300B002038B5104CE37A23B100221146D4
S21401E8F0104618F075FF00252846E57218F078FFD7
S21401E90001220321A06A1DF0A2FA2A460121A06A6B
S21401E9101DF068FB8020FFF777FDBDE838404FF417
S21401E9204050FFF781BD00BF300B002008B5FFF750
S21401E930D9FF044A0620D38C0133D384BDE80840AE
S21401E940FFF75ABD300B0020F8B51B4D6B68590711
S21401E95004D50420FFF758FDFFF7E8FF6B681A0798
S21401E9600FD513F0CFFD0646FFF70CFD0446124FF8
S21401E97024B101201EF02FFD0146A8B9304613F040
S21401E980C7FD6B68DB0615D51020FFF73DFD01F0CE
S21401E9906FFB78B113F0B6FD0446FFF7C7FF2046BC
S21401E9A0BDE8F84013F0B4BD3846013C1EF058FCF3
S21401E9B0E4B2DDE7F8BD00BF300B0020002210B541
S21401E9C0084C1046114618F00BFFA06A0BF0B2F97E
S21401E9D018F011FF20461EF06BFBBDE81040082022
S21401E9E0FFF712BD300B0020014B986A1DF0D2BB19
S21401E9F0300B002038B5154C0546A37A834211D05A
S21401EA00431E042B08D8DFE803F0030E1217190083
S21401EA10A06A0BF065FE28B92846A57201F016FB20
S21401EA200B4B186038BDA06A18F0EEFEF3E7012123
S21401EA30A06A18F0EBFEEEE70321F9E7FFF7B8FD51
S21401EA400028E9D0A06AFFF7CFFFE4E7300B0020EB
S21401EA50C41B002073B50446408900F0CBFA0E4D66
S21401EA60A07B0026287218F093FE6872E07B00F007
S21401EA700F00FFF7BFFF0096A37BD4E90021A86A29
S21401EA801DF0ACFB32463146304616F090F8206851
S21401EA9018F0B0FE02B070BD300B00200023F0B5B8
S21401EAA0012785B0174E00938DF80C30C0F3401344
S21401EAB08DF80E30C0F3001304461546F7728DF834
S21401EAC0047002918DF80D30FFF7DEFE20B10420B0
S21401EAD018F073FE05B0F0BD284618F086FE717A70
S21401EAE003466A46B06A1DF0BBF906462A46384612
S21401EAF0C4F3801118F074FE16F05AF8002EE6D111
S21401EB00E8E700BF300B0020F0B5174D85B007468B
S21401EB1010462A7218F03CFE16466872024600201D
S21401EB20CDE902600B980C4601900A9801390090D5
S21401EB30C9B2A86A1DF061FB06462046AC7201F018
S21401EB4085FA0124094BEC72186016B1002005B055
S21401EB50F0BD3846FFF798FEC0B20028F6D18020F7
S21401EB60FFF762FC2046F2E7300B0020C41B0020B2
S21401EB702DE9F0434FF0010985B0224F04460D46BA
S21401EB8090460021102268461E4687F80B901DF01D
S21401EB90E4FEB86A0BF0CEF800238DF80430E306E5
S21401EBA00095CDF8088006D5174B1B681B888DF895
S21401EBB00D9043440293002330468DF80C30C4F385
S21401EBC040138DF80E3018F010FE6A460346797A27
S21401EBD0B86A1DF045F928B1042018F0EEFD05B01D
S21401EBE0BDE8F0832046FFF74FFE07463346012176
S21401EBF02846C4F3801218F0F4FD15F0D9FF002F53
S21401EC00EAD1ECE7300B0020C41B00200122094B9F
S21401EC1010B50C46DA72FFF737FE10B1042018F073
S21401EC20CCFD22460021012018F0DAFD15F0C0FFC8
S21401EC3010BD00BF300B0020F8B5044615F0B9FF33
S21401EC400746A179E279114E521A0C310123B06AB6
S21401EC50D2B221441DF0B8F9E579A379ED1A57FA35
S21401EC6085F524680CB93561F8BDA179E2790023F0
S21401EC70521A0C31D2B2B06A21441DF0A5F9E379DB
S21401EC80A2799B1A55FA83F5EBE700BF300B0020FB
S21401EC90F8B502230E4E0D46F372FFF79DFD0446AE
S21401ECA020B1BDE8F840042018F087BD284618F0CA
S21401ECB09CFD07462A462146012018F091FD3B4659
S21401ECC02246717AB06A1DF0C7F80028E9D1F8BD6E
S21401ECD0300B00200222084B10B50C46DA72FFF703
S21401ECE07BFD10B1042018F068FD224600210120AA
S21401ECF018F076FD10BD00BF300B0020014B187BCD
S21401ED00704700BF300B002068B1084B194653F816
S21401ED10042F0AB18242FAD25B1A9B10013BDBB286
S21401ED20034A137370470123FAE700BF8CE303001D
S21401ED30300B0020014BD863704700BF300B00201A
S21401ED4073B50F4B04469B7C0E4EFF2B15D100234B
S21401ED50ADF804000DF10302B06A01A98DF8033085
S21401ED600BF088FC9DF8035022462946B06AF6F758
S21401ED70DFFB40EA052002B070BD034B1D78F3E7C8
S21401ED80A6250020300B0020A0250020044BC2B28F
S21401ED90C0F30721986A82B002B0F6F749BC00BFFB
S21401EDA0300B002010B50D4C0021A06A0BF02EFA96
S21401EDB00B49A06A1DF0DDF8FE21A06A1DF0C8F817
S21401EDC0A06A0BF077FA074BB3F90C208242C8BF52
S21401EDD098819A891A80DA895A8010BD300B0020F2
S21401EDE0A0250020A6250020F0B585B0ADF80210BC
S21401EDF0ADF8042069464FF0C812ADF806304FF062
S21401EE008213ADF80000CDE9022304200B460C4C1A
S21401EE1002ADB4F90C70B1F9002035F9026BBA42B3
S21401EE20A8BF3A46B242A8BF3246013821F8022BA3
S21401EE30F1D103CB034B6060596005B0F0BD00BF54
S21401EE40A6250020AA25002073B50546F6F76AFC1C
S21401EE502F4E0368FF2D336083882E4CB3803378A2
S21401EE6018BF1D46A5742C4D8DF801300DF1030316
S21401EE70A86A0DF102020DF101011DF044F99DF899
S21401EE80013040B90133DBB20B2B8DF80130EDD9DF
S21401EE90012002B070BDA27CFF2A00D0A3748DF8B9
S21401EEA0053033709DF802308DF804300198FFF775
S21401EEB06DFFC828A8BFC8209DF80330A0818DF833
S21401EEC004300198FFF762FF144B9842B8BF18460A
S21401EED0E081B4F90C00FFF733FFADF804000198A8
S21401EEE0FFF754FFA081B4F90E00FFF729FFADF834
S21401EEF004000198FFF74AFF4FF6FF73238264234D
S21401EF00E0811A4618461946FFF76EFF0020C0E753
S21401EF10A0250020A6250020300B00200CFEFFFFB8
S21401EF200346034AB2F902000BB1FEF773BA704703
S21401EF30A6250020084B10B5B3F9004030B903EB05
S21401EF404103B3F902309C42A8BF1C46A242A8BFA7
S21401EF502246104610BD00BFA6250020014BB3F97E
S21401EF600E007047A6250020014BB3F90C00704730
S21401EF70A625002073B5064613F0C4FA0C4D0446C8
S21401EF80B5F90E00B5F90C30B042B8BF304698421C
S21401EF90A8BF1846FFF7D4FEADF804000198FFF7A6
S21401EFA0F5FE6880204602B0BDE8704013F0B0BAA6
S21401EFB0A625002073B5064613F0A4FA0C4D0446A8
S21401EFC0B5F90C00B5F90E30B042A8BF30469842EC
S21401EFD0B8BF1846FFF7B4FEADF804000198FFF776
S21401EFE0D5FE2880204602B0BDE8704013F090BAE6
S21401EFF0A6250020F0B5C0F3072585B0FE2DADF897
S21401F000040027D09DF8047013F07CFA124C0646D3
S21401F010637CAB420ED0114B02A918689B88029004
S21401F020ADF80C300E4B8DF80850986A1CF0A1FF15
S21401F030FF232374237CBB4206D0094B3946986ACA
S21401F0401CF086FF27746574304605B0BDE8F040B5
S21401F05013F05EBA05B0F0BDA6250020A02500205D
S21401F060300B00202DE9F04707460E461446DFF820
S21401F070409086B00DF10808A9F1100A3A468021A1
S21401F0805046CDE900980A4BF7F70AF80028F5D163
S21401F090102C254628BF102530462A4641461DF02D
S21401F0A091FC641B2F442E44E8D106B0BDE8F087DE
S21401F0B0632E002030B589B020226946FFF7D2FFC3
S21401F0C06A460C4D04AB144603CC9C42286069602A
S21401F0D0224605F10805F6D1074C08AD1A4603CAC3
S21401F0E0AA4220606160134604F10804F6D109B013
S21401F0F030BD00BF532E0020632E002010B588B00F
S21401F1006946202012F046FE044630B96846FFF7ED
S21401F110D1FF0122024B83F82020204608B010BD03
S21401F120532E002070B5134B054693F820300C463D
S21401F1308CB00BB9FFF7E2FF0023CDE90033CDE930
S21401F140023354B91C22214605A804941DF005FC7F
S21401F15004A8FFF7AFFF0CB070BD102C264628BFE1
S21401F1601026294632466846FFF77CFF3544A41B25
S21401F170E7E700BF532E00202DE9F84FDFF868902F
S21401F1808246D9F800B088461746BBF1000F28D052
S21401F190002699F80450B54207D13D7099F804004D
S21401F1A0A84214BF0120022017E074196110C1EBB8
S21401F1B0C10159448879C4F3470400F00100B8EB53
S21401F1C0000003D1062250461DF09DFB002806DBF9
S21401F1D002D0661CF6B2DEE73C70BDE8F88F254625
S21401F1E0D9E70320F9E700BFF41D00200022014BF8
S21401F1F01A717047F41D0020F8B5054613F082F920
S21401F200104C85F3070563790646AB4205D1002409
S21401F210304613F07DF92046F8BD00272068657159
S21401F220277110B11EF05EFA27606379002BEED0CD
S21401F230C5EBC50012F07EFD20600028E7D16071A5
S21401F2400724E5E7F41D00204840704700EB001056
S21401F250084480B2704700BF90FAA0F000BA80B2AE
S21401F260704700BF044BD3F8012002605B7903F0BE
S21401F2701F030371704700BF742E0020234B2DE936
S21401F280F041002914BF0C461C46002506461746C9
S21401F29013688AB0C4F801301379257063715FFA78
S21401F2A085F84146384618F00FFB38B1237803F14C
S21401F2B028026A44013302F8288C23700135252D73
S21401F2C0EDD194F800803EB142466946A01D1DF07E
S21401F2D079FB0AB0BDE8F081B8F1000FF9D005342A
S21401F2E0F5B22946384618F0EFFA40B9B5FBF8F3FF
S21401F2F008FB13550AAB53FA85F515F8285C013659
S21401F300252E04F8015FEBD1E3E700BF742E002041
S21401F310034B002818BF03460B449879704700BF7B
S21401F320742E0020F8B50D4682EA124296B2314696
S21401F33003462846FFF788FFFFF78EFFFFF786FF95
S21401F340FFF78AFFFFF782FFFFF786FFFFF77EFFD3
S21401F3500546FFF779FF164C002B14BF1F462746BC
S21401F3600446144B781CA3FB0423E21A03EB520356
S21401F3705B0903EBC30203EB8203E41AE4B2214602
S21401F38018F0A2FA40B93B786E40B6B206FB03F31A
S21401F39007EB1347B879F8BD7B1D2A3701E09F427A
S21401F3A004D013F8010F8442F9D1F4E72046F8BDE2
S21401F3B0742E00204D91CFBA064B074A01201A60E1
S21401F3C0064B074A1A60074B074A1A60074B084A5A
S21401F3D01A60704740190020397903003C19002053
S21401F3E07379030038190020377903003419002097
S21401F3F071790300042808BF032008B5FF21FDF733
S21401F400C3FF42F21072064B00F5AF7090422CBF5C
S21401F410C3F89C00C3F89C20C3F8980008BD00BF41
S21401F420F41A00207FB56D46224CFFF75BFA04F113
S21401F43058030FCB85E80F0094F876309DF80F201F
S21401F440002163F303028DF80F2094F8AC2003F03B
S21401F4500F03C8208DF80E2018F043FA01462846FF
S21401F46018F0E0F92846FFF7F5FA15F0B0FB002290
S21401F4700146042015F09BFBD4F8B05018F0C2F9F1
S21401F480636A2D1A13F4003FD4F8B0100CBF102095
S21401F49011208C2D94F8A53001F5FA6606DC1A4683
S21401F4A03146FFF7FBFA012004B070BD3246FFF784
S21401F4B05FFBF8E7F41A002073B5437901906FF308
S21401F4C00003437101221C2101A81DF0C1FF48B1B0
S21401F4D0144A01A8536A43F4006353621DF0E8FD21
S21401F4E002B070BD019A104C537904F1180643F02E
S21401F4F001035371937913440C33254603CDB5426A
S21401F500186059602C4603F10803F6D128681146A5
S21401F510186006481DF09AFE4FF0804000F0D6FFB6
S21401F520DEE700BFF41A00205C1B0020141B00203D
S21401F53010B50A4CD4F8A80020B194F88B30012BF2
S21401F54001D0002010BD18F05DF9D4F8B030181ABB
S21401F550B0F57A7F94BF0020012010BDF41A002078
S21401F56010B5124C636A1B051FD501201DF033FF31
S21401F57028B9BDE810404FF0804000F0A7BFB4F8AE
S21401F5806C3023F0600343F04003A4F86C30FFF7BF
S21401F59093FF04F1240353E8003F23F4006304F1CE
S21401F5A0240141E80032002AF3D110BDF41A0020EC
S21401F5B010B50D4CD4F8A8308BB1FDF7BBFE04F1A5
S21401F5C08C03834201D1FFF78DF900210748FDF72F
S21401F5D09BFD0748FBF7A0FC0023C4F8A830BDE854
S21401F5E01040FFF7BDBF00BFF41A0020801B0020AB
S21401F5F0881B002010B50446FDF79CFE844201D10D
S21401F600FFF770F9084BB3F8B42032B9D3F8942059
S21401F61012F4601F08BFA3F8B420FFF7C9FFBDE8C6
S21401F62010400120FDF7B4B9F41A0020F7B5424C9A
S21401F63005460E46174618F0E5F894F88B30022B6F
S21401F64005D0D4F884301B1AB3F5FA7F2FD23B4B82
S21401F6503B4AEE61CDE900323846D4F8843094F85E
S21401F660882094F87610FFF74FFA064615F0AFFAA1
S21401F67000220146042015F09AFA0020FFF75AFBF3
S21401F680A54209D1D4F8A83033B1012104F18C0088
S21401F690FDF73AFDFFF78CFFD4F88430C4F8B0309C
S21401F6A094F8883084F8AC30304603B0F0BDA542FB
S21401F6B014D1D5F8A8208AB1D5F8B020121A9342F1
S21401F6C005D300212846FDF71FFD0126ECE70121A1
S21401F6D005F18C00FDF718FDFFF76AFFD4F88430BA
S21401F6E00021C4F8B03094F88830284684F8AC304D
S21401F6F0FDF70AFDD4F88430C4F8A860C4F8903049
S21401F700637E84F8A530FDF797F80E4B1B6888B129
S21401F710DB7994F8A52094F8760093423CBF02F179
S21401F720FF32D3B284F8A530FFF764FE0648FDF732
S21401F7309DFCCAE75B78ECE7F41A002055555500A6
S21401F740D6BE898EC41A0020801B00202DE9F04FFA
S21401F7508D798BB00C350D44EB7A07910390002B15
S21401F7603BD017462E7B8B46B20916F03F0618BFD4
S21401F7706E7B0292012F05F10E029046049200F074
S21401F780978140F28081FA1E012A26D8029AB2FA9F
S21401F79082F94FEA5919B9F1000F1ED02A7B02F0FF
S21401F7A03F029A4219DABB4C636A23F40033636260
S21401F7B02B7BC3F38113013BDBB2012B5AD958468D
S21401F7C0FEF7CEFF94F88A3083B194F88B30002F81
S21401F7D040F08780F2060BD453B107A81DF068FCF1
S21401F7E04FF0000948460BB0BDE8F08F002F78D1E6
S21401F7F07F20DDF81CB02B7B9BF806A04FF0FF0C9A
S21401F8000AF10C0ADA449AF8071084F878004FF6E1
S21401F81000704FF0000E94F86720A4F87600C2F34B
S21401F820030002F00F029B09052AA4F86C3084F845
S21401F8306EC0A4F87AE084F8750000F033811BB13D
S21401F840636A43F400336362F3071CD5D5F80E30C0
S21401F850049AC4F86F3092888F4B9A80AB7A13F073
S21401F860400340F07782626A22F48052626284F832
S21401F8706E304DE0012FA2D19BF806A00AF10C0ACA
S21401F880DA44F10740D4B20746D4730700F18D80FD
S21401F890300741BF98F8013008F10208C3F303139B
S21401F8A084F87730012F40F091809AF80C3003F0FD
S21401F8B0C003402B02D0802B40F088800023626A70
S21401F8C0B4F86C0022F40032F10620F06000A4F8CF
S21401F8D08A30626248BF08F1030880B2A4F86C005F
S21401F8E092E0DDF81CB0042F9BF806A00AF10C0A82
S21401F8F0DA44C6D1B4F86C30580754BF0A230E2335
S21401F900F107A4F86C30BED594F86E30FF2B9DD06D
S21401F910B20705F11408B8D5BB1E022B40F2DD81F3
S21401F92094F83000AA7AB0FA80F35B09B3EBD21FE1
S21401F93000F0D681003818BF01204146FBF7BCFD18
S21401F9400346A87A4146C009059315F06DF906905D
S21401F95015F05BF9616A069A01F4807C05991346F5
S21401F960002900F0C881AB7ADB09002A00F0AD80DF
S21401F970BCF1000F00F0A980002840F0A980FE230A
S21401F98084F87C30D8F8003008F10608C4F87D30D9
S21401F990B4F86C3038F8022C43F00403A4F86C3049
S21401F9A03E4B9A8073077FF573AF15F010F94FF64B
S21401F9B0FF73CDF804B000930146374B94F86E20E0
S21401F9C0042008F1010815F0FAF861E7344ADAF87C
S21401F9D0003000924146324694F8560015F001FC7C
S21401F9E08044B4F86C0094F88A3020F06000626AB3
S21401F9F080B2002B3FF472AF94F8893040F02000BB
S21401FA00A4F86C0084F8763016F0200A1BBF98F82C
S21401FA10023098F80310CDF814A043EA01231EBF64
S21401FA20CDF81480A4F87A3008F11208012F56D0C8
S21401FA30069215F0F7F8F2060DD4069A80F001004A
S21401FA40C2F3C01BC3B25A46134994F86E0017F0AE
S21401FA50F7FE002856D0042FDDF81CB077D8022F09
S21401FA6070D8002F73D1029B626A022B00F0F881D6
S21401FA7094F88B30002B40F06881BAF1000F40F00B
S21401FA80CF81D14669E0029AB2F1030918BF4FF05F
S21401FA90010980E6F41A0020631B0020711B002078
S21401FAA0781B0020042908BF032184F87510C6E6D8
S21401FAB0AB4AB2F86C90029A09F00309A9EB020965
S21401FAC0B9FA89F94FEA591965E600283FF458AFA3
S21401FAD094F83030002B40F09681022350E753070C
S21401FAE000F1BE80C2F3C01B15F09CF880F0010344
S21401FAF05A469C4994F86E00DBB217F0A1FE002826
S21401FB0040F0E481BBF1000F00F03881BAF1000F3C
S21401FB103FF463AE94F87720924994F86E002E680D
S21401FB2015F019FC00283FF458AE05F10C0094F8C6
S21401FB30764016F09DF931460346059A204615F0A3
S21401FB400CFC4AE694F88B30002B40F0F280BAF1B8
S21401FB50000F40F06581D146626A730648BF98F887
S21401FB600030CDF820B048BF84F878302B7BD00722
S21401FB7003F03F084FD5002F54D1F1064BD44FF078
S21401FB80FF3108A8FEF736FD0898FEF7E9FDAB79C8
S21401FB9008A884F86B306B7908F10D0184F8793088
S21401FBA01DF06DFB0898002852D0C780B4F86C3061
S21401FBB0099003F06003202B636A4FF001020CBF2B
S21401FBC043F4006323F40063636243791C216FF3FB
S21401FBD00003437109A81DF03BFC002840F03A8160
S21401FBE0099E614C7379B57943F00103737135440D
S21401FBF00FCCE86029616A61AB6107CCE8612962D4
S21401FC00A4F1640031466A621DF020FB4FF080408B
S21401FC1000F05CFCE6E508A81DF04AFA48460BB081
S21401FC20BDE8F08F4FF0FF3108A8FEF7E3FC089817
S21401FC30FEF796FDAB7908A884F86B306B7908F16E
S21401FC400D0184F879301DF01AFB08980028ADD113
S21401FC5001201DF0C0FB089000283FF4C3ADA5E7C6
S21401FC60029BD8077FF53EAFDDF81CB00297C2F3C2
S21401FC70003394F87620012100920020394AFEF7DD
S21401FC8057F981465846FEF76BFDB9F1000F40F073
S21401FC90F080BAF1000F40F0A680029B002B00F026
S21401FCA0BC80D4F824A014F0BDFF034683F0010302
S21401FCB0CAF3C0122B4994F86E00DBB20AF0800A30
S21401FCC017F0BEFD00283DD1BAF1000F7FF485ADD7
S21401FCD0514614F0AFFFA8B37FE508F10608D4E556
S21401FCE04146D00914F0A0FF059014F08EFF616A1A
S21401FCF0059B01F4807C33B1BCF1000F7FF43CAE70
S21401FD0000287FF4E5AED4F8A8307BB1FDF712FBEE
S21401FD10164B834200F0C88000211448FDF7F4F921
S21401FD201348FBF7F9F80023C4F8A830FFF718FCCE
S21401FD3053E5002203980F49FFF778FC8146BAF194
S21401FD40000F6FD1DDF81CB006E703980A49C2F32D
S21401FD504042F1E7626A012342F4805286E500BF21
S21401FD60F41A0020631B00205C1B0020801B00206F
S21401FD70881B0020DF790300E9FE0100594658463A
S21401FD8014F058FF00287FF4C1AE042FDDF81CB034
S21401FD903FF6DDAE022F3FF6D5AE002F3FF463AE41
S21401FDA0012F7FF4D4AE626A029B51075CD4012B0B
S21401FDB003D902F00303032B63D094F88B3033B3DB
S21401FDC003984649C2F34042FFF730FC03465846C3
S21401FDD09B46FEF7C5FCBBF1000F1BD0BAF1000F26
S21401FDE0B0D00023029394F877203D4994F86E0032
S21401FDF0D5F800A015F0AFFA002848D1029B002BD9
S21401FE007FF44FAF9EE7012B08BF0323B8E55846A2
S21401FE10FEF7A6FCBAF1000F5BD14FF0000991E79F
S21401FE204FF0000994F877202D4994F86E00D5F824
S21401FE3000A015F090FA002884D005F10C0094F883
S21401FE4076B016F015F851460346059A584615F051
S21401FE5084FA77E7636A09A843F400636362DBE622
S21401FE6091073FF505AE08E6D807D0D500230293E3
S21401FE70FDE659460020FEF743F8BAF1000FBDD063
S21401FE80B1E7584617F0E2FD88B9626A95E705F1D1
S21401FE900C0094F876B015F0EBFF51460346059A30
S21401FEA0584615F05AFAA9E7FEF71CFD34E7A97A79
S21401FEB00498C1F38011FDF765FF0028A7D0094B10
S21401FEC0039A5846D361FEF74BFC87E7DDF81CB072
S21401FED069E700239946029385E700BFDF790300AF
S21401FEE0631B0020037A0300042810B50C460FD0CC
S21401FEF006D8032816D02146BDE8104017F03ABDB3
S21401FF00431F012BF7D82046BDE81040FFF772BB10
S21401FF100022064B0120A3F88A2017F045FD002891
S21401FF20F1D010BDBDE81040FDF752BFF41A002015
S21401FF3004282DE9F74F0D4617D007D8032872D0AD
S21401FF40294603B0BDE8F04F17F014BD431F012B3F
S21401FF50F6D8831F584258410021FCF70DFE28466B
S21401FF6003B0BDE8F04FFFF745BB4FF0000901A80D
S21401FF704FF0FF31CDF80490FEF73CFB0198DFF817
S21401FF80C88048B1FEF7ECFB0198FCF74DFF082846
S21401FF9017D001A81DF08CF8FDF7CCF9854201D1E8
S21401FFA0FEF7A0FC01212846FDF7AEF8FFF700FB9F
S21401FFB0D8F83830002B41D003B0BDE8F04FFCF73D
S21401FFC07BBB019CD8F83870A379BE790C331C44EE
S21401FFD014F017FEE8B114F011FE002819DB0C36F8
S21401FFE0B85D07EB060B0BF1080A4A465146C009F5
S21401FFF014F01CFE68B1D4F80E30CBF80830638AD2
S214020000ABF80C30A37ABA5DC3F3801363F3C7125E
S214020010BA55FEF767FC002294F9051098F87600A8
S214020020FCF7FCFDB5E7074B11201B685978FEF775
S214020030EDFD054A536A43F02003536203B0BDE860
S214020040F08F00BFC41A0020F41A0020052808BF4B
S21402005003200622024B013802FB0030704700BF25
S214020060B2E30300014B186E80B2704700C001B8BD
S2140200700A4BD86800F07060B0F1106F0CD008D848
S214020080B0F1E06F08D0B0F1006F14BF002001207D
S2140200907047B0F1406FF8E701207047000002B8E1
S2140200A070B50E4615460446A8B111F091FE98B9F1
S2140200B00A4B1C600A4B1E600A4B1D6013F0ACFD17
S2140200C011F032FE02F04CFD074802F055FDBDE885
S2140200D0704002F0E1BA212070BD00BF181E002059
S2140200E0141E0020101E0020351D03002DE9F041CD
S2140200F0854D86B011F0ECFD1120844911F03AFCD2
S2140201002B6851215A685423B2FBF3F2002392B2B1
S214020110184611F0D5FB0446002840F0DF8011F0A7
S2140201206FFC7B4B19687B4B186809F0C3F900F02B
S214020130A1F90446002840F0D1800A20764A774981
S21402014011F0E6FA0446002840F0C88011F046F99D
S2140201500221322004AA00F04DFA28B94FF0FF30EF
S214020160BDF810101BF02EFF6E4600233246062105
S2140201702C208DF8063000F03DFA58B9304618F0BB
S21402018061FA08B130287DD13C2000F051FA2C20CB
S21402019000F04EFA9DF80630190740F1848096E882
S2140201A00300ADF80C10090C02908DF80E109DF8A5
S2140201B0063013F0280F07D1DDE90201ADF804106E
S2140201C0090C00908DF806102B68186900287FD15C
S2140201D02B685A690AB9524A126852490A609A69E1
S2140201E00AB9514A126851490A6093F82220D20786
S2140201F078D413F0BBFC02A902460746286817F01B
S2140202006CFC0446002869D10AF0E2FB13F0F7FC06
S2140202100446002862D1012000F07EFE444B186896
S2140202201DF03CFA0446002858D118F072FF044626
S21402023003F078F8804618F038FA4146024620461F
S21402024016F04BFB0446002848D12B681B689B051A
S21402025011D4B7F5FA7F0ED912F04DF901210546F1
S2140202600846F7F797FD0121324A084613F0D8FBF5
S214020270284612F044F9304600F0CCFE2E4811F023
S21402028041FA2BE001213C2004AA00F0B3F940B960
S2140202909DF81030012B14BF492372238DF80630C7
S2140202A078E74923FAE7F5F727F8CDE90401030CC6
S2140202B08DF80A30BDF81530ADF80800ADF80B30F1
S2140202C09DF817308DF80D3049238DF80E306EE705
S2140202D018F000F9044600283FF47AAF204606B02C
S2140202E0BDE8F08193F8232000234FF0FF3004A9E5
S2140202F0CDE904338DF812201BF014FE00283FF4DB
S21402030078AF40F20C44E9E7181E0020351D0300C2
S2140203101031002030310020517A0300C5830100DD
S21402032018E303000C1E002014E30300081E00203E
S214020330141E0020D3E30300BD03020000220321A3
S21402034001481CF0A2BD00BFD81F00202DE9F041D5
S214020350114818F02EFAE8B9F8F734F805460E46B2
S2140203600D4F07F10C082846314618F01EF911F019
S21402037071F80446384618F018FA10B940461CF0D0
S21402038097FE02F0A9FC08B9002CECD1BDE8F041BA
S21402039018F08AB9BDE8F08138310020012310B583
S2140203A0044C2370044B1B6803B198470023237048
S2140203B010BD00BF9F2E0020081E002050EA010339
S2140203C037B504460D4604D103B0BDE83040FFF70A
S2140203D0E5BFB1F1FF3F08BFB0F1FF3F13D0F7F71B
S2140203E0F1FF221845EB010308490948C1E9002339
S2140203F000239D420CBF21464FF0FF31CDE900336A
S214020400044A13F023FB03B030BD00BF700B00207C
S2140204102C1F002019040200D3B512F073F804460C
S214020420F7F7D0FF0B46104AD2E90067B04273EBEB
S214020430070107D3FFF7B2FF204602B0BDE8D0405F
S21402044012F066B8D2E900670022311A67EB03039E
S2140204509342CDE90022134618BF4FF0FF31034AFC
S214020460034813F0F3FAE7E7700B002019040200C2
S2140204702C1F00200D4B98420DD8023B984210D8F4
S21402048070B1023B98420ED020F0704020F46040DB
S21402049000F590607047064B9842F5D140F21C403A
S2140204A070472120704740F21B4070470AE000F078
S2140204B00BE000F00023044A52E8000F42E8003145
S2140204C00029F9D1FBF760B84C1F0020054A52E814
S2140204D0003F034342E800310029F8D1024B1B6873
S2140204E0184700BF4C1F00200C1E002037B51C68A2
S2140204F0E10705D518F04CF8164917481CF0D1FC50
S214020500A20723D501F074FCD0B9144D019011F066
S214020510F9FF044628461CF0E9FD0190204611F03A
S214020520F7FF019890B143799B070CD401A80221EA
S2140205301CF0A5FE019801F04BFC17F0D8FFE6E789
S21402054017F0D5FFDEE701F037FCF6E7002003B030
S21402055030BD00BF4C310020D81F0020501F0020A5
S21402056008B5054810F046FF044B01211870BDE897
S214020570084010F04FBF00BF5C310020A02E0020C4
S21402058038B5044648B111F0BDFF05462146084875
S2140205901CF05CFE284611F0BBFF064B022193F9C5
S2140205A0000010F037FFBDE83840FFF7F7BE00BF87
S2140205B0501F0020A02E0020F8B50C4B0C4F04460E
S2140205C00E4638681968154608F074FFFFF752FFA2
S2140205D050B933462A46386844F4802109F044F874
S2140205E0BDE8F840FFF746BFF8BD00BF1031002057
S2140205F030310020F8B50C4B0C4F04460E463868D6
S2140206001968154608F056FFFFF734FF50B933460F
S2140206102A46386844F4802109F070F8BDE8F840AC
S214020620FFF728BFF8BD00BF103100203031002090
S21402063038B50A4B0A4D04461968286808F03AFF8E
S214020640FFF718FF40B9286844F4802109F03CF906
S214020650BDE83840FFF70EBF38BD00BF103100209E
S214020660303100202DE9F043134B0E461968134B28
S21402067005468DB01868174608F01CFF80B9334649
S2140206800A222846009702A91BF035FA4FF0000806
S21402069004460DF10809444505D1002CEFD1204649
S2140206A00DB0BDE8F083284659F8041B09F00CF992
S2140206B008F10108EFE700BF1031002030310020BA
S2140206C0F8B50C4B0C4F06460C463868196808F00D
S2140206D0F1FEFFF7CFFE054648B9E24316FA82F26C
S2140206E0386842F4802246F48021FFF7BBFF284692
S2140206F0F8BD00BF10310020303100200022034B2D
S2140207001A609A80FF229A71704700BFC32E00209B
S214020710064A1379834207D901231268834013429B
S21402072014BF01200020704700207047541F00208D
S214020730054A03461068002208B91A607047C107C6
S21402074048BF01324008F7E7541F0020014B1879D2
S214020750704700BF541F0020F0B541EA002087B062
S21402076040F4902606200F461546F5F771FB1CF05E
S214020770B7FF044640B901461A2004F037F96FF075
S2140207808C05284607B0F0BD43688660DAB222B907
S21402079023F0FF0343F001034360F4F799FD0528B5
S2140207A004BF40F201136360062F204B0CBF40F2D9
S2140207B001114FF48071204617F0D9F92361E369DD
S2140207C06BBB4FF4105323808023638002AB2A4610
S2140207D01E4605F110071D4610685168083203C50B
S2140207E0BA422B46F7D1102130461CF034FF1022B5
S2140207F03146204601AB13F068FD054620B101469E
S21402080040F2074004F0F2F8102130461CF031FFA7
S214020810204613F0B8FF20461CF064FFB1E7002321
S2140208204FF410511A4613F0BAFFCDE700444004C5
S214020830102A2DE9FF4706460F46154623D8002400
S2140208404FF00109DFF84480DFF844A0D8F8002012
S21402085009FA04F3134213D046EA042040EA0A00D7
S2140208606A46E9B280B2FFF7C5FE48B92A4639465B
S21402087068461CF048F818B960B204B0BDE8F087C4
S2140208800134202CE2D14FF0FF30F6E7541F00204F
S2140208900080FFFF2DE9F3411D4E05460146062264
S2140208A030461CF030F820B996F9060002B0BDE8D2
S2140208B0F0810024A046EF1C2046FFF729FFD8B19E
S2140208C03B88CDF80080ADF80330BB786946E0B2CD
S2140208D08DF805301AF013F821280DD0A8B9032296
S2140208E0294668461CF00FF830B92B6860B23360B0
S2140208F0AB88B071B380D9E70134202CDCD12B68E9
S2140209003360AB88B380FF23B3714FF0FF30CDE77F
S214020910C32E0020034B93F90630013301D1FFF7B3
S214020920EDBE7047C32E0020F7B5044617F0E1FE71
S214020930631C58D1FFF7E2FE0024624E3379A342CD
S2140209402CD84FF4004100240846FFF7B9FE2022B7
S2140209504FF0FF315C4834601BF0FFFF204602F088
S2140209606BFAFF260446594D5CBB594813F0AEFBA2
S214020970014630B110F1880F03D040F2074004F070
S21402098035F80C214F4A43F6FF70FFF715FE20217B
S21402099038204D4AFFF710FE00202AE02046FFF7D7
S2140209A0B7FE60B165B20521284617F0E2F80321CA
S2140209B0284617F0DEF80621284617F0DAF8013442
S2140209C0BCE794F97530013305D02B7843B913216F
S2140209D0204618F0A0FB204602F02EFA0446C3E793
S2140209E084F87560F7E72046FFF792FE18B940F2E2
S2140209F0064003B0F0BD6B4606220021204617F0E3
S214020A00FBF8002845D049238DF806304FF47F4185
S214020A10304840EA04200840FFF752FE05212046EF
S214020A2017F0A7F80321204617F0A3F80621204660
S214020A3017F09FF801222349E3B29A400B6823EA93
S214020A4002030B60244B93F90630A34201D1FFF751
S214020A5055FE002005460B791B4A013BC1B299425E
S214020A6021DBFF260020D65402F0E6F90546174F92
S214020A70002D86D095F97530A34205D13B78EBB9A7
S214020A801321284618F047FB284602F0D5F90546FA
S214020A90EEE76B4606220121204617F0ADF8002845
S214020AA0B4D07223B0E75656A64200D025B15518E8
S214020AB095F90150555401250130CFE785F8756048
S214020AC0E2E700BF541F0020A32E0020A12E002024
S214020AD0370004000080FFFFC32E00202DE9FF41EF
S214020AE0354C064601A8FFF723FE2379019A934266
S214020AF01ED86279012A40D100274FF0FF383D46C2
S214020B0010E02368EB40D9070BD5082202AB11464A
S214020B1068B217F071F820B1039B43453CBF2F46DD
S214020B209846013523799D42EBD378B2FFF7FCFE57
S214020B30236813F0010529D0002501220135202D56
S214020B4018D002FA05F71F42F8D13B432360A36888
S214020B500C21013343F6FF70174A7361A360FFF757
S214020B602BFDA8B1236823EA07032360A368013B91
S214020B70A36073614FF0FF3519E0022AFAD10F4ADB
S214020B80134413F9010D421CFBD0CFE70127DCE723
S214020B9022790A4C013A2146D2B2601C1BF0C3FEEF
S214020BA06DB22246202138202570FFF705FD284623
S214020BB004B0BDE8F08100BF541F0020A32E002021
S214020BC02DE9F043002489B0B54D04213F2001AA47
S214020BD02C70FFF70FFD00B10194019F002F4FD03C
S214020BE000267A1E5742574100242C70AD4D0C2128
S214020BF02A4643F6FF70FFF7FDFCC0B10D23AB801B
S214020C00019B2C60032BAC6011D803AC2246142146
S214020C1043F6FF70FFF7EEFC48B994E8070085E854
S214020C2007002A460C2143F6FF70FFF7C5FC019B1E
S214020C30042B06D004213F200DEB01020191FFF7A1
S214020C40BBFC20213820984AFFF7D4FC28B120228A
S214020C504FF0FF3194481BF080FE03222B795B0095
S214020C60B3FBF2F3914A1370FFF748FDF8F700F969
S214020C70014618B140F2074003F0B8FE002413E024
S214020C8001263746B0E72B68E340DB070BD5082280
S214020C904FFA84F81146404603AB16F0ADFF10B982
S214020CA04046FFF741FE01342B799C42EBD38EB1CE
S214020CB01021372003AAFFF79DFC002858D10620F2
S214020CC0F5F7C6F81CF00CFD044680B901461A205A
S214020CD003F08CFE3FB13D20FFF7AAFC00242B79DF
S214020CE09C42C0F0B880002009B0BDE8F083704A8C
S214020CF043688260DAB222B923F0FF0343F00103AD
S214020D004360F4F7E5FA052804BF40F20113636076
S214020D10684B40F20111204616F029FF2361E36971
S214020D2043BB4FF41053238080231021638003A813
S214020D301CF091FC102202AB03A9204613F0C5FA60
S214020D400646102103A81CF094FC204613F01BFD57
S214020D5020461CF0C7FC3720FFF76AFC46B140F27B
S214020D600740314603F042FE4FF0FF30FFF7DCFD4E
S214020D7000262AE000234FF410511A4613F00FFD06
S214020D80D2E73046FFF7C4FCF0B174B2102203215A
S214020D90204603AB16F030FF1028814620D10321EF
S214020DA0204603AAFFF7D8FC8046494603A81CF053
S214020DB060FCB8F1000F0CD040F20740414603F049
S214020DC015FE2046FFF7B0FD01362B799E42D8D39A
S214020DD080E748F2030040EA062080B2FFF728FCCC
S214020DE010220521204603AB16F006FF1028814686
S214020DF013D10521204603AAFFF7AEFC80464946DA
S214020E0003A81CF036FCB8F1000FD5D148F2050055
S214020E1040EA062080B2FFF70BFC1022062120468D
S214020E2003AB16F0E9FE10288146CDD106212046F6
S214020E3003AAFFF791FC8046494603A81CF019FC5A
S214020E40B8F1000FB8D148F2060040EA062080B298
S214020E50FFF7EEFBB8E72046FFF75AFCF0B166B2A2
S214020E6004220C21304602AB16F0C6FE04280AD134
S214020E70029B0122C3F300238DF80C300C2130466E
S214020E8003AB16F08BFE00231022CDE90333CDE927
S214020E9005330D21304603AB16F080FE01341EE703
S214020EA0A12E0020541F0020A32E0020A22E0020D8
S214020EB03700040000444004F8B5104B0446187985
S214020EC00F4B00221D46D1B2884204D913F9017B8A
S214020ED0561CA74204D10B4B1B788B4202D9F8BD95
S214020EE03246F0E70649481C1BF01DFD2C702021F7
S214020EF0BDE8F8403820024AFFF75EBB541F0020C8
S214020F00A32E0020A22E0020014902481BF0C9BFD2
S214020F106C310020D81F002010220A4B2821DA82CA
S214020F206422C3E906124FF6FF721A8402225A603E
S214020F30002283F82B200F2283F82D0083F82C2022
S214020F40704700BF601F002038B5104C94F82B3055
S214020F50D3B1626812F0010516D104F1080003F05D
S214020F60C9FD16F061FE78B14EF6602294F82C3078
S214020F704FF48271534306482A4610F0E7FB18B92D
S214020F80636843F00103636038BD00BF601F002042
S214020F90D81F002022F00042052A10B50DD0B2F567
S214020FA0827F13D0032A06D1114A536823F0020324
S214020FB0536002F0B3FA002010BD0D4A1B88118D53
S214020FC09942F8D1002313850120F5E7084B5A68A9
S214020FD093F82B4022F00102012C5A60F4D117F04C
S214020FE05DFFFFF7B1FF204602F0E2FAECE700BF32
S214020FF0601F0020004870476F1F0020044890F8CA
S2140210002B1000F10F020830012918BF1046704756
S214021010601F002038B58379044613F0280F25D0C8
S2140210200368134DC5F80F308388A5F8133083790B
S21402103000206B7502F058F940B96B68032043F044
S21402104004036B60BDE8384002F0B2BA436A13F498
S214021050404FEFD1226843F00803C0F80120A2886F
S214021060A0F80520A2794362C271E3E7212038BDC9
S214021070601F00204379024A9B09D05C704700BF7C
S214021080F8E303000B6810B503608B88FF2A04465A
S214021090838002D10723A37109E0032A08D8054BEF
S2140210A09B5C072B837102D1FFF7E4FFA07110BD92
S2140210B00023F0E7FCE303008379024A03F0070308
S2140210C0D05C7047F0E3030010B582798B79094C47
S2140210D002F0070203F00703A25CE35C9A4206D121
S2140210E006221BF010FCB0FA80F0400910BD00206A
S2140210F0FCE700BFE8E303007FB5134B0E46054648
S21402110004460393A0B118F00EF978B900223146CE
S214021110204618F038FA022807D1012331460093F8
S2140211202046042303AA16F038FE0DB104B070BDA3
S214021130204618F0C7F804460028F7D018F0F3F84F
S2140211400028F5D1E2E700BF0100FFFF2DE9F04FCE
S21402115097B08346099118F02CF8099883790C33D6
S214021160C45CC5181CF010F81E2C0646099F24D82D
S214021170012C26D9C54BE340DA0722D5384697F824
S21402118006801CF001F8BBF80A2083B29A4228D2E5
S21402119014F0010240F0A18004F07F03522B00F00D
S2140211A09C801E2C00F09980099B2146009358468D
S2140211B0042317F098FC21240CE004F07F03522B42
S2140211C0DCD02146062300225846009717F08BFCF7
S2140211D041F20614584617F0F1FF204617B0BDE854
S2140211E0F08F47443A7B013B1E2A9BB242D8012A23
S2140211F0CED9023A1C2ACBD801A151F822F000BF60
S2140212009112020091110200951202009111020041
S2140212108B1202009111020081120200911102004B
S2140212209112020091110200951202009111020021
S214021230991202009111020081120200911102001D
S214021240C7120200911102009111020091110200D0
S214021250CB12020091110200CF120200911102007D
S21402126091110200911102009111020091110200E7
S214021270D3120200522A26D0D22A89D10D2B05E09B
S214021280062B0FD0142B83D10CE0052B80D909E056
S214021290022BF8E7042BF6E7032B7FF679AFDB0782
S2140212A03FF576AF022C00F0F380DBF800309B6847
S2140212B09F0516D40BF144001BF0FAFE099BCBF8EF
S2140212C04430002486E7012BE0E7032BDEE7012B00
S2140212D0D9E7002B7FF45CAFE4E709A81BF0E8FE31
S2140212E069E71E2C584600F0918318F01CF8074652
S2140212F0002840F08280584618F010F800287CD06B
S21402130004F07F03522B00F0BC80082C68D1B6B2E2
S214021310152E14BF02201020691D17F0EAFF0028C0
S2140213205ED0DBF81430D8074BBF23F0010343F03E
S21402133001033946012158464CBFCBF81430CBF88E
S214021340143018F007F809980D9017F03AFB044687
S214021350B0F80180B0F803900D981BF015FF152821
S21402136014BF0225102505342146284602F008FE41
S21402137021460390284617F0BCFF0490B8F1000FF0
S21402138000F04381C84500F24081022109200D9AEF
S21402139017F03AFBBBF80A708246023FBFB23E46DF
S2140213A040464FF0FF354946039A18F09EFA044627
S2140213B0002800F06C8118F06EF8002800F0848196
S2140213C001222146584618F00DF903468DF82E00E4
S2140213D0002800F01F810D9A009222460821A3E001
S2140213E0DBF8143013F001063CD023F00103002191
S2140213F05846CBF8143017F0ADFF1E2C63D8032CDA
S21402140066D9231F142B63D801A252F823F000BF1B
S214021410DF160200D1140200CF170200D114020018
S21402142047130200D1140200B5180200D1140200BC
S214021430D3180200D1140200E9180200D1140200E7
S214021440DD140200D1140200DD190200D1140200DC
S214021450D1140200D1140200F9190200D1140200BC
S214021460031A020043F0010301215846CBF8143058
S21402147017F070FF1223324621465846009617F0A0
S21402148032FB09A81BF014FE1BE700BF545545416A
S214021490099DBA4C284617F094FA2188B0F80160E4
S2140214A02A46584617F034FB2388BBF80A10B34284
S2140214B028BF3346172BB8BF17235846ABF80A3057
S2140214C017F063FEFDE6522C00F08F82D22CD8D0A5
S2140214D0099B002200932146062325E0099F3846F1
S2140214E017F06FFA0546B0F80180B0F803A0384648
S2140214F01BF04AFE15280CBF20460220691D02F08A
S2140215003FFDB5F8053004900793B8F1000F07D0F9
S214021510D04505D818F040FB50B91023009701E0DB
S2140215200123009742461021584617F0DCFAC8E617
S2140215303A460221112017F067FA44464FF0FF356B
S214021540BBF80A3005909E1E0393063B9BB2B6B2CA
S214021550089351462046049A18F0C7F9814668B3A4
S2140215605146079A18F00EFA0446484617F093FFBB
S21402157040B94FF6FF739C4201D00134A4B25445E1
S214021580E7D91BE04FF000030DAAADF83430494608
S2140215900CAB584618F0C3F8039ABDF83430053A37
S2140215A09A42089A0690D8BF1346002DADF83430FA
S2140215B009DB9D4202D1EB1CB34208DB691C1CD13D
S2140215C00A230097AEE7351F9D42A8BF1D46042298
S2140215D011A93846ADF84490ADF846401BF0F9FF25
S2140215E02A46384606991BF0F4FF4FF6FF73043E70
S2140215F0761B9C42B6B2C0D1E0E73946059B04355D
S2140216005D70584601F00CFD5BE60D9B00930123CE
S2140216104246E3E6049B13B1204617F020FF20461D
S21402162017F051FFD8B1002D54DC0DA81BF040FD79
S214021630082358468BF81C3050F80C2B40F2025107
S21402164092F870208DF8483000238DF8442011AAB5
S214021650ADF84640ADF84A301BF05FFC31E6ADF817
S21402166044000DF12E032146584611AA18F057F8E9
S214021670BDF844300590BB4228BF3B46002DADF86E
S21402168044300ADBAB4202D16B1CB34209DB6A1C54
S2140216900D9B1FD100930A23BAE7B51E9D42A8BF31
S2140216A01D4602220CA90D98ADF830401BF091FFA2
S2140216B02A4605990D981BF08CFF4FF6FF73023EE3
S2140216C0761B9C42B6B2E2D0601C80B28145BFF463
S2140216D06AAEDCE702350D998AF8015091E7DDF82B
S2140216E02490484617F06DF9B0F80330B0F8018040
S2140216F00493B8F1000F43D0984541D84FF6FF77D0
S2140217004A460221052017F07FF94546BA46BBF83D
S2140217100A400590023CA4B22946584618F0C0F981
S214021720504506464BD04FF400622946584617F0FD
S21402173059FF00283ED1304618F04AFA00280CBF5E
S214021740022310235745039320D0304618F040FA60
S2140217500690384618F03CFA069B834203D1039B58
S2140217600133A34213DB384618F032FA059B0130E8
S21402177019465870584617F09FF9A2E51033002014
S2140217800123CDF8009042460421CDE637460DF1FE
S21402179046013046ADF8445002F048FC039B4846EA
S2140217A09A1C11A91BF015FF039B023CE41A55452F
S2140217B0A4B2D8D0049B0135ADB2AB42ACD24FF640
S2140217C0FF739F42CFD10A23CDF80090DBE7DDF806
S2140217D024900024484617F0F4F8B0F80530B0F824
S2140217E003A0B0F801600746484603931BF0CCFC02
S2140217F0C51FADB2102D0C9458D82A46F91D0DA857
S2140218001BF0E0F8002E53D0564551D84A46012127
S214021810072017F0F9F8A046074633460A249A45E9
S214021820049307D93946BBF80A0017F0D0F8032804
S214021830049B04D8B8F1000F1AD039469AE7ADF8DF
S2140218404430039B5846ADF848300DAB13930BAAB1
S2140218500DF12E0311A9ADF846A0ADF8505018F0C0
S214021860BDF80A280446E5D0BDF82C3030B11E4635
S214021870234632460621CDF8009055E6ADF83030C4
S214021880BDF82E300CAAADF8323039460423BBF828
S2140218900A0017F0A7F84FF6FF72BDF82E309342F3
S2140218A0CBD001334FF001089BB2B8E70424DFE740
S2140218B00124DDE70A23099C8BF81C30204617F02A
S2140218C080F823460022B0F80110584616F035FB81
S2140218D0F7E4099C204617F074F80C238BF81C30AA
S2140218E0B0F803202346EEE7DDF82480404617F0E2
S2140218F068F8054640461BF047FC0023441EBBF82A
S2140219000AA08DF8343061D014F001075ED120466B
S21402191010F010FA064600285ED00AF1FF3322467F
S214021920691C03931BF04EF8424601210F2017F064
S2140219306BF8B1460490002C04DC30461BF0D2FE55
S214021940049917E739F8025B01222946584617F030
S21402195049FE023C8DF8340068B9284617F0BFFCF1
S21402196010B1284617F07BFD284617F0ACFD60B193
S21402197080238DF8343030461BF0B4FE2A460E2102
S2140219809DF83430CDF80080CEE529460DAB58469A
S21402199011AA17F0C4FE9DF834300146002BEAD196
S2140219A0039BBDF84420DB1B9A42C2BF0AF1FF33F9
S2140219B0DB1BADF844304046BDF844201BF009FE60
S2140219C0BDF844309842B8D31F44B4E70423002538
S2140219D08DF834302E46CEE71123F8E75846099A9A
S2140219E0B5F8011016F047FB6BE45846099AB5F8AD
S2140219F0011016F09BFB64E45846099916F0D5FBD5
S214021A005FE45846697816F03BFC3AE516F058FC57
S214021A1037E500BF7FB5174A0646136842F605202B
S214021A2023F00803136017F09BFF054650B1684683
S214021A3002F05EF9002017F045FC044620B929465C
S214021A40FFF75AFB04B070BD1022684604F121016C
S214021A501AF059FF38B10121204617F07BFC636962
S214021A6023F0010363611EB13146204618F049F89F
S214021A702046E0E74420002007B5837801916A46B5
S214021A80082104488DF800301BF047FA03B05DF8D1
S214021A9004FB00BFD81F00200022054BC3E9032227
S214021AA0C3E905221A70DA614FF6FF725A8470474C
S214021AB0B41F0020014B1860704700BFB01F002003
S214021AC082780D4B13B55A60B0F8032091B21029F4
S214021AD010D040F60344A1420CD041795B8C8DF8BD
S214021AE00210ADF8042005216A460448ADF800301D
S214021AF01BF013FA02B010BDB41F0020D81F00203E
S214021B0073B5837901900C33C418C35C132B0ED8BB
S214021B10042B10D9053B0E2B0DD8DFE803F01E0C64
S214021B200C1E0C0C0C0C0C161A0C0C0C2300302B76
S214021B3013D03E2B1BD0F9F791FA019B834202D0B9
S214021B4001A81BF0B5FA02B070BD2046FFF7B8FF39
S214021B50F1E7E2780E4B5A60EDE7204601A901F064
S214021B6009FEE8E7204601A916F0A2FDE3E70025F4
S214021B70084E019B3BB1204656F8043B01A90135AD
S214021B8098470E2DF5D101A81BF092FAD3E700BFB5
S214021B90B41F002000E4030007B500F013F920B1DB
S214021BA003B05DF804EBFFF7ABBF00F017F9019046
S214021BB018B1054B1B681BB1984703B05DF804FBD0
S214021BC001A81BF075FAF8E7B01F0020024610B114
S214021BD0022804D07047032102481BF056B9FFF7CB
S214021BE0DBBF00BFD81F0020024B1A78024B53F807
S214021BF022301847B41F002038E4030010B504460C
S214021C000120FFF7F1FF034B00201C70BDE81040D7
S214021C10FFF7EABFB41F002010B50446062142F2C1
S214021C20050016F06AFC2368C0F80330A388A0F803
S214021C3007300648F9F734FA16F0A3FC407920B1CB
S214021C4016F09FFC407940F4805010BDDB60030024
S214021C5010B5044606214FF6284016F04EFC2368BF
S214021C60C0F80330A388A0F807300648F9F718FA38
S214021C7016F087FC407920B116F083FC407940F4D8
S214021C80805010BDA5B1010038B505460C4669B9AD
S214021C90022142F21B0016F030FCB5F86E30A0F8B6
S214021CA003300D48BDE83840F9F7FAB9122142F27E
S214021CB01A0016F022FC2146B5F86E30053020F8E0
S214021CC0023C04F1100351F8042B994240F8042B0D
S214021CD0F9D10248E6E700BF67630300A363030087
S214021CE001481BF003BA00BFC41F002040F6FF7372
S214021CF02DE9F3410D46B0F86E100192994205D1D6
S214021D0001A81BF0D5F902B0BDE8F08111461346D2
S214021D1001229BBB1E481BF099FAFFF7E1FF04461F
S214021D200028F0D01BF030FA6379074603F001086A
S214021D306FF30003637104212046A6681BF04FFB75
S214021D404379044668F300034371DB438179B6F8AE
S214021D506E200C31866003F001036254C2F3032244
S214021D60084442EA03124270478022463046294619
S214021D7016F0A3FC2046F9F7A7F9CEE75C7998603F
S214021D8024F0030414435C7100221B68C1E700BF01
S214021D90C41F002070B50546064C206800B970BD09
S214021DA08368AB4204D106680FF05EFE2660F4E755
S214021DB00446F2E7C41F0020014601481BF046BA5B
S214021DC0C81F002001481BF091B900BFC81F0020A1
S214021DD0014601481BF03ABAC01F0020034BD868E0
S214021DE018B103F10C001BF081B97047B41F002034
S214021DF0044BDA6822B95869003818BF01207047C8
S214021E0001207047B41F00200138C0B20A289ABFCA
S214021E10014B185C0020704740E4030007B50648F3
S214021E201BF064F9042101900DEB01001BF027FA68
S214021E30019803B05DF804FBDC1F0020F7B51868B4
S214021E4010F0020003D0164E316811B9012003B01B
S214021E50F0BD0024042223460DEB020001941BF081
S214021E601DF9BDF80630DB0702D4FFF7D7FF04469C
S214021E7000250C4F57F8043B23B12146BDF8040059
S214021E80984748B13368002BE0D0074B022193F9FC
S214021E9000000FF0BFFAD9E70135062DEAD1F1E7C7
S214021EA0DC1F0020E01F0020CA2E002010B50948C3
S214021EB00FF0A0FA0024084B0849187020200C6086
S214021EC00FF01CFE064BC3E90044C3E90244C3E913
S214021ED0044410BD7C310020CA2E0020DC1F0020E6
S214021EE0E01F002013B5C37A0093B0F80930D0F88B
S214021EF00520D0F80110007801F01AFA04460348CB
S214021F0000F0F8FE848002B010BD00BF2002040379
S214021F10FF2337B50DF107008DF8073001F036FACA
S214021F20044604489DF8075000F0E4FE848085715C
S214021F3003B030BD2003040110B5007817F031F865
S214021F400446024800F0D6FE848010BD2002040A31
S214021F5038B54B7905465B070C460CD4142120464F
S214021F60054A16F0ABFB2046217916F058FC10B94C
S214021F70A3791C44257438BD68E40300837810B541
S214021F80132B0C4608D1054B1B6803B19847204615
S214021F90BDE810401BF08CB810BD00BFF81F002033
S214021FA010B5837804461F2B10D80021007816F04F
S214021FB059FB68B1A37861782078E21C16F054FFCA
S214021FC00446044800F096FE848010BD2124F8E7FB
S214021FD00224F6E72002560010B54178007816F083
S214021FE0BAFF0446024800F085FE848010BD00BF9A
S214021FF0200256020020024B1870024B18707047DF
S214022000CC2E0020CB2E00202DE9F04183780D4601
S2140220100D2B90B04FD109AC2646821C00F11A0354
S214022020274610685168083203C79A423C46F7D1E1
S21402203013881C213B8028461BF021F9BDF8264058
S2140220402F6814F00C043ED138461BF09DF8A0F120
S2140220500208A0450DDA4FF0FF3400239C428DF8AB
S2140220601C301EDB01223946A31C07A81BF016F8FB
S21402207017E0631C0122394605A81BF00FF89DF8ED
S2140220801430012BE9D023460122394607A81BF05B
S21402209005F89DF81C3013B101331C44D9E78DF8BE
S2140220A01C3001F02DFA012808D0022837D050B98A
S2140220B028461AF0FDFF10B0BDE8F0819DF81C30EE
S2140220C013F0010FF4D09DF82F0000F04BFC0446ED
S2140220D09DF8300000F046FC0DF11C089DF8282003
S2140220E00DF12901074605A8FEF7CCFF40469DF8EC
S2140220F036200DF13701FEF7C5FF0D4B1B78DB07C7
S21402210012D405A815F071FDCDE901053A4621461F
S2140221103046CDF8008005AB00F00CF8C8E79DF815
S2140221201C3013F0030FCDE74FF0FF30ECE700BF93
S214022130CB2E00202DE9F74FB0F802C006461CF061
S214022140100F1C460C9F9DF934A0DDF838B033D032
S2140221505FFA8CF51CF0080F184614BF05F0080548
S21402216005F00F0516F0F3FF8146384616F0EFFF2E
S21402217096F90F3080465A46042113480193767822
S21402218016F0E1FB019BA0B105712268C0F805209C
S214022190A28880F80B90A0F8092080F80CA0437360
S2140221A086733B68C0F80F30BB8880F81580A0F8AD
S2140221B0133003B0BDE8F08FCDE90DAB0C9703B03A
S2140221C0BDE8F04F16F063BAA4E40300002110B590
S2140221D0421D0379044608461BF028FA024648B117
S2140221E06188208815F002FF0446034800F082FD4D
S2140221F0848010BD1A24F8E720020A0213B50446AA
S214022200007817F059F870B10023CDE90033E27870
S214022210B4F8011016F0A3F80446044800F06AFD6C
S214022220848002B010BD2524F7E700BF20020A040E
S21402223073B5B0F80140C678051D007817F03CF873
S21402224060B121462B460022009616F065F8044639
S214022250034800F04FFD848002B070BD2524F7E7E6
S21402226020020A0F014816F0A0BA00BF383100203B
S21402227010B5104B1B681C7FD4B1102C28BF10243D
S2140222801AF062FE621C81B200230820D2B20FF05E
S21402229017FB044650B9084908481AF002FE0848D7
S2140222A008491AF0FEFD08480FF018FD204610BD3A
S2140222B00424E5E7181E00209431002000200020A8
S2140222C0FC1F0020A43100208C31002030B5124BB8
S2140222D00D469942144689B01BD1930011D505A923
S2140222E006A80FF0D3FA082300220393059BE1B257
S2140222F00293069B2846CDE9003241F000511AF0BF
S214022300A5FD064816F0E9FA00B10471012009B0ED
S21402231030BD0020FBE700BFFC1F002018E50300CD
S21402232022F00042B2F1A04F08B504D1034816F0DD
S214022330D4FA012008BD0020FCE700BF1CE503001C
S21402234070B5FFF78FFF90B1FEF754FE00260446E5
S2140223502046FEF7B1FE0546064800F0CBFC868016
S2140223602268C0F80620A2880573428170BD022644
S214022370014CEDE720090115F4E4030000200A4BA6
S21402238010B5187100F058FD04463CB901F02AF960
S214022390BDE81040054906481AF0A7BD204616F0CB
S2140223A0BEFE6468F1E700BFBA250020B431002003
S2140223B0D81F002070B5002000F03EFD012604461E
S2140223C0074D04B970BD94F8723033B12E7116F011
S2140223D069F91321204616F09EFE6468F1E700BFF5
S2140223E0BA25002038B50023094C2360A380036871
S2140223F02360207816F08BFE054630B9054806495C
S2140224001AF04FFD608801F003F9284638BD00BF78
S214022410BA250020D81F0020B431002022F0004246
S214022420B2F5887F2DE9F0471C4600F0E5800ED80D
S21402243040F203139A423CD040F209139A4200F04B
S214022440C5800E2A00F0B6800020BDE8F08740F274
S21402245007239A424AD0B2F5037F59D040F20623A8
S2140224609A42F1D120684C30FEF726FE25680746D0
S214022470664895F8736095F870A095F9759095F88A
S2140224807680A48816F029FA0028DDD0EB6C43602B
S214022490B5F8503087720381731E5E425E41C67283
S2140224A080F80CA080F80D9080F80E80A0F80F40FF
S2140224B0CAE7207800F0B2FC0028C5D0544894F849
S2140224C00090B4F80280A788E688257A648916F018
S2140224D004FA0028B8D080F80490A0F80580A0F886
S2140224E00770A0F80960C5728481ADE7207800F015
S2140224F095FC0028A8D060782578FFF785FC04466E
S214022500444816F0EAF900289ED0057144719BE70C
S214022510A578012D1ED0022D2DD0CDB9E37894F8E2
S2140225200080023BDBB2022B8CBF01253A4A94F9AB
S2140225300470667998BFD55C94F90640374816F061
S214022540CCF928B180F8048045718771C67104728F
S21402255001207AE7E37894F80080023BDBB2022B94
S21402256098BF2D4A94F90470667998BFD55C94F9A1
S21402257006402B48E3E7E3782A48023BDBB2022B0D
S21402258094BF254A012594F80180277898BFD55C28
S21402259094F90490667994F9064016F09EF900289C
S2140225A0D6D0A0F804808771C57180F8089046726C
S2140225B08472CDE723460822002113F8014B1A48FD
S2140225C016F09CF90028C3D00471C1E7174894F8A6
S2140225D000806788A688E588248916F07EF9002898
S2140225E0B6D080F80480A0F80570A0F80760A0F8BE
S2140225F00950A0F80B40ABE70D481C7816F06DF9B1
S21402260000283FF421AF04711EE700BF64E5030013
S21402261060E5030058E5030020E5030050E50300EB
S2140226204CE5030054E5030048E5030044E50300D7
S2140226305CE5030010B5007800F0F0FB40B1132112
S21402264016F069FD0446034800F054FB848010BD72
S2140226502524F8E72002060570B5144606460D4600
S214022660204614210A4A16F029F82046217916F047
S214022670D6F858B9A3790C331C44064BA6711B79BD
S214022680A5801BB1BDE8704016F00DB870BD00BF46
S21402269040E50300BA250020024B00201A68024BD0
S2140226A05A607047101E00203831002010B5FDF722
S2140226B01DFD044630B9044816F04DF8044608B924
S2140226C0FDF73CFE204610BD3831002073B51C468F
S2140226D040F20A6322F000429A4206D8B2F5C06F70
S2140226E006D8032A20D00D2A57D0002002B070BD8B
S2140226F06FF4C0631A44092AF7D801A353F822F0EC
S21402270007280200B3270200D7270200E7270200A5
S214022710FF270200EB2602001F28020035280200CF
S21402272055280200A128020000240DF102000DF136
S21402273003018DF802408DF8034011F095FA01A8C6
S2140227409DF802609DF80350019411F09BFA00B1C7
S21402275001945548019C16F0C0F80028C5D0002305
S2140227604371C371037243726FF072038372012363
S214022770C3720D2383746FF07C030822C3746FF058
S21402278052030271037502226FF0250345EA0625FD
S2140227908271C46005824375A7E72346042200219E
S2140227A053F8044B414816F0A9F800289DD08480BF
S2140227B09BE7207800F032FB002896D03C4826782B
S2140227C094F90150A47816F088F800288DD0067186
S2140227D04571847189E72478364816F07EF8002819
S2140227E083D0047181E725783348646816F075F85B
S2140227F000283FF47AAF0571C0F8054075E72578E2
S2140228002E486468F2E72E482578646816F065F864
S21402281000283FF46AAF0571A0F8054065E729482D
S2140228202578646816F059F800283FF45EAF057103
S21402283044715AE7637824480D2B96BF234A012534
S214022840D55C247816F049F800283FF44EAF0471A0
S21402285045714AE7637800210D2B98BF1B4A1C4836
S21402286098BFD55C6368A27888BF0125267816F0E3
S21402287045F808B1067145716378012B3FF635AF0E
S2140228808DF8043001220021114801AB247816F09D
S21402289035F800283FF429AF01230471437124E779
S2140228A024780C4899E700BFA4E50300A0E50300DE
S2140228B08CE5030094E5030098E5030090E5030029
S2140228C088E5030084E5030080E5030068E503006D
S2140228D07CE5030078E503001422002101481AF083
S2140228E03CB800BF0420002070B505460FF00AFE73
S2140228F01A4C064663795B070ED414212046184A02
S21402290015F0DCFE2046217915F089FF20B130460D
S214022910BDE870400FF0FCBDA3790C3323442DB9FB
S2140229201A79FF2AF3D001321A71F0E7012D05D188
S2140229305A79FF2AEBD001325A71E8E7022D05D107
S2140229409A79FF2AE3D001329A71E0E7032DDED1AD
S214022950DA79FF2A1CBF0132DA71D8E70420002098
S2140229609CE50300042828BF0020014B185C704732
S214022970A8E5030038B50546084800F037F90446CE
S21402298048B900F089F904461DB1054B1B689B79CE
S2140229902B7000F099F9204638BD00BFBCE5030055
S2140229A0202000202DE9F84380460D480F461646A3
S2140229B01D469DF8209000F019F978B9094B1C685D
S2140229C084F80480C4F80570C4F80960A4F80D50B1
S2140229D084F80F90BDE8F84315F0F2BEBDE8F88320
S2140229E0B4E503002420002010B50446054800F094
S2140229F0FDF830B9044B1B681C71BDE8104015F099
S214022A00DFBE10BDACE503002420002038B5054625
S214022A100C460748012100F0F9F838B9054B1B6847
S214022A201D715C71BDE8384015F0CABE38BD00BFE6
S214022A30CCE503002420002038B5054606480C469F
S214022A4000F0D4F838B9054B1B681D715C71BDE8FF
S214022A50384015F0B5BE38BDC4E50300242000207A
S214022A6010B50446054800F0C1F830B9044B1B689F
S214022A701C71BDE8104015F0A3BE10BDD4E50300DE
S214022A802420002038B505460C460748012100F0F0
S214022A90BDF838B9054B1B689D80DC80BDE8384020
S214022AA015F08EBE38BD00BFECE5030024200020E2
S214022AB070B5064608480D46144600F097F848B921
S214022AC0064B1B681E71A3F80550DC71BDE870400A
S214022AD015F076BE70BD00BFE4E50300242000209A
S214022AE038B505460C460748012100F08FF840B974
S214022AF0054B1B681D71A3F80540BDE8384015F06C
S214022B005FBE38BDDCE503002420002070B5054614
S214022B100B480E4600F06AF8044678B900F0BCF896
S214022B20084B04461B6825B1D3F806202A605A894A
S214022B30AA800EB11B7B337000F0C6F8204670BD2B
S214022B40F4E5030020200020044A0346106810B172
S214022B5002789A4200D170470069F8E71C200020EC
S214022B6008B515F0F6FDFFF7B7FE0022014B1A6016
S214022B7008BD00BF1C20002038B50F4C0546214674
S214022B80204610F0BDFE4FF48270A8470B4B01465C
S214022B9018604FF48272204610F0B7FE4FF482702F
S214022BA0A847074B014618604FF482722046BDE8DC
S214022BB0384010F0AABE00BFFCE503002420002027
S214022BC020200020084A136833B94178036141F097
S214022BD00101417010607047197802789142FAD06C
S214022BE003F110021B69EFE71C20002010B5044613
S214022BF018F00EFB28B9034B22681C60024B1B68B8
S214022C001A6010BD18200020242000202DE9F84F5D
S214022C10046898464FEA042A0AF4E06AC4F30723D3
S214022C204AEA030A0AEB0209B9F5807F83460F4691
S214022C30154603D91D263046BDE8F88F18F0E8FA87
S214022C4006460028F7D1124B24F47F44C3F800B09E
S214022C5024F0C7040F4B44EA19244FEA09291B68DB
S214022C601FFA89F944EA090443F8044B53442A46F6
S214022C704146184619F0A6FE012F04D1FF2DD9D8D9
S214022C8000F8015CD7E7022F08BF20F8025CD2E703
S214022C90182000202420002008B5074B1A68074B8E
S214022CA052F8040B1968064B49681B689847054B8F
S214022CB01B68988808BD00BF24200020182000202A
S214022CC0C4310020202000200022024B1A6018F097
S214022CD0A7BA00BF18200020054B186808B1C368C1
S214022CE01BB1003818BF012070470069F6E700BF25
S214022CF01C20002010B5034C23681860FDF74EFB1D
S214022D00206810BD20200020F8B504460D46014676
S214022D100020174615F01EFD0022184B184E1B68A1
S214022D2020461C6033681A705A709A70DA7015F072
S214022D30EBFC18B165B94368220E2BB90F250DE0DE
S214022D405979914204D008331D68002DF8D1F5E771
S214022D503846A84733681B684BB9012524F47F40E0
S214022D6020F0C70040F40070FFF7C4FF8580326889
S214022D70012052F8041B15F0EDFCF8BD24200020BB
S214022D802020002070B504460D461B4A13686BB31C
S214022D9093F87D10586811F0040129D110608C2236
S214022DA0184693F8706019F0D8FD034680F87060F4
S214022DB02268C0F85A20A288A0F85E20A27980F87D
S214022DC060202868D864AA79A98883F85220FF224E
S214022DD083F8752083F8762040F6FF72A3F86E20FB
S214022DE0064AA3F85010116813605960184670BD61
S214022DF01A1D0346CBE700BF2C2000202820002007
S214022E00054A0346106800B97047B0F86E209A4229
S214022E10FAD04068F7E700BF28200020054A03469C
S214022E20106800B9704790F870209A42FAD040684D
S214022E30F7E700BF2820002010B9024B1868704739
S214022E4040687047282000200023114A2DE9F041EF
S214022E508C2113608046024601200EF031FD0446A6
S214022E6020B905460B4E3060A84502D82046BDE87C
S214022E70F08101200EF08AFD07468C2200210135E2
S214022E8019F06BFD87F8705037603E1DECE700BF07
S214022E90282000202C200020012310B58B4090F81B
S214022EA07110044621EA030149B280F87110002924
S214022EB049D115F001FC204617F04CFD102104F113
S214022EC018001AF0D6FB2046FEF764FF04F138001D
S214022ED01AF0EEF8204617F0A5FC214A13681BB13B
S214022EE09C42596830D11160A36859050BD51A0562
S214022EF009D443F40063A18994F87000A36004F136
S214022F007802FFF7A9FB00232046636019F0F1FF61
S214022F1015F051FD4FF48072B2FBF0F2424394F882
S214022F2070300344B3FBF2F102FB1133DBB2591EDD
S214022F30C9B2FD29F5D884F8703000236360094BC6
S214022F401A6852B91C6010BD1A465B68002BCBD0BB
S214022F509C42F9D163685360C6E7131D5268F0E7D6
S214022F60282000202C20002010B5084C206830B9FC
S214022F70BDE81040064B186001200EF0E5BC436821
S214022F8090F871102360FFF787FFEFE728200020F4
S214022F902C20002090F8743003F00B03013BDBB2C8
S214022FA00A2B9ABF014AD05C002070470AE603004B
S214022FB01FB5014690F870308DF80430FFF7EAFF2F
S214022FC0B1F862308DF80C00ADF80630B1F8643016
S214022FD001AAADF80A30B1F866300748ADF80830F5
S214022FE0B1F86C3040F20311ADF80E3019F095FFCF
S214022FF005B05DF804FB00BFD81F002007B590F8A7
S21402300070308DF8051001AA40F2072103488DF8AA
S214023010043019F082FF03B05DF804FBD81F0020CD
S21402302038B50A4B04461B680D462BB143699B070D
S21402303002D516F0C8F830B12A4620680421BDE849
S214023040384017F09DBBA3699D6138BD3020002033
S214023050014B1860704700BF30200020024B1868F2
S214023060003818BF012070473020002013B50446F0
S214023070019120B901A81AF01BF8212012E0084697
S2140230800029FAD01AF080F880B20028F2D0094B54
S21402309020461B6801994BB1984728B920460199EA
S2140230A0FEF754F802B010BD0020FBE716F0A7FDAD
S2140230B0F3E700BF30200020436A70B55904044687
S2140230C016D4154A03F4004392F82B20012A10D195
S2140230D0826A92040DD4002B00F101010CBF53202A
S2140230E0142014F0B3FD18B9636A43F00803636250
S2140230F070BD002BFCD1094D661C29463046FDF7F3
S214023100E3FF0028F4D12B68C4F80130AB88A4F89A
S2140231100530AB79E371E7E7601F00206F1F0020E0
S2140231202DE9F041244E86F82A00002841D000EB13
S214023130C000C1000023012204200EF0C1FB054698
S21402314058B904200EF022FC4FF048082F46306093
S21402315096F82A30AB4203DC00252846BDE8F0810B
S2140231603468002108FB05441422A76104F13400E8
S21402317019F0F3FBA0224FF4A073C4E90723072338
S21402318004F1100084F83130E773E77119F090FF0C
S21402319004F1140019F08CFF204615F07BFD40F276
S2140231A00113E3857F23A76284F832306762013514
S2140231B0CEE73060D0E700BF601F0020084A034613
S2140231C092F82A10814209D9106840B103EBC30372
S2140231D000EBC300406A00F0010070470020704711
S2140231E0601F002038B504460D46FFF7E7FF03468A
S2140231F040B10020044B04EBC4041B6803EBC40379
S2140232002B6038BD2120FBE7601F00202DE9F04F20
S2140232100446344A93B0106851680FAB03C39068F3
S21402322012AA1860E37B94F82E7002EB430333F87D
S2140232300C1C636A94F82F60DA0444D401263746DD
S21402324041F0100194F80E80C3F340495B0348BF77
S21402325049F002098BB288F00808012F94F800A002
S21402326094F831500B9304F1080BD4E90723C8F302
S214023270C00894F9324005D0022F03D0042F14BFA1
S21402328000270327012E05D0022E03D0042E14BFDA
S214023290002603265046CDE90C2315F005FDDDE990
S2140232A00C230121CDE90760CDE900515046CDE956
S2140232B00547CDE903B90B99CDF8088001F0BEF8B1
S2140232C013B0BDE8F08FA26A950648BF41F0200110
S2140232D0500648BF41F04001DA0348BF41F00401FE
S2140232E0B0E700BF16E6030037B5044648B10478D7
S2140232F02046FFF763FF10B9002003B030BD01344B
S214023300E4B2074D95F82A30A342F5D9204601A922
S214023310FFF768FF08B90198EFE70134E4B2F1E776
S214023320601F0020014B93F82A007047601F0020A0
S214023330F7B50E4601A915461F46FFF753FFF0B92B
S214023340019C626A93050AD40F4BA6F120019942AA
S21402335017D8A5F12001994213D8AE4211D8E369D5
S214023360B34202D1236AAB4204D0C4E9076542F0F5
S214023370020262629DF82030A78584F8303003B0DE
S214023380F0BD2120FBE700BFDFFFFF00002370B582
S2140233901349054691F82A4008689C4201DC1A2027
S2140233A019E0426AD60717D490F83960760713D424
S2140233B0DCB2034603F8014BD1F80F10094EC0F8F1
S2140233C00110B18842F009029980B179997142627E
S2140233D0FFF71CFF2C7070BD01334830DDE700BFDD
S2140233E0601F00206F1F00208378F7B5122B0E4651
S2140233F044D10B689A790C321344DD781F790DB1EB
S21402340045F48055384601A9FFF7ECFE00BB019C47
S214023410636A23F01003636205BB40F20323A069CC
S214023420A56180F87670A0F87230D4F8013014499D
S214023430C0F85A30B4F80530A0F85E30E37980F868
S214023440603000F009F9222229460D4819F085FA63
S214023450304603B0BDE8F04019F02ABE204615F00B
S21402346019FC636A5A0603D523F040036362EFE74A
S214023470384604F13401FEF76BFDE9E703B0F0BD10
S2140234808E1F002073B5144D144C6A68236802F030
S214023490800103F002030B431BD053064CBF0126E8
S2140234A0A67AFDF7ABFD0196837983F00803C3F392
S2140234B0C0030093E388A288217A607A00F07AFF3C
S2140234C040B9236823F0020323606B6823F080036D
S2140234D06B60002002B070BD601F00203420002008
S2140234E001210020054BA3F10802C3E9000043F8BE
S2140234F0081C4FF010135172536070473C20002096
S214023500014B187B704700BF34200020024BD87A4C
S214023510003818BF012070473420002070B5224EB4
S214023520716811F002013AD1204D2B68580706D572
S214023530084600F065FF2B6823F004032B602B6817
S214023540726803F0080302F00402134310D0FDF77A
S21402355055FD83791A071FD5FEF77AFB0446C8B9CC
S2140235602B6823F008032B60736823F00403736050
S214023570FFF788FF044668B9EB7A5BB12B685B07F6
S21402358008D40121084600F03BFF50B92B6843F0EF
S21402359004032B60204670BDFEF73EFBDEE71124D7
S2140235A0F8E70446F6E700BF601F0020342000203C
S2140235B0032805D10A4A136843F00803136008E09B
S2140235C0012808D1064BDA7A42B11A6842F008029C
S2140235D01A60FFF7A3BF10F0FD0FEBD00020704774
S2140235E0342000200020094B10B55862FFF724FC57
S2140235F004461CB9BDE81040FFF7B6BC204641F2AF
S214023600160115F001FD6468F3E700BF601F002095
S214023610A0F11B03E02B10B5044618D8042142F291
S214023620240014F06AFF6FF06F0343714223A0F880
S214023630034083710748F7F733FD14F0A2FF407981
S21402364020B114F09EFF407940F4805010BD212036
S214023650FCE700BF0565030037B504460D4615F0C6
S214023660FAFC6988204615F09BF96A7E2B7E204676
S21402367043EA0223A4F862306A7F2B7F43EA0223DE
S214023680A4F86430EA7EAB7E43EA0223A4F86630EE
S2140236901B23A4F86C302D4BDA8B1B8CA4F8682005
S2140236A0A4F86A30022384F8723015F004F8204633
S2140236B017F02BF994F87330022B15D101F0F2F8BB
S2140236C070B194F9753001330AD105212046A368FA
S2140236D043F48053A36003B0BDE8304015F01BBD31
S2140236E00021204615F05FF90021204600F006FA78
S2140236F04FF6FF73288C984225D000F0A5F9009467
S21402370000F090F96A46ADF8040040F2062110482F
S21402371019F003FC002240F20221204619F0B5FB04
S2140237202046FFF745FC204617F0FBF8204600F03F
S21402373015FEA368012123F480432046A36015F0FA
S214023740F2FC03B030BD0020D9E700BF601F0020A6
S214023750D81F002007B590F870304FF4887101AA80
S21402376003488DF8043019F0D8FB03B05DF804FB6B
S214023770D81F00202DE9FF4103780446302B0E4661
S21402378039D006D8052B25D0082B41D004B0BDE889
S214023790F0813E2BFAD183780C2B4BD8022BF5D92D
S2140237A0033B092BF2D801A252F823F04538020057
S2140237B0A93902008D3702008D3702004139020016
S2140237C08D3702008D3702008D3702008D370200DA
S2140237D095390200B0F80300FFF712FB28B16179B1
S2140237E009B141F4805115F00FFC304604B0BDE833
S2140237F0F04119F05DBCB0F80300FFF701FB0028AA
S214023800F3D0A17809B141F4805115F056FCECE7EB
S214023810B0F80300FFF7F4FA0028E6D0627990F8D1
S214023820743022B143F0010380F87430E9E703F004
S214023830FE03F9E7212B00F0CC80292B1FD0202B8A
S214023840D3D0A3E78088FFF7DBFA0028CDD0E27852
S214023850002ACAD1E179A27942EA0122A0F86220BE
S214023860E17AA27A42EA0122A0F86420227A617AF8
S21402387042EA0122A0F86620FFF79AFBB5E7C7786E
S214023880851C3C2F02D115F0A3FBAEE790F806800C
S214023890B8F1000F23D15F4A546AC2F82480CFB130
S2140238A02946204647F4805715F0D5FBE76084F892
S2140238B0728040F20121204601AACDE9014719F0A3
S2140238C02CFBA368414643F480632046A360FFF7BF
S2140238D0E3FA8AE729462046FFF7BEFE85E74FF65B
S2140238E0FF73408C984220D000F0AEF8E8B101A8F1
S2140238F0E27904F10801FDF7C5FB01A815F0FEFB0D
S21402390028B140F203222946A0F87220E4E70321F8
S21402391040F2064014F0F1FDA388A0F803300D2310
S21402392043713D48F7F7BCFB5FE73C4B223455F842
S214023930042BA54243F8042BF9D12A881A8054E7AF
S214023940B0F80300FFF75CFA00283FF44EAF40F2EF
S2140239500911B4F8053090F87020A0F86C308DF894
S2140239600420ADF80630227AE37943EA0223ADF862
S2140239700830A27A637A43EA0223ADF80A30227B41
S214023980E37A43EA0223ADF80C3001AA244819F080
S214023990C4FA2AE78088FFF733FA00283FF425AFF7
S2140239A0A179FFF72BFB20E78088FFF729FA00288A
S2140239B03FF41BAF90F870300E218DF80430D4F827
S2140239C0063001AACDF80530D4F80A30CDF8093011
S2140239D0DCE78088FFF714FA00283FF406AF90F879
S2140239E070304FF403718DF80430E37801AA8DF835
S2140239F00530A3798DF80630E3798DF80730237AFF
S214023A008DF80830637A8DF80930A37A8DF80A307B
S214023A10BCE700BF601F0020E96303008E1F002082
S214023A20D81F002050B10C22064B1B68C31AB3FBEA
S214023A30F2F3807A40EA032080B270474FF6FF70B6
S214023A40704700BFC8310020024609490B7A096850
S214023A50FF2B01D10020704703EB430301EB8300E9
S214023A6031F82330C3F30B039342F4D0C37AEFE763
S214023A70C8310020044908B508460FF041FFF72276
S214023A80024B1A8008BD00BF22E603001033002056
S214023A9010B5044670B30068836CA34222D16368F3
S214023AA083642246144919F000FA04F10C0019F056
S214023AB020FA04F1440019F0FBFAFFF7CFFA58B1E6
S214023AC0A06948B1143019F0F3FAA069183019F059
S214023AD0EFFAA06919F006FE2046BDE8104019F07C
S214023AE001BE1346002BDCD05A68A242F9D16268A6
S214023AF05A60D6E710BD00BF5792030070B5054660
S214023B0048200E4619F0ECFD044601464822264897
S214023B100FF0FBFE84B1FFF7A1FA90B11C2019F05A
S214023B20DFFD1C220146A0611F480FF0EEFEA369CE
S214023B302BB9204619F0D6FD0024204670BD00227F
S214023B401A700321284614F02EFFAB6C22466360DF
S214023B50AC64172326810026638114492846256013
S214023B60267766640DF014FE04F06AFB32460146C0
S214023B7004F10C000DF00CFE02232374FFF76EFA1C
S214023B800028DAD00A4B19881729D6D9204614F00D
S214023B9099FF0028D1D11221204615F021FB636936
S214023BA043F002036361C8E722E60300579203006C
S214023BB010330020F8B5054610B3002920DB114C5F
S214023BC02468247E8C421BDD3F2919DC032701F082
S214023BD0030600EBA10191F831407600B74002F0EF
S214023BE0030224EA0704B240224381F8312013B1CB
S214023BF0002115F0AFFB2846BDE8F84015F007BCDB
S214023C00F8BD00BF4C20002070B5164600221A7080
S214023C1032800A7A0D46072A4DD8DFE802F00409F8
S214023C200D111A1E304AE86830F8023B338043E032
S214023C30EB68981D5B88F9E7EB68981D9B88F5E7AB
S214023C40697B15F0D4FB02221C4B18801846328082
S214023C5032E002231A4833802EE01A4C2B7BE88986
S214023C6023702B88E11C013363702B8801331B12EF
S214023C70A37000F0DBF90330308020461CE0124CC3
S214023C80A889EB89020AA3701B0A20706270E3708F
S214023C9000F040FA58B1C3681A88022A07D19A7807
S214023CA02271DB78637106230748338004E004231D
S214023CB0FAE780221A70002070BD00BFE62E0020B0
S214023CC032E60300D32E0020CD2E0020054A064BF6
S214023CD01860136843F001031360828B034B1A804B
S214023CE0704700BF442000204C200020C025002042
S214023CF000232DE9F04FDFF8C09191B0D9F800709B
S214023D00054617F00807CDE90633CDE908330AD091
S214023D10664B03F1100253F8041B934245F8041B4A
S214023D20F9D1002011E00320F2F792F819F0D8FC3E
S214023D30804648B10620F2F78BF819F0D1FC064609
S214023D4030B9404619F0CEFC1A2011B0BDE8F08F0B
S214023D50CDE90477F5F78CF8044668B1404619F0C9
S214023D60C1FC304619F0BEFC40F20740214600F086
S214023D703DFE40F20740E8E74FF4A0524C4BC6E93E
S214023D800323F369002B42D14FF410533380802370
S214023D9010227380304604AB06A910F096FA044649
S214023DA0A0B94046424A049910F06DFB044668B931
S214023DB08346404BBAB21B68D98891422FD810224C
S214023DC02946404605AB10F07CFB0446404610F000
S214023DD0E4FA404619F086FC304610F0D4FC304631
S214023DE019F080FC049810F071F9002CBCD12F4B0E
S214023DF005F1100255F8041B954243F8041BF9D14D
S214023E00D9F8003043F00803C9F8003089E73B468A
S214023E103A464FF41051304610F0C1FCB7E71A6824
S214023E20BCB2210102EB04142046ADF80EB001919B
S214023E30009215F0CFFE8246204600F03FF930B3DE
S214023E40DDE90021AAF5205080B2032802D9BAF58E
S214023E50245F1ED1525A00202146ADF828200DF1CB
S214023E600D030DF10E02ADF82AA0FFF7CDFEBDF848
S214023E700E2001460BA818F0A5FDBDF80E20404600
S214023E8004320AA910F002FB044600289ED101372C
S214023E908FE70AF55640FF3080B20428F7D8525A08
S214023EA0ADF82AA0ADF82820E7E700BFE82E0020EC
S214023EB00002C0034C20002044200020134B014681
S214023EC01B6870B513F0040306D00022104B1C6862
S214023ED0E38990B2834209D80E4A14680022E58923
S214023EE090B2854209D84FF6FF7005E0A56835F80E
S214023EF0125001328D42ECD170BDA66836F81260BF
S214023F0001328E42ECD1034498B2F5E744200020F9
S214023F10482000204C200020094B1B685B070AD56E
S214023F20084B1A68D389834203D9936833F8100082
S214023F307047C01A80B2044B1B689B68F6E700BF46
S214023F4044200020482000204C20002038B5046879
S214023F5005460C222046084918F0D5FC50B9022224
S214023F60064904F10E0018F0CEFC18B902200C34F3
S214023F702C6038BD1020FCE735E6030043E603005C
S214023F802DE9F743102801910BD0022804D04FF6F2
S214023F90FF7003B0BDE8F083019B1888FFF78EFF21
S214023FA0F7E701A8FFF7D2FF0228F5D01028EED1D6
S214023FB01B4B019F1E6816F0040608D00024194BFE
S214023FC0D3F80080B8F81660A5B2AE421AD800251B
S214023FD0154BD3F80080B8F81690ACB24C45D6D242
S214023FE0D8F81000102200EB0510394618F08BFCAA
S214023FF001350028F1D1A0196FEA40406FEA50401F
S21402400080B2C6E7D8F81000102200EB041039463A
S21402401018F079FC01340028D6D145F40040B8E700
S21402402044200020482000204C200020020408B52E
S2140240301DD5124BC0F30E001B685B0713D5104B41
S2140240401A68D38A98420CD2136903EB001000F167
S214024050100350F8042B984241F8042BF9D1102093
S21402406008BDC01A80B2074B1B681B69EDE7FFF755
S21402407053FF0870000A48700220F1E7442000202F
S214024080482000204C20002070B5044642F6030665
S214024090094B1B681D68A5420AD2204629B915F0AD
S2140240A099FDB04206D1103402E015F09DFD08B12C
S2140240B0204670BD103CEEE74C200020437ADA071B
S2140240C002D5C3F380007047034BC2881B881A428E
S2140240D014BF012000207047C02500200A4B1B6831
S2140240E0DB0708D570B1094B1B68DB88834234BFF7
S2140240F000200120704728B1054B1B88834294BFDD
S21402410000200120704700BF442000204C200020E1
S214024110C225002070B50246FFF7E0FFE8B10F4B5C
S2140241201968CD88954209D302F180500B68013890
S214024130040103EB00101B5B93420ED0002398B2DF
S214024140854201D8002008E00E681C01345B06EBAD
S2140241500310944203F10103F1D170BD4C200020FC
S21402416038B5124B04461B8842898B4228BF0B4641
S214024170172BB8BF17231146438115F006F863695B
S21402418023F002036361A3699D693DB100222946BB
S21402419020469A61BDE83840FEF742BF40F2094128
S2140241A0204615F01AF8A3691D7038BD103300209A
S2140241B00148FEF74DBF00BF4982020008B5002144
S2140241C042F20E0014F099F9BDE808400148F6F7ED
S2140241D067BF00BFD564030038B590F87230044656
S2140241E0032B154606D1FFF7E9FF0123002084F8CA
S2140241F0723019E0C9B9012B2DD9032140F20640CD
S21402420014F07BF9B4F86E304571A0F80330134809
S214024210F6F746FF14F0B5F98378002BE5D014F0D4
S214024220B0F9807840F4805038BDA3B102214FF631
S214024230044014F062F9B4F86E30A0F8033008486F
S214024240F6F72EFF14F09DF94379002BCDD014F02B
S21402425098F94079E6E70220E6E700BFE963030043
S2140242601F640300F8B507460E4642F213000E21FD
S21402427015461C4614F041F9B7F86E30A0F80560F2
S214024280A0F80330BDF81830A0F80750A0F80B309D
S214024290BDF81C30A0F80940A0F80D30BDF820305B
S2140242A0A0F80F300648F6F7FBFE14F06AF980789D
S2140242B020B114F066F9807840F48050F8BD00BF53
S2140242C061640300F8B507460D4642F219001C2148
S2140242D01C46164614F011F9B7F86E300F3020F867
S2140242E00C3C2B6804F1100240F80A3C6B6820F87C
S2140242F0026C40F8063C234653F8041B934240F8EF
S214024300041BF9D10648F6F7CBFE14F03AF980788A
S21402431020B114F036F9807840F48050F8BD00BF22
S2140243201163030070B506460D4642F27A00042178
S214024330144614F0E2F8A0F803604571847106484A
S214024340F6F7AEFE14F01DF9407920B114F019F913
S214024350407940F4805070BD6168030010B5044691
S214024360022142F2300014F0C8F8B4F86E30A0F819
S21402437003300F48F6F794FE14F003F9437963B955
S21402438014F0FFF8C088FEF73BFD044628B114F08F
S214024390F8F8017A2046FEF731FE14F0F2F840797A
S2140243A020B114F0EEF8407940F4805010BD00BF02
S2140243B061B40100F8B507460E4642F241000821F4
S2140243C015461C4614F099F89DF818304771C370CC
S2140243D09DF81C3086710371A0F80750A0F80940BA
S2140243E00648F6F75DFE14F0CCF8407920B114F0DA
S2140243F0C8F8407940F48050F8BD00BF09B101000A
S21402440038B505460C4642F24200062114F075F80D
S2140244100023C57043718371C37103720471064829
S214024420F6F73EFE14F0ADF8407920B114F0A9F884
S214024430407940F4805038BD69B101002DE9F04161
S214024440154606460F4642F2360019211C46DDF88E
S214024450248014F052F82B0AC371230A83729DF843
S2140244601830857103739DF81C30447243739DF8AF
S21402447020302D0C240CC67087800572C47283739C
S214024480D8F80030C0F80F30B8F804308676A0F8B6
S21402449013309DF8283043759DF92C3083759DF8AE
S2140244A03030C375002303769DF8343043769DF88A
S2140244B03830C3760648F6F7F3FD14F062F8407912
S2140244C020B114F05EF8407940F48050BDE8F081E7
S2140244D009B2010038B505460C464FF619400521CB
S2140244E014F00BF8C57044600648F6F7D9FD14F0D0
S2140244F048F8407920B114F044F8407940F48050EE
S21402450038BD00BF7B60030038B505460C464FF643
S2140245101A40052113F0F1FFC57044600648F6F70D
S214024520BFFD14F02EF8407920B114F02AF8407935
S21402453040F4805038BD00BFAB60030070B50D4636
S21402454006460121DAB1FFF7C5FF0446A8B90721DE
S21402455042F2350013F0D1FFC6702B684360AB8879
S21402456003810848F6F79CFD14F00BF8437923B153
S21402457014F007F8447944F48054204670BDFFF7DF
S214024580C3FFE2E77D6203000A4610B50421044633
S21402459042F2370013F0C6FF032303710023C470F0
S2140245A0437183710648F6F77BFD13F0EAFF407904
S2140245B020B113F0E6FF407940F4805010BD00BFF2
S2140245C0716103000A4610B50421044642F238001F
S2140245D013F0A8FF032303710023C4704371837191
S2140245E00648F6F75DFD13F0CCFF407920B113F0D4
S2140245F0C8FF407940F4805010BD00BFBD61030083
S214024600F8B506460F4642F23900062114461D4604
S21402461013F073FF01238471240A0371C770467175
S214024620C47105720648F6F73BFD13F0AAFF4079FF
S21402463020B113F0A6FF407940F48050F8BD00BFC9
S214024640096203000148FDF735BA00BF5146020071
S2140246502DE9F04F867987B00C3605900546805BCB
S214024660C0F30B00FEF7CCFB044618B905A818F0F9
S2140246701FFD4EE090F87230022BF7D1AB5B059A25
S214024680C3F30B0103F44053B3F5805F9060A95364
S21402469042D153796FF300035371836B002BE5D03D
S2140246A0042105A804F1380618F0E9FD30460599FC
S2140246B018F0CCFDA06B002301465A1CA9BBDBB246
S2140246C0012B01D918F033FEA06B18F05DFD03280C
S2140246D01FD9D4F83890484699F8067018F054FD59
S2140246E00C3709EB070539F80770A0F104084745AF
S2140246F022D9524FD4F838A007F1100957F804BB54
S2140247005346424629462046D8474F4510D00028F1
S214024710F4D007B0BDE8F08F383018F0C9FC059A1F
S214024720537943F001035371BAE713460968C4E7A5
S2140247300028EED130469AE7A06B18F025FD043724
S2140247408742F7D36988A1F140033F2B0BD8042197
S214024750304618F094FD2046A26B698816F05AF887
S2140247600023A363D5E705290BD0062961D00429C7
S214024770E0D1304618F083FDA16BA06CFEF776FC04
S214024780EEE72946204616F043F802460028D1D125
S2140247902B79122B06D0132B36D02046697916F0C9
S2140247A00FF8C7E794F87330022BF6D040F67A403B
S2140247B029898B1F9BB2834224D86A89931F9BB296
S2140247C083421FD891421DD8AB89B3F5FA7F19D21E
S2140247D040F6764CEF89A7F10A0080B2604511D800
S2140247E0B4F86A000290B4F86800CDE9007020467A
S2140247F0FFF738FD021E18BF01222046697915F020
S2140248009BFF97E70122F8E794F87330012B03D158
S2140248102046697915F0D4FFA3681A048AD523F4D2
S2140248200043A3602B89012B84D12046FEF792FF1A
S21402483080E72046A16B16F066F891E748E603008B
S2140248400C4B01461A789AB95B689B0710D490F90C
S2140248507520013218BF012291F8523013F0400041
S21402486005D091F8600010F0400018BFD0B2704733
S2140248700122F1E750200020024B586800F00200A7
S214024880704700BF50200020024B586800F0080016
S214024890704700BF50200020014B1B68184700BF1E
S2140248A0D431002008B513F077F9022817BF034B5E
S2140248B00020586800F0100008BD00BF50200020FD
S2140248C007B502460846042802F0010113D9B1B919
S2140248D003200C4B5A6002F08003019302F040035F
S2140248E0009302F0200302F0040200F087FB00208F
S2140248F003B05DF804FB0029EBD00328E9D12120A0
S214024900F6E700BF5020002038B50D490D480DF0DF
S21402491031FA0446054688B90B4B0C4A1A600C4A13
S2140249205A600C4A9A600C4ADA6000F0A5FB032132
S21402493004462846FFF7C4FF084B1D70204638BDC4
S214024940EFBEADDEBEBAFECAD4310020F14F020081
S21402495083AC03003D5002000D5B02005020002095
S21402496038B5044603200DF0E5F90546D0B194F8B3
S2140249707030037094F8753043702046FEF70AFBD9
S2140249802A46A87040F20261074818F07EFA074BE2
S2140249902046DB680121984794F97500BDE8384047
S2140249A0FBF7B8BF38BD00BFD81F0020D4310020A7
S2140249B070B5054608200E460DF0BCF9044680B1D7
S2140249C095F8703000210370064B4660DB68284677
S2140249D098472246BDE8704040F20161024818F04E
S2140249E054BA70BDD4310020D81F002038B5054611
S2140249F008200C460DF09EF9024638B1C0E9005474
S214024A00BDE838400D21024818F03FBA38BD00BF55
S214024A10D81F002038B5054608200C460DF08AF946
S214024A20024650B195F8703040F20561037044605A
S214024A300248BDE8384018F028BA38BDD81F002012
S214024A4013B504460191114612B301A904200DF0D4
S214024A50A1F9019B104A2046B3FBF2F102FB113387
S214024A6045F218020021019301AB16F069F80820FE
S214024A700DF060F9024648B194F8703040F20461D5
S214024A800370019B4360054818F0FFF902B010BDA1
S214024A9045F2180201ABE8E740420F00D81F00209B
S214024AA010B5044601200DF045F9024648B194F8C7
S214024AB0703040F203610370BDE81040014818F000
S214024AC0E4B910BDD81F002038B5054608200C46AC
S214024AD00DF030F9024650B195F8703040F2076199
S214024AE0037044600248BDE8384018F0CEB938BDBD
S214024AF0D81F0020014B5B68184700BFD431002046
S214024B0010B50446006C30B94FF4B07018F0E8FDEA
S214024B10206420B910BD4FF4B07118F0AAFDFF232F
S214024B20226C82F85E31A3681B0603D5054B012072
S214024B301360EFE794F87300034B0449012808BF9B
S214024B400B46F4E735B10300FD5F0200995B0200F5
S214024B5010B50F4C2368D3B10022D3F8A0001A7701
S214024B6083F83D2083F85E200FF0B0FA20684421D7
S214024B70603018F07EFD206821211D3018F079FD86
S214024B8020682121BDE810403E3018F072BD10BDED
S214024B9058200020036C53B983681B0609D490F88A
S214024BA07320054B0548012A08BF18467047186847
S214024BB070470348704700BF995B0200FD5F020022
S214024BC035B103002DE9F0438BB006AC8846154696
S214024BD00346264600F1100722461868596808332D
S214024BE003C2BB421446F7D11021304618F033FDFB
S214024BF0002306200593F1F72BF918F071FD044601
S214024C0048B3DFF880904FF4807115F0CEFE4FF473
S214024C101051C0F8109015F09EFF80231027638075
S214024C2005AB2846029332463B464946CDE9008705
S214024C30F4F758F80546F0B93946404618F00BFD29
S214024C403946304618F015FD20460FF09CFD2046EA
S214024C5018F048FD0BE06FF08C0140F20740FFF7BA
S214024C60C5FE1021304618F004FD6FF08C0528466C
S214024C700BB0BDE8F083014640F20740FFF7B6FEF0
S214024C80DEE700BF0044400470B50E4604461546F3
S214024C9092B020223046434917F035FE68B92022EA
S214024CA02846414917F02FFE38B9404B1B681B7D3A
S214024CB0002B63D040F203401BE0246C20223046D7
S214024CC004F1540117F01FFE38B92022284604F1D9
S214024CD0740117F018FE0028ECD00620F1F7B8F899
S214024CE018F0FEFC044630B901461A20FFF77EFE95
S214024CF01A2012B070BD00234FF48041009315F0C5
S214024D0054FE2B4B44F21211036115F024FF4FF4AC
S214024D1080736380042330468DF8043006F1200247
S214024D200DF1050350F8041B904243F8041BF9D119
S214024D300DF10500202118F08EFC28460DF1250302
S214024D4005F1200250F8041B904243F8041BF9D1E7
S214024D5020210DF1250018F07EFC01A96B464122A8
S214024D6020460FF0B2FA014650B920460FF00BFD6E
S214024D70204618F0B7FC00980FF0A8F90020B8E714
S214024D8010F1870F03D040F20740FFF72FFE2046B0
S214024D900FF0F9FC204618F0A5FC00980FF096F9E3
S214024DA088E700BF0DE70300EDE603005820002069
S214024DB0000002092DE9F0439846002387B0044616
S214024DC006200E461746CDE90433F1F741F818F0EF
S214024DD087FC054660B3DFF884904FF4805115F0E7
S214024DE0E4FD4FF41051C0F8109015F0B4FE802385
S214024DF021466B801022284604AB0FF066FA044662
S214024E0028BB05AB029310233246CDE90083494600
S214024E103B4604980FF086FB0446C0B904980FF090
S214024E2055F928460FF0AFFC284618F05BFC0AE05E
S214024E306FF08C0140F20740FFF7D8FD04980FF0A0
S214024E4045F96FF08C04204607B0BDE8F083214692
S214024E5040F20740FFF7CAFDE0E700BF0002C003CA
S214024E602DE9FF41044606208846F0F7F1FF18F0C8
S214024E7037FC054648B901461A20FFF7B7FD6FF022
S214024E808C04204604B0BDE8F0814FF4807115F022
S214024E908CFD184B4FF41051036115F05CFE224650
S214024EA06C46802327466B8002F110032646106864
S214024EB05168083203C69A423446F7D11021384662
S214024EC018F0C9FB43461022394628460FF0FDF972
S214024ED0044620B1014640F20740FFF787FD102145
S214024EE0384618F0C6FB28460FF04DFC284618F048
S214024EF0F9FBC6E700444004FF282DE9F74318BF34
S214024F00384C814618BF44EA00244FF006000F468C
S214024F10164608BF344CF0F79BFF18F0E1FB8046BC
S214024F2000285AD0014620460FF0E4F805464046CF
S214024F300FF029FC404618F0D5FB15F1880F48D132
S214024F40B9F1FF0F47D10620F0F782FF18F0C8FB31
S214024F50044658B901461A20FFF748FD00200546C8
S214024F603C6006B1356003B0BDE8F08300231E4AFC
S214024F70019343688260DAB222B923F0FF0343F05A
S214024F8001034360F0F7A4F9052808BF40F20113B5
S214024F90204608BF636040F2011115F006FD134B70
S214024FA04FF41051236115F0D6FD802301A9204647
S214024FB063800FF026FB014618B140F20740FFF768
S214024FC015FD20460FF0DFFB204618F08BFB019CF8
S214024FD0C4E7002DC2D02120C3E71A206FF08C054B
S214024FE0BFE700BF06800400370004000044400408
S214024FF0014B1B68187A704758200020003918BFEA
S2140250000121003B18BF012310B50B4C003A24685F
S21402501018BF0122A3749DF808302070003B18BF09
S2140250200123E3749DF80C302174003B18BF012362
S2140250306274237510BD00BF5820002001280AD0D4
S21402504002280ED098B90B4B1A68936943F00103F5
S214025050002093617047074B1A68936943F0020376
S214025060F6E7044B1A68936943F00403F0E721203D
S214025070704700BF5820002010B5194C236833B97A
S214025080A42018F02DFB206038B91A2426E0FFF77A
S2140250905FFDA421206818F0ECFA03224FF0FF31DE
S2140250A0236810481A70D960002210211A771972E4
S2140250B083F83D200C4983F85E201A829A749A611E
S2140250C00CF066FB044648B9F3F7D2FE30B122462E
S2140250D00549044817F0E9FE40F20744204610BD91
S2140250E0582000205C200020DFAA03002DE9F043B0
S2140250F083680446590687B040F1B48023F0400323
S2140251008360FFF747FD734EB04203D0724B98425E
S21402511040F0AB8094F9758004F13409B8F1FF3F92
S2140251201DD112F039FD022872D0636B04201A8852
S2140251308DF808201A4632F8021B090A8DF8091063
S214025140D3F8023002A9CDF80A3053680A22CDF805
S2140251500E30FBF76DFBB0F1FF3F804658D0A568D6
S21402516015F4807554D10620F0F772FE18F0B8FADE
S214025170074698B901461A20FFF738FC204641F246
S2140251800601FFF715FC20460021FCF77DFD04F121
S214025190340007B0BDE8F04315F0F4BC2046FFF734
S2140251A0F9FC864228D14D4D394645EA082528465F
S2140251B00EF0A0FF064638460FF0E5FA16F1880F05
S2140251C01BD1474D394645EA082528460EF092FF80
S2140251D0064638460FF0D7FA384618F083FA9EB9D4
S2140251E0606B2A4602A90A30FFF7ECFC78B310215E
S2140251F002A818F03EFAC1E72E462046FFF7CAFC80
S214025200354B8342E8D1DCE7314640F20740B3E74C
S21402521094F87430DA0702D4A368DB05AED500230F
S21402522001A904F118000193FFF71AFE18B10198BC
S2140252300EF04CFFA2E7606B019A02A90A30FFF754
S214025240C1FC054601980EF041FF002DCFD1204645
S21402525002A9FCF719FD02A8102118F00AFA48461E
S21402526015F090FC07B0BDE8F083636B1A88002A3D
S21402527084D11C4A904203D01B4A90427FF47EAFF0
S2140252800022013313F8011F00297FF477AF0132A1
S214025290082AF7D1206C019100F5987001A9FFF752
S2140252A0DFFD0028C3D1606B019A02A90A30FFF71E
S2140252B089FC054601980EF009FF002D97D120467D
S2140252C002A9FCF7E1FC02A8102118F0D2F904F1B9
S2140252D03400C5E7FD5F0200995B0200058004000A
S2140252E003800400A56C02009D7B020038B50446CC
S2140252F00D460520022115F06EFB0246C0B18379E9
S214025300062103445D73204615F03AFA204645F41A
S2140253109051FFF74DFB94F87310064B064A204651
S214025320012914BF11461946BDE8384015F0E4BB02
S21402533038BD00BF995B0200FD5F02002DE9F04315
S214025340804693B006200F4616469946F0F780FD33
S21402535018F0C6F9054648B901461A20FFF746FB7B
S2140253606FF08C04204613B0BDE8F0834FF4804102
S21402537015F01BFB5D4B47F21211036115F0EBFBB8
S2140253804FF480736B805A4B1A68137F022B21D11D
S21402539002F1600302F1800153F8040B8B4247F8D6
S2140253A0040BF9D102F1A00153F8040B8B4246F824
S2140253B0040BF9D1D2F8A0302846C9F800300FF015
S2140253C0E2F9284618F08EF9B8F1000F40F0868010
S2140253D00024C7E79369DB072DD5464B03F120026D
S2140253E053F8041B934247F8041BF9D1424B03F1CE
S2140253F0200253F8041B934246F8041BF9D14B468D
S21402540020223E4928460EF060FF044628460FF04A
S214025410BAF9284618F066F9002CD5D0214640F293
S2140254200740FFF7E3FAB8F1000F9BD00821404689
S214025430FFF75CFF96E7494628460FF0E2F8044677
S21402544090B1014640F20740FFF7D0FAB8F1000FDC
S21402545003D008214046FFF749FF28460FF093F98C
S214025460284618F03FF97DE76B46412201A9D9F894
S21402547000000EF0F0FE044628460FF084F9284697
S21402548018F030F94CB1214640F20740FFF7AEFA69
S214025490D9F800000EF01AFEC5E73A460DF10503EC
S2140254A00DF1250153F8040B8B4242F8040BF9D197
S2140254B032460DF1450153F8040B8B4242F8040BB9
S2140254C0F9D101A8412118F0D4F83846202118F065
S2140254D0C2F82021304618F0BEF875E7002245F2E1
S2140254E01601404615F01EFB72E700BF00000209D7
S2140254F05820002058E6030079E603002DE7030053
S2140255002DE9F74390F873700446012F056C04D119
S21402551095F85031002B40F04F8195F85C3195F8A4
S2140255205181032B00F2F180DFE803F00287AFD44B
S21402553018F0010F7CD01121062015F04CFA814696
S214025540002800F039818679102106440D3630464F
S21402555015F00EFB014658B120460821FFF7C6FE9D
S214025560002140F2074003B0BDE8F043FFF73EBA21
S214025570A07CC0F11002304417F0EFF912F00CFBD9
S214025580022895F95E010BD032460521FBF7E4F8B6
S21402559090B10821204603B0BDE8F043FFF7A6BE4F
S2140255A033461022052112F0F9FA28B1002140F202
S2140255B01B40FFF71BFAECE712F0EEFA02280FD1B7
S2140255C0012F0DD004F1180306F1100256F8041B41
S2140255D0964243F8041BF9D1A36843F48073A36090
S2140255E04A460621204615F0CBF80B21072015F077
S2140255F0F2F98146002800F0DF80867995F95E315F
S2140256000C36064443F43F430821A6F80130F01C4A
S21402561015F0AEFA0A22042195F95E01731C12F007
S214025620BDFA0028C2D14A460621204615F0A8F83F
S21402563095F85C31013385F85C3118F0020F1FD003
S2140256401121082015F0C7F90646002800F0B4809C
S2140256500023817901AA01440D31FF20019315F040
S214025660F1FA40B108212046FFF740FE40F207401B
S2140256700199FFF7BBF932460621204615F080F85D
S21402568095F85C31013385F85C3118F0020F1CD0B6
S2140256900821092015F09FF98146002800F08C8029
S2140256A086790C360644FBF7A5FC83794A4683F0D6
S2140256B00803C3F3C003737003680621C6F80230FA
S2140256C083882046F38015F05BF895F85C31013349
S2140256D085F85C3118F0040F12D011210A2015F05B
S2140256E07AF90646002867D0807910223044AB212A
S2140256F00D3017F032F932460621204615F040F8F2
S21402570095F85C31013385F85C31012F08D0236CA3
S21402571093F85031002B4FD195F85C31042B4BD1C6
S214025720A36C10220B2195F95E01313312F036FA82
S21402573078B140F21B412046FFF73AF9204B214947
S2140257402046012F08BF194603B0BDE8F04315F006
S214025750D3B9A36C01220C2195F95E01203312F015
S2140257601DFA0028E5D1A36C10220D2195F95E01E1
S214025770213312F013FA0028DBD1082295F95E01D4
S214025780114604F1100312F009FA0028D1D1236C55
S21402579093F85E2184F87520FF2283F85E2112F0CA
S2140257A0FBF9022808BFA368204604BF43F48073AF
S2140257B0A360FFF7D5F8C1E703B0BDE8F08300BFEA
S2140257C0995B0200FD5F02002DE9F04F97B0154687
S2140257D0DDE9209804AA06468C4692461C46524BA1
S2140257E0229F03F1100B9646186859680833AEE8F4
S2140257F003005B457246F6D16B4620226146504650
S214025800FFF7D8FA8346002871D1484B05F11002FB
S214025810089365238DF824300DF12503184655F8B4
S214025820041B954243F8041BF9D1102117F013FF0D
S2140258300DF13503184604F1100254F8041B944285
S21402584043F8041BF9D1102117F005FF99F806302A
S214025850062183F00803C3F3C0038DF84530D9F858
S21402586000300DF14600CDF84630B9F80430012478
S214025870ADF84A3017F0EFFE98F80630062183F0AE
S2140258800803C3F3C0038DF84C30D8F800300DF18E
S2140258904D00CDF84D30B8F80430ADF8513017F061
S2140258A0DAFE002335228DF854306846239B08A979
S2140258B08DF85340FFF77EFA8346C0B9102123982D
S2140258C017F0C9FE3B463522684608A98DF82040E7
S2140258D0FFF770FA834650B9B27C0146C2F1100255
S2140258E0384617F03AF81021384617F0B4FE102161
S2140258F0684617F0BEFE352108A817F0BAFE10213A
S214025900504617F0B6FEBBF1000F06D0082130460F
S214025910FFF7ECFC17B0BDE8F08F5A4645F21201CD
S214025920304615F0FFF8F5E79AE603000062746C5D
S21402593070B51E460423054696B014468DF81430FC
S21402594001F120020DF1150351F8040B914243F8C0
S214025950040BF9D120210DF1150017F07CFE22462A
S2140259600DF1350304F1200152F8040B8A4243F884
S214025970040BF9D120210DF1350017F06CFE04ABB3
S2140259800293202301931A9B314600930E4841232B
S21402599005AA0EF0D4FD0446412105A817F069FEBB
S2140259A054B1214640F20740FFF720F80821284666
S2140259B0FFF79CFC16B070BD224645F2150128463C
S2140259C015F0B0F8F6E700BF00000209F8B5044685
S2140259D0FEF736FF266C054628B394F975305F1C31
S2140259E00BD086F85E31FEF747FF0721012014F040
S2140259F0F2FF024618BB1A2111E02046FBF76EF8AA
S214025A0086F85E01236C93F95E310133EBD1FEF723
S214025A1033FF90B1A3685D0709D441F20521204601
S214025A20FEF7C6FF07E0FF2386F85E31EFE70521A3
S214025A302046FFF75BFC0020F8BD0025D5E732497B
S214025A40867909680C3691F800C0831983F801C07C
S214025A5091F81CE0281E18BF0120BEF1010F0DD1DF
S214025A6083F802E0D870487C00B3D87800071DD4CB
S214025A70A3685B07DBD441F20321D0E78F69BEF14E
S214025A80020F07F002070ED191F85EE0BEF1000F9A
S214025A9009D04FF0010E83F802E0D870002FE2D151
S214025AA040F00800DEE74FF0000EF4E7BCF1030F0B
S214025AB007D0096911F0FF1F1EBFD97841F0040113
S214025AC0D97094F874108F0708D5D978480705D48A
S214025AD0BCF1030FCFD041F00401D970002D18BFDE
S214025AE0032510215D7119719D71216C9059C1F8C1
S214025AF00600988848819B7920460B73062114F08D
S214025B003FFE012098E700BF58200020204B10B52A
S214025B101B6804469B6913F0040310D141B180F858
S214025B20773090F87010BDE810401A4817F084B924
S214025B3090F87330012B03D18368580705D410BD43
S214025B40022B02D183685907F9D494F9772094F886
S214025B507730002AF3DBB3B9012384F8773094F860
S214025B6077305B08EBD04FF47A7294F87010534398
S214025B70084800220BF0EAFD94F8773063F07F03C2
S214025B8084F87730DBE75A06E9D45B00E5E700BF26
S214025B90582000205C20002045F21E0330B59942B2
S214025BA00446154689B010D845F21603994213D812
S214025BB045F20103994200F09F8145F20C03994297
S214025BC022D0B1F5A04F00F09D812A46204609B0AA
S214025BD0BDE8304000F0C0B9A1F5A043173B072B43
S214025BE0F3D801A252F823F0CD5C0200CB5B020090
S214025BF0CB5B0200CB5B0200B55E0200CB5B020011
S214025C007B5E0200B95C020090F97730002B02DB63
S214025C108268530707D520460921FFF767FB41F242
S214025C20092009B030BDAB792B449F4D5B7C2D68B3
S214025C3003F008016D7CD5B121B90321FFF756FBAD
S214025C402120EEE713F0040F03F0010308D042F020
S214025C500802826093B9A36843F02003A36013E0AE
S214025C60002BF8D0836843F010038360F3E75807ED
S214025C7044BF42F00802A260DB0703D5A36843F0E4
S214025C801003A3600029E6D1A368224643F004036A
S214025C90A360864920460BF07BFD0221204612F0C7
S214025CA082FE47F23053002245F21A0120460BF0DC
S214025CB04DFDA3689D054AD5A368580747D594F8B5
S214025CC0700009B0BDE8304014F0B4BD90F87430EE
S214025CD0D90745D590F9753001333AD094F91310A7
S214025CE001291DDCA26893060DD56F4B15071B68AC
S214025CF001D4187C38B1187F10B91878032802D05E
S214025D009B6998072CD501290AD0674B12071B6896
S214025D1001D41A7C22B11A7F12BB1B78032B1FD127
S214025D200023CDE90433CDE9063311F035FF02280E
S214025D3001AB2DD1A06AE16A228E03C31A802046E7
S214025D40BDF8042004AB0DF10601FEF7BBFA0020F5
S214025D5067E78368DA0616D4FEF78EFD0028BDD004
S214025D60514B1B68197F022929D1DA7C3AB393F882
S214025D705E3023BBA3685B0717D52046FFF7B6FA4B
S214025D8041F202204DE7FEF75BFD0028E4D0E7E78C
S214025D900A22022194F9750011F02EFF0028CED1B6
S214025DA0CDE90100ADF80C00C9E7204641F2022118
S214025DB0FEF7FEFD01212046FFF7A8FEE0E720469B
S214025DC0FEF79EFEA56860B96D0705D50821204638
S214025DD0FFF78CFA1A2024E71A212046FEF7E8FD80
S214025DE0F8E715F0040508D0FEF74EFDC8B12046C8
S214025DF094F97510FEF768FEA9E722462B4920465D
S214025E000BF0C6FC0221204612F0CDFD47F23053BD
S214025E102A4645F21A0120460BF098FCA36858075A
S214025E20E2D494F97530591C15D048F2080040EABD
S214025E30032080B2FAF7FCFB052194F9750011F0F5
S214025E4098FE032194F9750011F093FE062194F949
S214025E50750011F08EFE226C2046D2F8583143F0BF
S214025E602003C2F85831FFF7B1FD00283FF46FAFA8
S214025E7020460F4914F040FE69E7FEF705FD0028AC
S214025E8062D0236C002B5FD0A26852075CD5D3F891
S214025E905831980658D42B78002BC2D105212046BB
S214025EA0FFF724FA53E700BF5820002041AB030057
S214025EB0CD72020090F87430D90706D4234914F044
S214025EC01BFE29462046FEF773FDA3685A077FF598
S214025ED03EAF204645F21A0116F0AEFF2046224695
S214025EE01B4916F0E2FFA368022123F03C0320467A
S214025EF0A360FCF7D1FF2AE70246154915480BF0C6
S214025F0047FC24E745F21A0116F096FFA36823F031
S214025F103E03A360236C2BB193F95E01431C01D0B0
S214025F20FAF702FD22462046094916F0BEFF22462F
S214025F300749084816F0B9FF20460221FCF7ACFFD5
S214025F40204614F05DFE02E702206AE6995B020034
S214025F5041AB0300D81F002045F21703994210B543
S214025F60044640D01AD845F20603994228D019D8DA
S214025F7040F2012321F00201994213D190F87010E9
S214025F801A4816F059FF94F873300022012B4FF48A
S214025F90A041204608D1FFF7FFFD03E045F21A03B1
S214025FA0994204D048200AE000F028F8FAE710499F
S214025FB014F0A2FD07212046FEF7FAFC002010BDD1
S214025FC093791A44517C41F49051FEF7F1FC94F80F
S214025FD07310084A084B2046012914BF1146194679
S214025FE014F08AFDEAE70220E9E700BF5C20002001
S214025FF035B10300FD5F0200995B020045F21E0305
S21402600099422DE9F3410446154611D845F2160386
S214026010994214D845F20103994200F0258345F2CD
S2140260200203994200F09880B1F5A04F00F0228357
S2140260302A46204602B0BDE8F041FFF78DBFA1F523
S214026040A043173B072BF3D801A252F823F000BF58
S21402605071600200316002003160020031600200AD
S214026060256602003160020013620200ED61020042
S214026070974E33681A7F022A11D1DA7C7AB193F8E6
S2140260805E3063B941F20221FEF792FC20460121FE
S214026090FFF73CFD41F2022002B0BDE8F081A368A2
S2140260A0590701D50220F7E72046FEF7C9FB3368F9
S2140260B0051E1A7818BF0125032A07D019696AB285
S2140260C011F0FF1F24D042F0040503E094F8742078
S2140260D0920725D49A6996071FD41A7F012A1CD0E4
S2140260E045F0080502210B2014F075FC0246E0B1CB
S2140260F08379062103445D7394F975302046013393
S21402610002BFA36843F00203A36014F039FB0CE05D
S21402611094F874108F07D6D4DCE75B7C002BE1D0B2
S21402612041F203212046FEF743FCA368224643F0D1
S2140261300403A360674920460BF02AFB022120468F
S21402614012F031FC47F23053002245F21A01204683
S2140261500BF0FCFA00209FE78368580703D494F9F3
S2140261607730002B05DB236C53B1D3F85831D906B0
S21402617006D520460921FFF7B9F841F209208BE738
S2140261802046FEF7BDFC28B908212046FFF7AEF8E8
S214026190212081E7206CD0F8583143F01003C0F874
S2140261A05831AB790C332B445A68C0F806201A894A
S2140261B0428101229B7A0373236C9A71A26812F0C1
S2140261C0040610D12246434920460BF0E1FA02218A
S2140261D0204612F0E8FB47F23053324645F21A01E7
S2140261E020460BF0B3FAA3689A05B3D5236C002BAE
S2140261F0B0D0D3F85831DB06ACD594F975300133FC
S21402620020D094F87430DF071CD5A36843F002034D
S214026210A360236C002B3FF445AFD3F85831DA065F
S2140262207FF540AF9F063FF53DAFFEF72DFB10B35F
S214026230A3689E071FD42B78EBB905212046FFF7EB
S21402624055F887E7FEF720FB94F9751040B14E1C0F
S21402625002D1A3689807DCD42046FEF735FC79E71E
S2140262600846FAF755FA0028D3D094F87430D907BE
S214026270CFD4052189E794F97530581C15D048F219
S214026280080040EA032080B2FAF7D2F9052194F911
S214026290750011F06EFC032194F9750011F069FC8B
S2140262A0062194F9750011F064FCA368256C23F0AE
S2140262B00203A360D5F85831054F43F02003C5F812
S2140262C058313B68AA7A1B7A934205D906215CE7C5
S2140262D05820002041AB030094F9521094F8523033
S2140262E00029B2BF012383F00803C3F3C003102AB8
S2140262F028BF10222B7194F86030204683F00803E2
S214026300C3F3C0036B71A2746E7AFEF799FA002883
S21402631036D0F10734D594F97530D4F840805A1C3B
S21402632024D088F85E3106F00D063B689A6990071D
S21402633004D41A7F012A01D0310701D406F0F706E9
S2140263401A78032A1FD01B6913F0FF1F01D046F0EC
S214026350040694F874309A071BD5730719D40321E0
S2140263602046FEF7C3FF40F2034095E62046FAF7C2
S214026370B5FB88F85E01236C93F95E310133D2D106
S21402638006F00C06D1E71B7F002BE2D106F0FB06D7
S214026390DFE70721022014F01EFB01900028E2D05E
S2140263A090F806C03A680CF10C0C137800EB0C015E
S2140263B04B70137F012B06D0022B46D192F85E302B
S2140263C0003B18BF01238B701023CE7016F0010617
S2140263D008BF32460B711FBFEB7A2A7B03F003031A
S2140263E04B71236C14BF02F003024E718A7183F85C
S2140263F051214A7983F8502150F80C20C3F80D2019
S2140264008A88A3F811208A79DA7406B3206C90F889
S214026410501111F002061AD194F85210062281F099
S214026420080190F95E0104F14C03C1F3C00111F0BA
S214026430B5FB60B13146FEF7D9FA20460821FEF7D1
S21402644055FF01A816F034FE8DE70023BBE7019E38
S214026450002E88D0FEF710FA95F809C078B11CF025
S214026460010F04D0236C93F95E31013307D1052165
S2140264702046FEF73BFF30460BF0F6FA88E63B680E
S2140264800CF00802597C29B112B12A7C100703D4F9
S2140264900321EDE7002A75D02A7C110772D5D5F8BC
S2140264A0581141F00401C5F85811B5F8501121F4FD
S2140264B0807121F00101A5F85011187F297A02286F
S2140264C00BD071B942EA0C0212F0040248D185F8E8
S2140264D05D211B7C002BDBD10DE021B993F85E20F9
S2140264E09ABB0221C4E7012283F83D20DA7C92BBE4
S2140264F0042385F85D3132460621204614F040F921
S21402650095F85D31206C042B52D13B6800F59870EB
S21402651003F11D022D3352F8041B9A4240F8041B65
S214026520F9D1D5F8583195F85D2103F00401002A17
S21402653045D123F00203C5F85831E27400294AD047
S2140265405B49204614F0D8FA04E683F83D10DB7C5B
S214026550002BC6D1CCE793F85E30002BC8D1C0E73B
S214026560EA791978052A28BF0322524801EB8101ED
S21402657001448A5C85F85D211B7C002BBBD0002A77
S214026580B9D185E71A7F012A02D12A7A002AAFD129
S2140265901CF0040F03D12A7C12F0040297D0EA7989
S2140265A01978052A28BF0322434801EB8101DFE759
S2140265B01022002100F5987016F0CFF9B1E743F0EB
S2140265C00203C5F8583141B90123032AE37412D9EC
S2140265D0042A7FF4BFAD3949B3E7A37C0F2B89BFEA
S2140265E094F87430012343F0080384F8743088BFAB
S2140265F00223E374A4E7012A07D02046304914F0A8
S2140266007BFA2046FEF74CFAA4E520462C4914F005
S21402661073FA3B68D968481C424242412046FEF75C
S2140266200FFA97E590F87430D90706D4254914F086
S21402663063FA29462046FEF7BBF9A3685A077FF598
S21402664089AD45F21A01204616F0F6FB2246204690
S2140266501D4916F02AFCA36823F00403A360022156
S2140266602046FCF719FC75E50246174917480BF059
S2140266708FF86FE545F21A0116F0DEFBA36823F0E9
S2140266803E03A360236C2BB193F95E01431C01D039
S214026690FAF74AF9224620460B4916F006FC22462D
S2140266A009490A4816F001FC204614F0A9FAD6E772
S2140266B0B9710200ABE60300C4E60300D16602002D
S2140266C029710200995B020041AB0300D81F00202B
S2140266D073B545F20406B142044615460DD045F29E
S2140266E01006B14222D0B1F5A04F38D114F063F9AA
S2140266F0236CD3F85831D90720D5236CD3F8582108
S214026700D2070BD4AA7998330C3215446A1D153574
S21402671052F8041BAA4243F8041BF9D1216CD1F8A3
S214026720583113F004030CD00F4904E0016CA83171
S21402673014F095F90D49204614F0DEF9002002B057
S21402674070BD81F85C31012301F1B8020093204646
S21402675001F1A80301F5987114F007FCEEE702B008
S214026760BDE87040FFF7F8BB7167020009680200D7
S214026770B1F5A04FF7B5044608D045F21105A94277
S21402678036D003B0BDE8F040FFF7E6BB006C102140
S214026790B83014F0EDF960B108212046FEF7A6FDE8
S2140267A040F207400021FEF721F940F2074003B00D
S2140267B0F0BD256C95F85D6105F1A807013E022E35
S2140267C001979CBFD5F82C0195F85C6105F1540140
S2140267D09EBFF04000F0010040F08000009005F1FE
S2140267E01402204605F1B80314F032FC0020DEE75E
S2140267F0016CA83114F033F92046024914F07CF9F2
S214026800F4E700BF0968020045F2100330B599426A
S214026810044685B000F0A6800CD8B1F5A04F27D06C
S21402682045F20503994228D0204605B0BDE830401F
S214026830FFF792BB45F21103994200F0B08045F291
S21402684012039942F0D1016C91F85D3113B1043B09
S214026850012B03D82046B83114F0E5F8236C93F8E0
S2140268605D31042B40F2DF80052B03D16F4992E0A5
S21402687014F0A1F8002005B030BD9179036C0C31FC
S2140268800A44511DC833153251F8040B914243F89D
S214026890040BF9D1206CD0F8583113F0040354D00D
S2140268A090F85D31042B22D1614B1B6893F85E5041
S2140268B065B1002100F114020091114600F5A070A6
S2140268C001903E33204614F0C3FBD3E71021B830C4
S2140268D014F04EF958B108212046FEF707FD40F2A3
S2140268E007402946FEF782F840F20740C3E7216CCC
S2140268F091F85D3101F1C80213B1043B012B12D8A5
S21402690001F1F803039301F59873029304F15A0315
S214026910019304F15303009301F1B8032046D831E2
S214026920FEF752FFA6E701F5A073019391F85C010A
S214026930D1F82C31C34003F0010343F080030093E7
S214026940134601F154021431BCE780F85C3100F1C1
S214026950C802009300F5987100F5A073204614F063
S21402696004FB87E7056C102205F1980105F5A07077
S21402697015F0C9FF20B104212046FEF7B7FC79E7DF
S214026980D5F858312B499B0742BF94F8743043F030
S214026990020384F87430204614F0AEF86AE7056CF9
S2140269A095F85D3105F5A070042B1ED1204B102200
S2140269B019684E3115F0A7FF0028DCD1102105F129
S2140269C0B80014F0D5F8216C01F1F803039301F531
S2140269D09873029304F15A03019304F1530300934C
S2140269E001F1C80201F1B80398E70146102205F149
S2140269F0980015F088FF0028BDD105F1B8012046A1
S214026A0014F011F8216C91F85C310133DBB2142BCF
S214026A1081F85C31D8D0D1F8583123F00103C1F89F
S214026A2058310549B7E70549B5E700BF416A020094
S214026A3058200020A56C0200D1660200F96A020006
S214026A4045F21403994213B504462BD00CD8B1F57F
S214026A50A04F13D045F20E03994232D0204602B020
S214026A60BDE81040FFF778BA45F219039942F5D10E
S214026A70137813BB0C21FEF739FC10E013F09BFFD2
S214026A80216C204601F59473019301F1B80300933B
S214026A9001F1540201F1C803143114F051F9002037
S214026AA002B010BD036CD3F82821114BB2FBF3F1F0
S214026AB003FB1121FDF7AEFFF1E70E4914F01CF8B7
S214026AC0EDE79179036C0C310A44511D03F584738A
S214026AD0153251F8040B914243F8040BF9D1226C9B
S214026AE0D2F8583143F00803C2F85831D7E700BF4E
S214026AF040420F00F96A0200F0B545F20E06B142B6
S214026B00044615468DB00ED045F21306B1425CD04F
S214026B10B1F5A04F40F0BD8013F04DFF236CD3F8C3
S214026B205831190757D5236CD3F8582112070CD4BD
S214026B30AA7903F584730C3215446A1D153552F88A
S214026B40041BAA4243F8041BF9D10023256CCDE9A5
S214026B500833CDE90A3385F85C3195F85D310DF1DD
S214026B60200C042B2AD14D4B1B6893F83D205AB1BA
S214026B70674603F11D022D333E46106851680832FF
S214026B8003C69A423746F7D105F5A073069304F179
S214026B905A03059304F153030493EB7905F1C802F3
S214026BA003932B7A02936B7ACDE900C305F1B803FF
S214026BB0204605F1F80114F037F90CE0013B022BF0
S214026BC09CBFD5F82C310893DEE7056C95F85C314E
S214026BD023B1012B54D000200DB0F0BD102205F5D4
S214026BE0A07105F5847015F08EFE20B10B212046AB
S214026BF0FEF77CFBEFE7D5F858310DF1200C9B072A
S214026C0042BF94F8743043F0020384F874300123D0
S214026C1085F85C310023CDE90833CDE90A3395F8CF
S214026C205D31042B25D11D4B1B6893F85E205AB1AB
S214026C30674603F13E024E333E46106851680832FC
S214026C4003C69A423746F7D105F58C73069304F1CC
S214026C505303059304F15A030493AB7B05F1B80280
S214026C600393EB7B02932B7CCDE900C305F1C803AB
S214026C709EE7013B022B9CBFD5F82C310893E3E735
S214026C8005F58C7113F0B3FE2046054913F034FF68
S214026C90A1E70DB0BDE8F040FFF75EB9582000202E
S214026CA0A56C0200B1F5A04F73B50446154677D021
S214026CB045F21B06B14240F0F68090F87430DB07CE
S214026CC066D5056CB5F850312BB1794913F014FF2F
S214026CD0002002B070BDD5F858315E0747D56B7AF2
S214026CE0D80744D52B7CD90741D5A36C10220B219B
S214026CF095F95E01313310F051FF38B140F21B4175
S214026D002046FDF755FE40F21B40E2E7A36C206CDE
S214026D1001220C2190F95E01203310F03FFF00287B
S214026D20ECD1A36C206C10220D2190F95E01213368
S214026D3010F034FF0028E1D10822206C114690F9A9
S214026D405E0104F1100310F029FF0028D6D1236C4F
S214026D5093F85E2184F87520FF2283F85E21204690
S214026D60544913F0C9FE2046FDF7FAFDB0E705F5D3
S214026D70987304F1180205F5A07553F8041BAB428C
S214026D8042F8041BF9D1A36843F48073A360E6E7D4
S214026D90484913F0B1FE29462046FDF709FE97E75B
S214026DA0036CD3F8582112F0040245D05A7AD2075F
S214026DB08ED51B7CDB078BD510F0EEFE0228206CEE
S214026DC00ED000F59872032190F95E01F9F7C4FC23
S214026DD000283FF47DAF08212046FEF787FA92E7A7
S214026DE000F598731022032190F95E0110F0D6FE8A
S214026DF028B1002140F21B40FDF7F8FDEBE7206CBE
S214026E00102200F59873052190F95E0110F0C6FE77
S214026E100028EED1236C04F1180103F5987203F5ED
S214026E20A07352F8040B9A4241F8040BF9D1A368F6
S214026E3043F48073A3604BE7D3F8B810C3F8D010BE
S214026E40D3F8BC100192C3F8D410006C01A900F567
S214026E509870FEF705F848B101980DF037F920460C
S214026E600821FEF743FA40F2074032E7206C019A07
S214026E7000F59871C830FDF7A5FE05460198002D6D
S214026E80EBD10DF023F9236CA07C03F59873294609
S214026E90C0F11002184415F060FD216C2046B8318E
S214026EA013F0C1FD14E702B0BDE87040FFF754B816
S214026EB0B96E0200FD5F0200B1F5A04F2DE9F04168
S214026EC00446154600F01E81A1F5A043DE1F042EDF
S214026ED000F21F819279083B0C321544026C92F83C
S214026EE05021032B05D8DFE813F047009300C400B7
S214026EF00A01D10740F1BB80053510222946874892
S214026F0015F001FD002800F09C8010F045FE0228D6
S214026F10206C27D02A46032190F95E01F9F71CFC63
S214026F200026074610F038FE022812D194F8733075
S214026F30012B0ED12B4604F1180205F1100153F86D
S214026F40040B8B4242F8040BF9D1A36843F4807316
S214026F50A3601021284616F08CFB002E6CD0002170
S214026F6030462FE02B461022032190F95E0110F0E6
S214026F7015FE00270646D5E712F0010777D010F077
S214026F800BFE022821D0236C062093F95E81EEF7D1
S214026F905FFF16F0A5FB064608B91A26DFE701468C
S214026FA05F4840EA08200DF0A5F8804630460DF00E
S214026FB0EAFB304616F096FBB8F1000F05D04146C4
S214026FC040F20740FDF712FD37E0206C05F1050898
S214026FD043460A22022190F95E0110F0DFFDD5F841
S214026FE005300646A362D5F80930E362B5F80D30DF
S214026FF023860028B3D1226C92F8503123EA070385
S21402700082F850312046FEF77BFA0020BDE8F08178
S21402701092072CD510F0C0FD022805F10505206C5C
S21402702016D006212A4690F95E01F9F795FB102143
S2140270300746284616F01DFBCFB108212046FEF76C
S21402704055F920460821FEF751F940F20340DDE7E4
S21402705006212B46102290F95E0110F09FFD06468F
S2140270601021284616F005FB002E7FF478AF002785
S214027070C1E79307FBD510F08FFD02281AD0236CC8
S214027080062093F95E71EEF7E3FE16F029FB06463C
S214027090002882D00146234840EA07200DF02AF84D
S2140270A0074630460DF06FFB304616F01BFB0FB15D
S2140270B0394685E7697989B90A466B1D13F8010FC7
S2140270C060B90132062AF9D194F85210206C81F088
S2140270D0080104F14C03C1F3C00106E000394FF089
S2140270E0060218BF0121206CAB1D90F95E0110F05C
S2140270F055FD064600287FF432AF02277BE702F0F2
S214027100040778E713F057FC0022236C83F85C210F
S21402711078E7BDE8F041FEF71FBF00BFDDE60300DB
S214027120038004000680040070B545F20406B142EE
S2140271300446134624D045F21806B14206D0B1F5ED
S214027140A04F32D113F037FC002070BD11684D1CE1
S21402715003D10121FEF7CAF8F6E7026CD2F858010D
S214027160400743BF002182F85C111B68C2F8301149
S2140271702046104948BFC2F82C3113F0BDFCE3E7A5
S2140271809979026C0C310B44591D9832153351F81B
S214027190040B994242F8040BF9D1226CD2F858310A
S2140271A043F00103C2F85831CEE7BDE87040FEF75F
S2140271B0D3BE00BFD166020045F215039942F7B569
S2140271C0044651D00CD8B1F5A04F19D045F20D03A4
S2140271D099421BD0204603B0BDE8F040FEF7BCBE85
S2140271E045F216039942F5D1016C01F1D8030093DA
S2140271F0D1F8943001F134021431FEF799FB01E024
S21402720013F0D9FB0027384603B0F0BD93790C3350
S2140272101A44551D02F1250632462946FDF734FD6D
S214027220074620B10B212046FEF760F8EBE7294619
S214027230236C143351F8042BB14243F8042BF9D1D2
S214027240236C01F12002343351F8040B914243F8C7
S214027250040BF9D1216C204601F1940301F174026A
S2140272605431FEF76BF8CDE713F015FC236C93F858
S2140272705D31052BC6D8DFE803F0190311111E197C
S21402728020460E4913F038FC0D4B20461B68D96881
S2140272904B1C5A425A41FDF7D3FBB3E72046074937
S2140272A013F02AFC2046FDF7FBFBABE70549204618
S2140272B013F022FCA6E70449F9E700BF2971020091
S2140272C0582000207167020009680200F8B545F2EE
S2140272D016039942044600F061810BD8B1F5A04F1F
S2140272E00ED045F2030399420ED02046BDE8F84080
S2140272F0FEF732BE45F217039942F6D1022002E0AB
S21402730013F059FB0020F8BD9379056C0C33D618A0
S214027310F379DF0708D4FDF7AFFA28B10521204636
S214027320FDF7E4FF2120EEE79E4F327A3B681B7A98
S2140273309A4201D20621F2E7D6F80530C5F80E3099
S214027340B6F809306B8202236B7394F9523094F8C4
S2140273505210002BB2BF012381F00803C3F3C0030F
S2140273606B7194F8603083F00803C3F3C0032B718B
S214027370337A102B28BF1023A374F379D8072BD5A2
S2140273806B7ADA0728D5737AEA7A134085F8513190
S214027390B37A2A7B134085F8503195F95E31013372
S2140273A01ED0206C90F850319B0719D481F008014A
S2140273B0062290F95E0104F14C03C1F3C00110F0FD
S2140273C0EDFB68B140F21B412046FDF7F1FAA368D7
S2140273D05907A7D50821A2E7002385F85131DAE735
S2140273E03B68F079597C00F0080229B112B16A7A3A
S2140273F0120703D4032192E7002A79D06A7A11078A
S21402740076D5D5F8581141F00401C5F85811B5F8EB
S214027410501121F4807121F00101A5F8501193F862
S2140274201CC0B179BCF1020F02D019B3022176E773
S21402743089B1012283F83D20DA7CB2B9042285F8AC
S2140274405D21A27C0F2A27D994F8742042F0080204
S21402745084F8742020E093F85E20002AE6D0DA7CD6
S21402746083F83D10002AE1D1E8E793F85E20002A6F
S214027470E4D1DBE7024312F004023FD072794A49B4
S214027480052A28BF0322187802EB82020A44125CFD
S21402749085F85D21002AD4D1197C95F85D2109B1C1
S2140274A0002AA7D0206C042A00F598703AD103F17E
S2140274B01D022D3352F8041B9A4240F8041BF9D1E0
S2140274C0D5F8583195F85D2103F004017ABB23F014
S2140274D00203C5F85831E27400295AD0216C2046BE
S2140274E001F1940301F174025431FDF727FF09E715
S2140274F01A7F012A05D1B2791AB1042285F85D21D4
S214027500CAE7420703D46A7A12F00402F6D0727906
S2140275102649052A28BF0322187802EB82020A446B
S214027520125CEBE71022002115F017FAC8E743F0C9
S2140275300203C5F8583149B90123013AE374032A14
S2140275403FF6E0AEDFE802F010181025A37C0F2B02
S21402755089BF94F87430012343F0080384F874302A
S21402756088BF0223E374B9E72046114913F0C4FA30
S2140275702046FDF795FAC5E620460D4913F0BCFAFB
S2140275803B682046D9684B1C5A425A41FDF758FAC6
S214027590B8E60849204613F0AFFAB3E613F07BFAD2
S2140275A00549F7E758200020ABE60300C4E60300CF
S2140275B0A97F0200857E0200BD75020045F20D031A
S2140275C09942F7B5044627D00DD8B1F5A04F1DD085
S2140275D045F20403994200F08F80204603B0BDE8CE
S2140275E0F040FEF7B9BC45F21103994200F0A680BE
S2140275F045F215039942F0D1006C90F85D31052BE7
S21402760006D8DFE803F0503A423A555013F0D3F961
S2140276100027384603B0F0BD93790C331A44561D42
S21402762002F125052A463146FDF72EFB074620B114
S2140276300B212046FDF75AFEEBE73146236C143346
S21402764051F8042BA94243F8042BF9D1236C01F11B
S2140276502002343351F8040B914243F8040BF9D15B
S214027660216C204601F1D8030093D1F8943001F141
S21402767034021431FEF75CF9CAE720463B4913F0A0
S2140276803BFA2046FDF70CFAC2E72046374913F0CC
S21402769033FA374B20461B68D9684B1C5A425A416C
S2140276A0FDF7CEF9B4E73349204613F025FAAFE7E3
S2140276B02F4B1B6893F85E5065B1002100F114024F
S2140276C000F5A07001900091204611463E3313F05B
S2140276D0BFFC9DE71021C83013F04AFA00283DD0BF
S2140276E008212046FDF702FE294640F20740FDF734
S2140276F07DF940F207478CE79179036C0C310A4416
S214027700511DA833153251F8040B914243F8040B6D
S214027710F9D1256C102205F1A80105F1980015F0A3
S214027720F2F820B904212046FDF7E0FD70E7D5F80F
S214027730583143F00103C5F8583169E70C4B056C24
S214027740196810224E3105F5A07015F0DCF80028F5
S214027750E8D1102105F1C80013F00AFA216C204680
S214027760C83113F060F904499EE700BFA97F020002
S21402777058200020DD7D02007D77020045F21003CE
S214027780F0B59942044685B000F087800CD8B1F572
S214027790A04F1CD045F2050399421DD0204605B0E5
S2140277A0BDE8F040FEF7D8BB45F21103994200F05F
S2140277B08D8045F212039942F0D1036C93F85D3145
S2140277C0042B40F2B380052B03D159497BE013F01A
S2140277D0F2F8002005B0F0BD9179036C0C310A4432
S2140277E0511DB833153251F8040B914243F8040B7D
S2140277F0F9D1256C102205F1C80705F1B806314605
S214027800384615F080F820B904212046FDF76EFDB3
S214027810DFE7D5F8583113F0040332D095F85D311E
S214027820042B13D105F1F803039305F5987302931D
S21402783004F15303019304F15A0300933A46334684
S214027840204605F1D801FDF7BFFFC2E705F5A07097
S21402785005F1140105F1540201900BB1052B06D176
S214027860002300932046334613F0F2FBB1E795F867
S2140278705C01D5F82C31C34003F0010343F08003CA
S214027880EFE785F85C3132460093204605F5A07393
S21402789005F5987113F069FB9BE7056C102205F15C
S2140278A0A80105F5A07015F02EF80028ACD1D5F881
S2140278B0583120499B0742BF94F8743043F00203C4
S2140278C084F87430204613F017F982E7056C10220C
S2140278D005F1A80105F5A07015F015F8002893D15A
S2140278E095F85D31013B022B0FD895F85C310133D8
S2140278F0DBB2142B85F85C3107D0D5F858310E4927
S21402790023F00103C5F85831DCE705F1F8030393C9
S21402791005F59873029304F15303019304F15A0395
S214027920009305F1C80205F1B80389E70349CAE7DF
S214027930417902009D7B0200857E0200C179020029
S21402794073B545F21406B14204461AD045F219063A
S214027950B14221D0B1F5A04F28D113F02CF8216CFA
S214027960204601F59473019301F1B803009301F1E7
S214027970140201F1C803543113F0E2F9002002B0F8
S21402798070BD036CD3F828210B4BB2FBF3F103FB5B
S2140279901121FDF73FF8F1E713781BB90C21FDF72B
S2140279A0A5FCEBE7054913F0A7F8E7E702B0BDE848
S2140279B07040FEF7D1BA00BF40420F00C179020004
S2140279C0F0B5B1F5A04F05468DB008D045F21304C8
S2140279D0A14244D00DB0BDE8F040FEF7BDBA002388
S2140279E0046CCDE90833CDE90A3394F85D310DF124
S2140279F0200C042B2CD11F4B1B6893F85E205AB127
S214027A00674603F13E024E333E461068516808321E
S214027A1003C69A423746F7D104F58473069305F1F6
S214027A205303059305F15A030493E3792846039317
S214027A30237A04F1C8020293637A04F1F801CDE9CD
S214027A4000C304F1B80313F0EFF900200DB0F0BD47
S214027A50013B022B9CBFD4F82C310893DCE7016C67
S214027A6001F5847112F0C3FF2846034913F044F867
S214027A70EBE700BF582000207D7A0200F0B545F201
S214027A800E06B142044613468DB00BD045F21303E0
S214027A90994260D0B1F5A04F77D112F08CFF00204A
S214027AA00DB0F0BD9979026C0C310B44591D02F5EC
S214027AB08C72153351F8040B994242F8040BF9D133
S214027AC0256C102205F58C7105F5847014F01BFFE9
S214027AD020B90B212046FDF709FCE0E70023CDE99B
S214027AE00833CDE90A3395F85D310DF1200C042BED
S214027AF02AD1284B1B6893F83D205AB1674603F1FA
S214027B001D022D333E4610685168083203C69A425B
S214027B103746F7D105F5A073069304F15A03059389
S214027B2004F153030493AB7B20460393EB7B05F1EE
S214027B30B80202932B7C05F1F801CDE900C305F1EA
S214027B40C80313F071F9AAE7013B022B9CBFD5F8D4
S214027B502C310893DEE7056C102205F5A07105F5B9
S214027B608C7014F0D0FE0028B3D1D5F858312046D8
S214027B709B0748BF94F87430074944BF43F002039A
S214027B8084F8743012F0B8FF89E70DB0BDE8F04013
S214027B90FEF7E2B9582000209D7B020070B5B1F5D1
S214027BA0A04F0446154688B077D045F21B06B14270
S214027BB040F00A8190F87430DB0766D5056CB5F89C
S214027BC050312BB1834912F097FF002008B070BDE8
S214027BD0D5F858315E0747D56B7AD80744D52B7C43
S214027BE0D90741D5A36C10220B2195F95E013133DA
S214027BF00FF0D4FF38B140F21B412046FCF7D8FE06
S214027C0040F21B40E2E7A36C206C01220C2190F9A3
S214027C105E0120330FF0C2FF0028ECD1A36C206C6B
S214027C2010220D2190F95E0121330FF0B7FF0028D4
S214027C30E1D10822206C114690F95E0104F110038E
S214027C400FF0ACFF0028D6D1236C93F85E2184F89F
S214027C507520FF2283F85E2120465F4912F04CFF12
S214027C602046FCF77DFEB0E705F5987304F118028E
S214027C7005F5A07553F8041BAB4242F8041BF9D174
S214027C80A36843F48073A360E6E7534912F034FF17
S214027C9029462046FCF78CFE97E7036CD3F858215A
S214027CA012F0040255D00022CDE90122ADF80C20D4
S214027CB05A7AD2073FD51B7CDB073CD50FF06CFF08
S214027CC00228206C0CD000F59872032190F95E0110
S214027CD0F8F742FD78B308212046FDF707FB8FE749
S214027CE000F598731022032190F95E010FF056FFFB
S214027CF028B1002140F21B40FCF778FEEBE7206C2F
S214027D00102200F59873052190F95E010FF046FFE8
S214027D100028EED1236C04F1180103F5987203F5DE
S214027D20A07352F8040B9A4241F8040BF9D1A368E7
S214027D3043F48073A3600023BDF80420CDE9043326
S214027D40CDE906330DF1060104AB2046FCF7BAFA7C
S214027D503BE7D3F8B810C3F8D010D3F8BC100092A3
S214027D60C3F8D410006C694600F59870FDF778F8F1
S214027D7048B100980CF0AAF920460821FDF7B6FA99
S214027D8040F2074022E7206C009A00F59871C8304E
S214027D90FCF718FF05460028EBD100980CF096F980
S214027DA0236CA07C03F59873C0F110022946184490
S214027DB014F0D3FD2A46CDE90155CDE90455CDE9A7
S214027DC0065504AB01A9C0E708B0BDE87040FEF74F
S214027DD0C3B800BF31B10300995B0200B1F5A04FF2
S214027DE070B50446154607D045F20406B1420CD0DB
S214027DF0BDE87040FEF7B0B812F0DDFD236CD3F894
S214027E005831D90701D4002070BD236CD3F858210D
S214027E10D20718D4AA79A8330C3215446A1D153530
S214027E2052F8041BAA4243F8041BF9D1206C102214
S214027E3000F1A801983014F066FD20B9042120460E
S214027E40FDF754FADFE7206C1021C83012F090FEDE
S214027E5058B108212046FDF749FA40F207400021B2
S214027E60FCF7C4FD40F20740CEE7216C2046C8313D
S214027E7012F0D9FD2046024912F03EFEC3E700BFCB
S214027E807D770200B1F5A04F13B504460ED0A1F5DA
S214027E90A043103B012B45D8016C983112F0DFFD50
S214027EA02046234912F028FE002017E0016CD1F884
S214027EB0583101F1C80213F0040328D010211046ED
S214027EC012F056FE60B108212046FDF70FFA40F286
S214027ED007400021FCF78AFD40F2074002B010BDC1
S214027EE0216C204601F19803019391F85C21D1F8A8
S214027EF02C31D34003F0010343F08003009301F1D9
S214027F00140201F1C803543113F0A2F8CCE781F849
S214027F105C310123009301F1980301F5987113F087
S214027F2024F8C1E702B0BDE81040FEF715B800BF5E
S214027F30357F0200B1F5A04F70B51346044607D050
S214027F4045F20406B14207D0BDE87040FEF704B819
S214027F5012F031FD002070BD9979026C0C310B4491
S214027F60591DA832153351F8040B994242F8040BF6
S214027F70F9D1256C102205F1A80105F1980014F03C
S214027F80C2FC20B904212046FDF7B0F9E2E72046FC
S214027F9005F1C80112F047FD2046024912F0ACFD79
S214027FA0D8E700BF7D770200B1F5A04F70B5034653
S214027FB0144607D045F21806B14207D0BDE8704015
S214027FC0FDF7CABF12F0F7FC002070BD1268551C00
S214027FD003D10121FDF78AF9F6E7016CD1F85801C1
S214027FE0400743BF002281F85C212268C1F8302195
S214027FF048BFC1F82C211846014912F07DFDE3E77F
S214028000857E0200184640F20A4322F000429A4257
S2140280102DE9F04120D8B2F5806F01D800203EE06D
S2140280206FF480642244092AF8D801A353F822F098
S2140280307780020083800200A3800200F1800200A3
S214028040C58002000D8102002F81020037810200E6
S2140280501D8002004F8102006FF4A0615318042BAA
S214028060DCD8A2F20252032A79D8DFE812F08A009C
S2140280709200B700CB0005784488644810F02DFCC7
S2140280803EE005784468826900F1080300216048F2
S21402809010F034FC10B10571C0F805400120BDE8AF
S2140280A0F081067845880479826900F10803002188
S2140280B0584810F023FC0028F0D00671A0F80550AE
S2140280C0C471EBE704790778A4F11B0359425941BE
S2140280D04688C58800F1080289004F4810F033FC34
S2140280E00028DBD00771A0F80560C4710581D5E7CA
S2140280F0057844884269031D0021484810F0FEFBBB
S2140281000028CBD00571A0F80540C7E70678458859
S214028110848800F108020021414810F014FC00286F
S214028120BCD00671A0F80550A0F80740B6E705785F
S21402813044683C48A2E704783A4810F0CEFB002890
S214028140ACD007234371002304718371A6E7047839
S214028150354810F0C2FB0028A0D004719EE70778CD
S21402816046880579C48800F1080200212F4810F0DD
S214028170EAFB002892D00771A0F80560C571048159
S2140281808CE7077846880579C488294810F0A5FB4D
S214028190EFE787684588047906787FB1C78800F1DB
S2140281A008020021234810F0CEFB00283FF476AFE9
S2140281B00671A0F80550C47107816FE73B463A4640
S2140281C039461C4810F09AFB00283FF467AF067148
S2140281D0A0F80550C471077247725FE790F80080F6
S2140281E047880679C5880489134810F076FB00286C
S2140281F03FF454AF80F80480A0F80570C67105817C
S21402820044814BE7057844680C4837E780E703006B
S2140282107CE7030078E7030070E7030074E70300D7
S2140282206CE7030068E7030050E7030064E7030017
S21402823060E703005CE7030058E7030054E7030027
S214028240004870470580020030B5044685B00846EF
S214028250039113F0D1F8830708D410F0010003D07D
S21402826003A814F025FF012005B030BD03998B79D1
S21402827003F10C0288188A5C013A1C2A00F2E88094
S214028280DFE802F00FE689E68CE695E69CE6A4E6D1
S214028290ACE6B3E6BAE6C2E6E6E6C4E6D2E6D4E67C
S2140282A0DD0003790BB103F588534278023A162AA9
S2140282B0D6D801A151F822F015830200618202008D
S2140282C01F830200618202002B8302006182020089
S2140282D03783020061820200438302006182020049
S2140282E05B830200618202004F8302006182020009
S2140282F067830200618202007383020061820200C9
S21402830061820200618202007D83020061820200B5
S2140283108D83020017212046FBF722FFA0E70022EA
S2140283202046114611F0F4FD9AE71A46002120462F
S21402833011F09BFE94E700222046114612F006F842
S2140283408EE700222046114611F0EEFE88E71A4616
S2140283500021204611F0DBFF82E71A460021204664
S21402836011F0B8FF7CE700222046114612F0E1F831
S21402837076E71946204612F045F971E70093002386
S21402838020461A46194612F047F969E7194620466A
S21402839012F094F964E7B0F80110BCE702338B716F
S2140283A00A4600234178204611F0B2FD5BE701330E
S2140283B0002220468B7111F058FE54E702338B716F
S2140283C042780023204611F0C1FF4CE701338B713F
S2140283D0002320461A4611F0A7FE44E70133002286
S2140283E020468B7111F076FF3DE7013300222046CE
S2140283F08B7111F08CFF36E702338B7142780023C3
S214028400204612F096F82EE70021B3E705338B716B
S2140284100023B0F80320B0F8010000930B46014693
S214028420204612F0F9F81EE70021B0E703338B71FD
S2140284300A46B0F80110204612F05FF913E703333C
S2140284408B710A46B0F80110204612F05FF90AE76F
S214028450002009E72DE9F04F144687B09B46C36B10
S21402846006460D465B69012202A960689847F36BCF
S214028470012203A95B692846984702A813F0C6FBA7
S214028480074648B10023A37563754FF0FF33A36018
S214028490002007B0BDE8F08F03A813F0C4FB012349
S2140284A0A375237E04EBC303DD611F846368AB42BE
S2140284B00ED1206003A813F0D8FB4FF0FF332075CF
S2140284C0A360237D043B022B25D80023A375DFE798
S2140284D023681A1A03A853425341A37513F0C5FB27
S2140284E0237D834203A818BFA77513F0A0FB074697
S2140284F002A813F09CFB874203A81CBF0023A375A7
S21402850013F09DFB074602A813F099FB87421CBF97
S2140285100023A375D5E703A813F089FB80B1F36B9C
S214028520022204A928465B69984704A813F08EFB2A
S2140285300346207D032839D8DFE800F038380409DE
S21402854003A8F3E7237ECC2204EBC3031A8401F0CC
S214028550C9FA109B187003A8277E13F05CFB04EB85
S214028560C70787F8220003A8237E04EBC303B3F8E9
S214028570209093F8227013F05AFB804603A813F05B
S2140285805EFB8246B8F1000F15D0F36B022204A9F7
S21402859028465B69984704A813F01DFB6075637D47
S2140285A06BB90023A3754FF0000838E0227E04EB77
S2140285B0C2021384CBE703A813F0F8FAEEE794F8A6
S2140285C01680B8F1000FEED0B9F1000F09D1DFB175
S2140285D00123627EE375002A44D19F4218D1677652
S2140285E014E0736C05EB0A02594285EA020008425F
S2140285F01CBF0021A175591E0A409B1A9945D0D866
S214028600A37D002BE3D1CEE7E37D43B94FF000080C
S2140286104B4652462946304613F074F8A060A27DB7
S21402862012B123694B4423611349237E0978994288
S2140286301ED901332376BBF1000F1BD0D2B1E37DE6
S214028640C3B1B8F1000F15D1032F13D0A1684B1C8C
S21402865010D0109B2246304600930123FFF7FAFE05
S214028660A07507E0012FDAD0032F08BFA376CDE767
S2140286700023A375A07D0CE7DCE003002DE9F04F94
S2140286800E468BB09846002304464FF0FF31104644
S21402869017468DF8133001F00FFAB6F5801F3BD35C
S2140286A0B21C53D1E56A6B1C57D1616A204612F0A0
S2140286B06FFF0546B31CDFF8189118BF012301931C
S2140286C0636A05A9626C4FF0000B0293236802FBF3
S2140286D0053AE36B05225B695046984705A813F0F6
S2140286E04EFB13F071FB504613F079FB82460146AF
S2140286F04B1C05D0636C81EA0A025B42134232D0FD
S2140287002946204612F044FF029BAB424DD0BBF1F5
S214028710000F4DD10546D3E7314605AA04F10800FD
S21402872013F02AFA0146481C10D0384601F0C4F964
S2140287300DF1130301223946204613F05FF828B1E3
S2140287409DF8133088F80030002003E0237C002BCD
S214028750A8D11D480BB0BDE8F08F2368ED1A636CF4
S214028760B5FBF3F5A6E7484601F0A6F90DF11303AB
S214028770019A4946204613F041F8034690B1B21CCE
S21402878003D0D9F80020B2420CD19DF813204946F6
S214028790039338460D4B88F800201A6814F012F935
S2140287A0039B9B46D9F80810A2E7BBF1000FD0D076
S2140287B0B6F5801FC8D298F8003031467A6804F1C0
S2140287C0080001F0BDF8BFE70BE000F0D8E00300B8
S2140287D0081700202DE9F3410E4604461746984630
S2140287E0816A194DE36A8B422AD04B1C18E0284650
S2140287F001F062F90DF1070301222946204612F024
S214028800FDFF30B143469DF8072029462046B8476B
S214028810B0B1A9684A1C05D0012E0AD0E36A994273
S214028820E5D10DE06968204612F03FFF012E0146B1
S214028830D8D16B6881EA0302636C5B421A42D1D0DC
S21402884002B0BDE8F08100BFDC1600202DE9F04141
S214028850036B9046826B90B007680E469A42426C53
S21402886001A9044688BF8363436A02FB0377C36B8E
S21402887005225B693846984701A813F080FA01285A
S2140288800146307056D0656C06A9E26B2368606AB2
S214028890D2F814C0052205FB00300025E04706A8E2
S2140288A013F06DFA012823D001218DF834800E953D
S2140288B08DF83C10D4E90A32CDE90B4593422AD111
S2140288C01946204612F0F1FE236B626C1433E06206
S2140288D09B1A23630C9B53B99DF83C303BB1626AEA
S2140288E0616C2368E06B01FB023113F000FA0C9D09
S2140288F0E36B052201A938465B69984701A813F085
S2140289003EFA3070236B2846A26B9A4288BFA36356
S21402891010B0BDE8F081237C33B90BAA1C4904F1E0
S214028920080001F05DF8D5E70BAB1A4A2046FFF7C0
S21402893051FFCFE7237C23BB2246174904F10800E8
S21402894001F04EF8616A204612F043FE616A421C4C
S214028950204612F00CFE054620B9236B626C1344C7
S214028960143B2363A16A204612F09FFE2368A0628E
S214028970C01A636CB0FBF3F06062204612F0D9FEB8
S214028980B6E70023054A2046FFF724FFDAE700BFD2
S21402899081910200FD90020085B8030021B8030011
S2140289A073B50D46D11E1C461B7E4A424A419A4268
S2140289B026D129682368994222D3636899421FD830
S2140289C0114E0DF107033246FFF758FEC0B9726822
S2140289D06B689A4214D19DF80730DA1E534253410F
S2140289E0227E93420CD1636901336361D4E9032387
S2140289F0934205D22968A26842F823100133236104
S214028A00012002B070BD00BF341700202DE9F04FE0
S214028A108BB09A46DFF854B180469DF850300D462A
S214028A2016460293DBF810305345C0F09880DBF808
S214028A300430D1460193B9F1000F00F08C80D8F8CB
S214028A403C30012207A901985B69984707A813F0F2
S214028A50EAF8DBF80030984240F0848007A813F06A
S214028A60EEF80428074614D107A813F0EFF8019B86
S214028A70029A04463B44002A3ED1864212D9361A4E
S214028A8014460199404612F010FEA9EB0409019023
S214028A90D1E7D8F83C30022208A901985B699847CA
S214028AA008A8E2E7841B9F19544528BF5446032CA6
S214028AB0AAEB040A4FEA94021CD9D8F83C3029469D
S214028AC0384604F003065B69984724F003031F4404
S214028AD01D44002ED5D0D8F83C30012208A93846CD
S214028AE05B6998473246284608A9354413F06AFF60
S214028AF00026C6E72646ECE700F0030203440746D4
S214028B0003922A1805930492049BDD1B059BD81B2F
S214028B10039B9F420FD1002FB3D0D8F83C300122DE
S214028B2008A95B6998473A4608A9284613F0EBFE5F
S214028B3078B93D44A5E7D8F83C30012208A95B691C
S214028B409847042208A9284613F0DDFE08B9043F18
S214028B50DAE7DFF81C9048460BB0BDE8F08FDFF886
S214028B601490F8E7DFF81090F5E700BF60170020D2
S214028B7012E000F011E000F022E000F02DE9F041F2
S214028B800F4688B016469846044660B390F83450AE
S214028B90FDB1012112F0C1FC0E9B0021CDF804802C
S214028BA00496CDE902379DF83C308DF81C30237CC4
S214028BB0CDE905118BB901AA0C4904F1080000F0B1
S214028BC00FFFE06BDDE90553002E08BF1D4612F0CD
S214028BD067FE284608B0BDE8F08101AB044A20468D
S214028BE0FFF7F8FDEDE70546F3E700BF4FB80300D1
S214028BF0A18902002DE9F04F99B00F46044609926A
S214028C000A69416C0E93D31D1439B3FBF1F3013399
S214028C1002EBC302036B9342C0F00F820023DFF81D
S214028C2024940D93E36A48461946079300F044FFDE
S214028C30D7E9033604930E9B022B4ED1CC2E40F07E
S214028C408C81099B002B42D03946204612F086FEC4
S214028C50656C079A6B1E14901340ED1AE36B0122A3
S214028C6016A978685B69984716A812F0E0FF0028F4
S214028C700CBF04230823782E06933FD90123002530
S214028C804FF0080A05933B6805990E98C9F800301C
S214028C90C9F8106012F0EDFF4FEA9A03DDF81CB037
S214028CA089F81400109300230B930F9308930C93E8
S214028CB0616C4A1E0BEA02028B1A002E3AD0554409
S214028CC0AB4242D8236B5B1A13442363ADE0049B8A
S214028CD01B68149308230693D0E7656C782E079AD0
S214028CE005F1FF3303EA0203A5EB030516D8FB7D65
S214028CF07BB9099B002BB1D104230693331DAB42EB
S214028D0010D9A6B1082DB9D804250023AA46059382
S214028D10B9E7099B002BA1D10823EEE7099B002B9C
S214028D209CD1D7E7002505954FF0040AABE704254A
S214028D300596F9E75345C5D30BEB0A03B0460393F2
S214028D40089B002B18BF032313E0A3EB0A03B046CD
S214028D500BEB0A029E42039228BF98469E42EFD928
S214028D60D9F810200123964289F8173071D1C9F834
S214028D7004B0089399F81730002B6CD099F8182095
S214028D800899D31C013209EBC30389F81820C3F8EB
S214028D9004B0A3F808809972B8F1000F14D00E9BA5
S214028DA0022B5BD10B9B7BB90F9B4344032B0BD946
S214028DB0E36B012214A903989B699847054600288D
S214028DC040F03D8101230B93089B16A80193059B57
S214028DD00093434699F81420396800F023FEE36BAB
S214028DE0109A16A99B6958469847051E0D9B18BFF0
S214028DF05B4652460D9359464346204612F082FC85
S214028E00236B08F10302C9F80800A3EB0A0322F059
S214028E1003029B1A2363002D40F011810F9BA6EBE1
S214028E200806DDF80CB043440F935946204612F06C
S214028E303CFC00258346002E7FF43AAF814A04F1BB
S214028E400800396893685268E3620E9B00F078FD6A
S214028E50DEE002238DE7C9F804B09DE7099B002BEC
S214028E6030D1049BB8F1030F43440A9327D9E36B2E
S214028E704FEA98029B69DDE90301984705460028F8
S214028E8065D118F003025FD028F00305049B2B443B
S214028E900493039B1D444FF0FF33049915A81593C2
S214028EA013F090FDE36B2846012215A99B699847AB
S214028EB00A9B05460493002D86D0039B99E7039DE3
S214028EC04246E8E7039B0A9307F120031193FB7DD2
S214028ED078689BB13D7E00230C9AD9B28D4211D997
S214028EE0119903F1010C31F83310914226D907EBA0
S214028EF0C3030699D8690A44104403E00C9B069AF9
S214028F0013441844E36B012215A95B699847159B25
S214028F10012213A913930C9B0A9804330C93E36B58
S214028F209B699847039B0A9A054643449B1A042B5F
S214028F3007D978B9134604330A93C8E7521A634628
S214028F40CBE70A9B0393B6E70A9B04933CE70A9B8C
S214028F500493B2E70A9B0393AFE73B4E04F1080380
S214028F6003932368079A606CA2EB030ABAFBF0FA33
S214028F7000FB0A3012F033FFE16A8046204612F008
S214028F8094FBA26A82424AD0626CD9F80830511E1B
S214028F902568E0620B40216B891A0B4423630D9B04
S214028FA05D1BB5FBF2F5AA4536D1079BB3EB080A63
S214028FB012D0E36B4FEA9A0241469B699847E36AEE
S214028FC0079A834653440398DA46E362236B9B1A56
S214028FD04344236312F0A1FD2368616CE06B01FB3E
S214028FE0053112F071FE204612F0A2FA204612F067
S214028FF0A0FB2063BAF1000F11D03A69616CD31D51
S2140290001439B3FBF1F3013302EBC3029042A8D248
S214029010304619B0BDE8F08F4FF0000ADCE73A6937
S214029020616CD31D1439B3FBF1F3013302EBC302B7
S214029030236B9342BFF4F6ADEAE7044EE8E72E460A
S2140290408CE700BF0817002023E000F006E000F0DF
S2140290502DE9F3471E46436904468846B34217463F
S2140290609DF828903DD300258DF80750D4F830A0FF
S214029070204612F029FA82450AD2236AB5EB430F3C
S21402908006D200220DF107012046FFF7DFFB30B3C0
S2140290909DF80730012B05D100220DF1070120466D
S2140290A0FFF7D4FBB9F1030F06D0256B31462046F5
S2140290B012F0F5F9854218D30D4D4FF0FF312846D0
S2140290C000F0FAFC4B46002229462046C5F80080EE
S2140290D0C5E9037602B0BDE8F047FFF78BBD013560
S2140290E0C4E7044802B0BDE8F0870348FAE700BFC9
S2140290F0341700200FE000F006E000F0032A2DE906
S214029100F34106460D4617461C4606D1237A012B26
S21402911023D0012002B0BDE8F081DFF860800DF1B7
S214029120070309684246FFF7A9FA60600028EDD1F6
S2140291309DF80720237A032AE8D0D8F804106A6834
S2140291409142E3D1012B2969D4F80CC007D10CEB6C
S21402915001037269934202D92074207CDAE708314F
S2140291603B46012230466144E1602946FFF742FD54
S21402917060600028CAD00020CCE700BF3417002069
S2140291802DE9F341089C032A1746266806D1237A5E
S214029190012B24D0012002B0BDE8F081DFF89080D8
S2140291A00DF1070330464246FFF768FA6060002872
S2140291B0EDD12568D8F80400A96AD5F844C048401D
S2140291C0227ACCF100031840E1D1012A09D1E268E3
S2140291D0D8F8103013447269934202D92074207C66
S2140291E0D9E72868EB6A1B1A081AB3FBFCF3B0FB34
S2140291F0FCF083420BD1706CF36A421E1340326B52
S214029200121A28461344336312F04FFAE862D8F86B
S2140292101020E36808320649206813440122E360FE
S2140292203B46FFF7E7FC60600028B0D00020B2E7BC
S214029230341700202DE9F04F4FF0FF334FF6FF7240
S214029240002500F10806044687B0C3620F46056291
S2140292500563C0E90923304612F05FFC204612F08F
S21402926067F928BB2046394612F0E2F9204612F08A
S2140292705FF928BB8A4D204612F08EFAECE0E26BCC
S21402928001A92368606CD2F814C0052200FB0530E1
S214029290E04701A812F073FD012828D1294620468E
S2140292A012F097F9421C2946204612F060F9013561
S2140292B0E3699D42E3D3204612F03AF90028D1D062
S2140292C000254FF0FF394FF6FF73CA46A846C4E999
S2140292D00853E369984514D3A5EB0905012D37D841
S2140292E0636A4FF6FF72934247D16E4DC3E712F0A0
S2140292F070FD0028DBD02946204612F06AF90246A5
S214029300D1E7236801A9E26B606C5769052200FB6E
S2140293100830B84701A812F032FD834601A812F0C1
S21402932005FD0746584612F04FFD70B15745236AB1
S214029330BA4638BFC4F82480B94503F1010328BFF2
S214029340B946BD42236238BF3D4608F10108C0E770
S2140293504FF6FF7300256362E3699D42C0D2676CD5
S2140293600522206801A9E36B07FB050001355B694E
S214029370984701A812F0DAFCEEE7E26B01A9676CE7
S21402938020685569052207FB0300A84701A812F0CA
S214029390CDFC626A2368606C434D00FB023012F01B
S2140293A01EFD4FF0FF33A0622A46E3626FF0010112
S2140293B00DF103032046FFF761F9002850D1AD688E
S2140293C029462046E56212F08FF8206320B9E16A4A
S2140293D0204612F06AF9E0622946204612F065F944
S2140293E00546A36A9D423DD165692046626CE91C2A
S2140293F0143AB1FBF2F105EBC1050335B5FBF2F504
S214029400023512F0C9F98046A8423DD2616A20466A
S21402941012F0BEF80027064604F1400A474512D36A
S214029420626C01A9236802FB0639E36B05225B69BD
S2140294304846984701A812F079FC53460246494628
S214029440E06B12F0CEFC01373146204612F0A0F84F
S214029450AF420646E2D3154D284607B0BDE8F08F68
S214029460A56AADE72946204612F03EF8236B07466A
S214029470294603442046236312F017F90546002FB7
S214029480AFD1C4E90B07ACE73046002512F045FB26
S2140294900023074A20461946FFF79CF9EBE600BF71
S2140294A003E000F016E000F03417002013E000F0AE
S2140294B0EBB70300634A00232DE9F04117680E4616
S2140294C00446136018B9604D2846BDE8F08190F84E
S2140294D034500DB309680268914240F0AA80716860
S2140294E04268914240F0A580B1688268914240F09D
S2140294F0A080F168C268914240F09B80316942695F
S214029500914240F09680B169C26B914240F09180E0
S21402951072691D468261D7E750222946D0F8388004
S21402952013F01BFA336804F10800C4F8388023608D
S21402953073686360336963617369D6E90212A36173
S21402954012F0FDFAB36904F14000E3639B689847A2
S21402955094F8432020B1E561002AB4D03B4DB3E72E
S214029560656C002DF7D06668B6FBF5F3E361002A5A
S214029570A9D0B542F2D82268B2FBF5F105FB11225A
S214029580002A58D105FB1363002B54D1204611F054
S2140295909BFFA369043303449E424ED3636940F69D
S2140295A03472CC3B93424AD8B5F5007FD6D303211A
S2140295B0204611F0B2FFE36BD4E900011B6898471E
S2140295C0E36B05460220DB6898471DB1002384F84A
S2140295D034301EE039462046FFF72CFE1C4B05466B
S2140295E0984204D139462046FFF724FE0546636CAE
S2140295F0143B002DEAD1226A204602FB03F611F044
S21402960063FFA369043303449E4206D284F83450AF
S214029610104DE06B12F044F956E70F4A012384F826
S214029620343013680133D4E90001136008F0DBFF1D
S214029630EFE70A4D48E70A4D46E7064D44E7094D6F
S21402964042E700BF6420002009E000F004E000F0DA
S21402965013E000F002E000F06020002008E000F0D6
S21402966001E000F005E000F02DE9FF410F469046CC
S2140296701E46054698B390F8343093B3B1F5801F72
S21402968031D21A4C022111F048FF0DF10F03224687
S21402969039462846FEF7F2FF024678B101234246D3
S2140296A03946284600933346FFF7D2FC0446E86B59
S2140296B012F0F6F8204604B0BDE8F0819DF80F30AF
S2140296C0012BEBD12169B142E8D1009341463346E2
S2140296D02846FFF79BF904460028DFD1E7E7044C4B
S2140296E0E8E7044CE6E7044CE4E700BF6017002016
S2140296F009E000F007E000F00AE000F02DE9FF4183
S2140297000C4616461F46054688B390F8343083B397
S214029710B1F5801F2FD2DFF87C80012111F0FDFE0B
S21402972021460DF10F0342462846FEF7A7FF0446E0
S21402973070B99DF80F30012B11D1D8F81030BB420A
S21402974013D10246009031462846FFF75FF90446D9
S214029750E86B12F0A5F8204604B0BDE8F081074C8D
S214029760074A022B08BF1446F2E7064CF0E7064CFF
S214029770F1E7064CEFE7064CEDE700BF0BE000F022
S2140297800CE000F011E000F009E000F007E000F065
S2140297900AE000F0601700202DE9F04385B00C4681
S2140297A017461E46DDF830800546A0B390F83430E2
S2140297B09BB3B1F5801F32D2DFF88090012111F001
S2140297C0ACFE21460DF10F034A462846FEF756FF29
S2140297D0044688B99DF80F30012B14D106EB080316
S2140297E0D9F810209A4214D300904346324639469E
S2140297F02846FFF70BF90446E86B12F051F82046AC
S21402980005B0BDE8F083074C074A022B08BF144692
S214029810F2E7064CF0E7064CF1E7064CEFE7064C9B
S214029820EDE700BF0BE000F00CE000F011E000F006
S21402983009E000F007E000F00AE000F06017002000
S2140298402DE9F3411F4600230C46164605463B60AB
S21402985050B390F834304BB3B1F5801F28D2DFF8FE
S2140298606480012111F059FE21460DF1070342469C
S2140298702846FEF703FF0446A0B99DF80730032BDF
S21402988010D0022B0AD10123336004233B60E86B1D
S21402989012F006F8204602B0BDE8F081D8F8103083
S2140298A03060F3E7034CF2E7034CF3E7034CF1E7CF
S2140298B0034CEFE70BE000F009E000F007E000F0F1
S2140298C00AE000F06017002030B50C4685B0054669
S2140298D028B390F8343023B3B1F5801F23D2022187
S2140298E011F01BFE0DF10F03104A21462846FEF723
S2140298F0C5FE034688B99DF80F20032A0DD0032221
S2140299002146009202462846FFF7A2FB0446E86B71
S21402991011F0C6FF204605B030BD054CF7E7054CF2
S214029920F8E7054CF6E7054CF4E700BF60170020A1
S2140299300BE000F009E000F007E000F00AE000F0BB
S2140299402DE9F0414668002E46D005684FF0000C1F
S214029950A846AE4655F83C400CF1010CC4F313077A
S214029960013401D0B94218D0B4450EF1080EF1D137
S2140299702F46002403E0B44207F1080713D055F837
S21402998034C00134BCF1FF3FF5D1C1F313017A6054
S21402999041EA03513960BDE8F08141EA0353CEE95A
S2140299A00032BDE8F081032B16D0002403E0B44257
S2140299B008F1080810D055F834700134C7F3075779
S2140299C0032FF4D1C1F31301C8F8042041EA03536C
S2140299D0C8F80030BDE8F08101230372BDE8F081CB
S2140299E02DE9F043476883B0C7B1064688469146DC
S2140299F000243368304653F8345003EBC403013472
S214029A00C5F30752C5F31301013505D05B68CDF8DF
S214029A100090C04710B17768BC42EAD303B0BDE8F5
S214029A20F08300BF73B5012A044622489DF81850F9
S214029A3000EAC11123F07C4007D9961E012E28D9D0
S214029A40073303F07F03194308E09DF81C300A43EE
S214029A50DB0603F0C053134343F060410023C4E91E
S214029A6000108DF80730B5B1202221460DF107000F
S214029A7012F00CF91A220DF10700211D12F006F958
S214029A8063689DF80720082043EA8263636002B099
S214029A9070BD1143E2E71B220DF10700214612F0CA
S214029AA0F5F823689DF80720042043EAC263236082
S214029AB0EDE700BF80FFFF0738B5094B0D460021D2
S214029AC004461A6812F049FF00234FF0FF32236162
S214029AD0A260E3822383A376C4E9002538BD00BFD3
S214029AE0D8E003000138C0B205289ABF014B185CC3
S214029AF00120704784E703002DE9F0410E465968BD
S214029B0088B007461546490A0024012922464FEA2C
S214029B10510104F10104F8D8DC78520399784FF029
S214029B20000824031B88C9020DF1070004F48054C0
S214029B30C3F30A0301F4006192B28DF807800C4366
S214029B4002A923449C18254B1B22039325F0784335
S214029B50ED436FEA0444029312F098F89DF807204A
S214029B6025F07845029B02A90DF10700029543EA0B
S214029B70C2631B228DF807806FEA1444049312F026
S214029B8085F89DF8072007A9029B06F110000794A6
S214029B9043EAC263012205934FF0FF330693BB6983
S214029BA098470446BB6905A9012206F108009847B2
S214029BB0404518BF0446BB6904A90122301D9847D8
S214029BC0404518BF0446BB69012203A930469847A0
S214029BD0404508BF204608B0BDE8F08101009AB2B1
S214029BE01046044A1368591E033102D80021116038
S214029BF018477047E4310020034B1868034B0028CF
S214029C0008BF1846704700BF68200020B4E703006C
S214029C1008B5044812F022FA80F00100400000F075
S214029C20FE0008BD7020002013B50B4C02292260EE
S214029C3005D10A4812F012FA002002B010BD0A46F8
S214029C4000930146064B054812F0EAF9003818BFA1
S214029C5001204000F1E700BFE43100207020002020
S214029C60E19B0200014812F00CBA00BF70200020EF
S214029C700021014812F027BA7020002008B5064BD2
S214029C801B68013305D0FFF7EDFF80F00100C0B27C
S214029C9008BD0020FCE700BFE4310020F8B50D4601
S214029CA010B900242046F8BD0E4F3E68002EF8D1AB
S214029CB000F07EF804460028F3D0386000F0C4F8BE
S214029CC0204612F0E0F838B130463E6000F0BCF8AC
S214029CD0204612F0D3F8E4E7002DE3D02046A8474A
S214029CE0E0E700BF6C200020024B1868003818BF5F
S214029CF0012070476C20002038B50C4602F002F8AE
S214029D00A3780B4A13705A1E55425541A8420CD0EE
S214029D10012B04D02846BDE8384001F0DBBF2046C0
S214029D2001F0AAFF0028F5D038BD0020FCE700BFEE
S214029D30F82E0020002108B5024B08465B689847BB
S214029D40002008BDF831002010B50446FFF754FF86
S214029D500C4B1A1A53425341A34201D1012010BDA3
S214029D60094B1B683BB9094A064B002C08BF134631
S214029D70074A1360F2E712F067FA0028F3D00020D1
S214029D80EDE700BF8CE703006C200020B4E7030079
S214029D9068200020431E033306D8044B984228BF8F
S214029DA01846642838BF6420704700BF40420F0040
S214029DB0F8B5054608F09FFB07460F4B1E6826B906
S214029DC0384608F09CFB344611E0B4688CB194F82F
S214029DD010C01CF0010F0CD14CF0010C95E80F00DE
S214029DE084F810C084E80F00384608F088FB204646
S214029DF0F8BD3668E3E700BFEC31002038B505460B
S214029E000C4641B10B6833B11B68013303D0CB68F3
S214029E100BB18B684BB912F0EBFBBDE838404FF440
S214029E2086724121002000F07FBA084602F028FF21
S214029E300023044A85F81C31C5E93043C2E90033E1
S214029E4038BD00BF780B002010B5044618B9054B84
S214029E50054A136010BD00F06FFFD4F8CC30002B1B
S214029E60F6D1F4E765BE0300E831002008B50246E5
S214029E700868FFF78FFF08604868FFF78BFF4860A7
S214029E808868FFF787FF8860C868FFF783FF0B695B
S214029E90C860581C03D00B48834228BF03460B6198
S214029EA04B69581C03D00748834228BF034688697B
S214029EB04B61FFF76FFFBDE808408861104601F06E
S214029EC067BE00BF40420F002DE9F84FD0F8C430FD
S214029ED006460F4613B1438B8B4244D0D6F8C0B029
S214029EE0BBF1000F42D0DBF80830002B3ED0DBF887
S214029EF00C1000293AD0D6F8D4A0BAF1000F38D008
S214029F004FF000094D46C84601E0DBF8083005EB85
S214029F10C50203EB8204E3890135BB4214D8238AC7
S214029F20BB4211D3B4F91220B6F92630934250DD63
S214029F30304696F81011EBF7FBFAB37D8146834262
S214029F40A04606D9DBF80C108D42DED3B8F1000F1E
S214029F5039D00023424630461946D0477783C6F8A2
S214029F60C48086F819910020BDE8F88F0320BDE86A
S214029F70F88FD14647F6FF755446524604EBC4089E
S214029F8003EB8808B8F80E30BB4216D8B8F8103083
S214029F90BB4212D3B8F91220AA4202D14FF0FF09EF
S214029FA0DCE7304696F81011EBF7C2FAB37D81462D
S214029FB08342D3D94246DBF80C100134A14204D9BD
S214029FC0DBF80830DAE70120CEE7002AFBD090461D
S214029FD0C4E7A046BDE700BF2DE9F04782B00446BD
S214029FE00F46164601F0D6FF002856D1484D2B687C
S214029FF0D4F8C0A0D4F8C4800BB1534568D04FF053
S21402A0000009AF6001F0F8FF0128074657D1204645
S21402A01012F012FA002844D12B68DAF80010D8F8A9
S21402A020002013B1186888425DD0204612F0B6F9B7
S21402A030C5E900A8D4F8D4508DF80760002D59D091
S21402A0400022204611460DF10703A847204601F0DC
S21402A0508DFA0546B9F1000F0CD05EB9012F05D076
S21402A06025B12C4B002103205B689847284602B096
S21402A070BDE8F087B5FA85F040F2DB3233214009BD
S21402A08000F052F93146204601F0A4FC224B054668
S21402A090414620461B689847E0E700231C4D6B604C
S21402A0A0A5E794F91030002BB6DAA36B5B05B3D59F
S21402A0B01A4B0122002120461B689847ACE7002174
S21402A0C0012000F077FE01F097FF0128FBD19EE702
S21402A0D06B68002B93D0434591D1AB689F4214D056
S21402A0E04FF001098DE7696811B1096891429FD066
S21402A0F059689AE7A17D94F819313246994228BFE9
S21402A1001946204601F0B4F9A0E70025AEE700BFE5
S21402A110780B0020F8310020E8310020FC220020D5
S21402A120F8B50E46054608F0E6F9314607462846D3
S21402A130FFF7CAFE0446F8B1284612F07DF938B198
S21402A14095F91030002B08DB0023114A82F8AC3058
S21402A150384608F0D4F92046F8BDAB6B13F480639A
S21402A160F3D0B5F80A31B3420FD0B5F80C319B1BC9
S21402A170B3FA83F35B09E8E701F0EEFE22463146C6
S21402A1802846FFF729FF0446D6E70123DDE700BF8E
S21402A190001E00B0F8B51C4B05461B680E4603B100
S21402A1A0984731462846FFF729FED5F8C03073B1E6
S21402A1B05B6963B112F0C3FAD5F8C03040F25312AD
S21402A1C05B6942211B1A5842584100F0ADF8002242
S21402A1D04FF6FF734FF0240CF768D0B2B84208D39C
S21402A1E01C4621462846FFF79BFF12F009FA204636
S21402A1F0F8BDB1680CFB0011CC899C4202D2002C3F
S21402A200EFD023460132E8E7F822002070B5044674
S21402A2100E4608F070F9314605462046FFF780FFE5
S21402A220044620B9044B01465B680320984728463B
S21402A23008F065F9204670BDF831002037B51B4B93
S21402A240D0F8C020D0F8D4501A60D0F8C420044603
S21402A250C3E9012100228DF807200DBB817D90F80D
S21402A26019312A46994228BF194601F001F92046BB
S21402A27001F07CF9B0FA80F04FF47D723321400988
S21402A28000F052F80121204601F0A4FB0546084BD7
S21402A29020461B68D4F8C4109847284603B030BD41
S21402A2A011460DF10703A847E1E700BF780B00202F
S21402A2B0E831002013B50446694611F06DFE2046CB
S21402A2C011F0F5FFFF28024606D020469DF8001042
S21402A2D0EBF7AEF902B010BD0048FBE70080FFFFC7
S21402A2E04FF4007307B50A490DF10602ADF80630C1
S21402A2F011F06EFEBDF80630B3F5007F05D10228D8
S21402A30008BF002003B05DF804FB0120FAE700BF97
S21402A31088200020024B1960024B1860FEE700BF3F
S21402A320F03100208822002008B550B90548064BB7
S21402A33001601A60054B1A68054B1A601868FFF729
S21402A340E9FF08BDF03100208C2200206C2000209E
S21402A35088220020054B1B680BB9184670478342BB
S21402A36001D01B69F8E70120704700BF9422002045
S21402A370094A13680BB918467047834207D11B690E
S21402A38001201360054A1368013B1360704703F10E
S21402A39010021B69EEE700BF9422002090220020E4
S21402A3A02DE9F74F064608F0ADF8DFF828810123BD
S21402A3B098F800B0DFF820910190BBF1000F06D0AC
S21402A3C089F8003003B0BDE8F04F08F0A1B83F4F5F
S21402A3D088F8003089F800B011F0C3FE08B111F019
S21402A3E0BEFE3D683A495DB9DFF8F0A0DAF8002013
S21402A3F00024AA423B682FD84FF0FF3134483BE096
S21402A4006B7D8BB12B68B34202D09A1B8A420BD962
S21402A4106A6813442B60AB68003A18BF0122003BFF
S21402A42018BF01236A75AB752D69DCE7907D20B1F4
S21402A430107D88429CBF014614461269002AF5D157
S21402A440002CD9D0D4E90001A275411AD4E902320F
S21402A450204698470135C9E71A46FF21EEE75A7D9E
S21402A4604AB11A68B24224D0921B824221D8914243
S21402A47001D311461C461B69002BF0D15CB1204665
S21402A480FFF776FF38B13B683C602361DAF80030AC
S21402A4900133CAF800303B685A7D6AB911F05DFE96
S21402A4A0064699F80030002B94D1019888F80030BF
S21402A4B088E71C460021DEE7186800F0D3F8044659
S21402A4C011F04BFE0646002C84D1EAE794220020C7
S21402A4D0FCFFFFBFFA2E0020F92E0020902200205B
S21402A4E038B5054608B31822002112F036FA08F0ED
S21402A4F009F802462846FFF72DFF20B1104608F05D
S21402A50007F8022038BD0A4B1C6854B909491D6079
S21402A5100B68104601332C610B6007F0F9FF2046EA
S21402A520F0E704F110032469EFE70120EAE700BF31
S21402A530942200209022002038B50446FFF70AFF36
S21402A54007F0E0FF05462046FFF704FF637D23B9C8
S21402A550284607F0DDFF032038BD00236375064B4F
S21402A5601B68A34203D111F0F8FDFFF719FF284636
S21402A57007F0CEFF0020EFE7942200202DE9F84FE7
S21402A580DDF82890984604460D469246FFF7E2FE0E
S21402A590DDF830B007F0B6FF074611F0DEFD0646DE
S21402A5A02046FFF7D7FE637D23B12046FFF7C4FFA0
S21402A5B00023A375BAF1010F23D175B9B8F1000FC4
S21402A5C021D1B9F1000F03D05A4631462046C8477A
S21402A5D0384607F09DFF002019E035440D4BAA1BB4
S21402A5E09A4210D8012363759DF82C303046C4E990
S21402A5F00058C4F808902375C4F80CB0FFF7D0FED4
S21402A600E6E7AE42EAD1384607F082FF0120BDE80F
S21402A610F88F00BFFCFFFFBF2DE9F04107468846D2
S21402A620FFF798FE07F06EFF3D68064611F095FDAF
S21402A6307B7D7BB185420DD0094B2C1A9C4209D8F2
S21402A640304607F065FFB8F1010F08BF25462846D9
S21402A650BDE8F081304607F05BFF0025F7E700BF54
S21402A660FCFFFFBF0023024A194600F0A3BD00BF4D
S21402A67025C103000C232DE9F74F06460F46144664
S21402A68000254FF00609DFF854801370EBB209FB81
S21402A69003F3D8F80010CA185079012807D9207891
S21402A6A0A0F10C035842584103B0BDE8F08F31F9CF
S21402A6B003B01179B2F902A030460022019111F0DE
S21402A6C015FD019908B90135E0E72170B7F90030A8
S21402A6D05B45F8DB5345F6DC0020E5E7F431002065
S21402A6E0014911F040BD00BF55C20200014911F0F8
S21402A6F03ABD00BF29C2020070B5164E03280446B2
S21402A7000D4633781ED023FA04F202F00102AA4262
S21402A7101DD053B10122A240A54023EA02032B43D7
S21402A720DBB233704BB1012070BD2DB10A4B012054
S21402A7301B6898473378EDE73570074B00201B6897
S21402A7409847F0E79A07DED003F0FC03E9E700201B
S21402A75070BD00BFFB2E0020D422002038B5044670
S21402A7600D46FFF7C1FA60B101F02AFC48B9012D87
S21402A77007D8012011F05FFE0D4B1B6823B15B6802
S21402A78098470C4B1C7038BD09F0E4F90A4B1A685E
S21402A790801A1860EDF7C4FE4FF47A72074B1B68F6
S21402A7A002FB003011F03AFC012001F011FCE8E750
S21402A7B0F422002032330020CC220020D0220020B7
S21402A7C0F8B505460C4607F096FE104F06463B784F
S21402A7D033B1012D04D01CB90D48EDF7A5FD3C7030
S21402A7E021462846FFF788FF0A4B04461B783BB9EA
S21402A7F03B782BB911F007FE10B1074B1B68984740
S21402A800304607F07CFE2046F8BD00BFFC2E002036
S21402A810A8220020FB2E0020F8310020054A0B4615
S21402A820117831B100211170034A0121526818785B
S21402A83010477047FC2E0020F8310020124B0239D8
S21402A840012910B518701ED8FFF74EFAD8B101F0DC
S21402A850B7FBC0B101F020FAA8B90C4B1C6834B1A2
S21402A86023689847BDE81040002011F0E4BD11F0BF
S21402A870D3FB074B186009F06DF9064B18602046AB
S21402A88001F0A6FBEEE710BD32330020F4220020D2
S21402A890D0220020CC22002038B5044680B107F032
S21402A8A02AFE012104460846EDF774FA01210B4AF6
S21402A8B0084609F0B5F82046BDE8384007F01FBE46
S21402A8C007F019FE054621460120EDF763FA01203E
S21402A8D02146024A09F0A4F82846EDE7FAE7030003
S21402A8E0F0B585B007F007FE324D04462B7823B14B
S21402A8F03148EDF719FD00284FD1EDF77DFD02AA8C
S21402A90003A911F06AFD034600283FD011F079FD35
S21402A910029B984223D10020284B03991B68284E9D
S21402A9209942307027D90027C91A012322482B7072
S21402A930244A3346CDE9007709F0C3F8002834D11B
S21402A940214A1378D90708D5317831B903F0FE03C6
S21402A950137013B91D4B1B689847204611E011F07F
S21402A9604EFD029B98421ED0002318461349144AF5
S21402A9700968137003910121FFF7BEFE00232046EB
S21402A9802B7007F0BCFD002005B0F0BD20462B70F2
S21402A99007F0B5FD012005B0F0BD204607F0AFFD7B
S21402A9A0032005B0F0BD0220B6E7032320462F7031
S21402A9B03370F3E7FC2E0020A8220020C8220020D5
S21402A9C0313300201DA80200FB2E0020D4220020D6
S21402A9D038B507F090FD0F4D04462B789BB90E4A0A
S21402A9E00E4913700E4B0F4A0F481A600F4A5A60F0
S21402A9F0EDF74AFA0E490F48EDF746FA0E4B0F4AA4
S21402AA001A6001232B70EDF77BFB204607F077FDDB
S21402AA10002038BDFD2E0020FC2E002000E803009A
S21402AA20F8310020E1A8020098220020C1A7020007
S21402AA3008E80300A0220020D422002099A80200E1
S21402AA4010B50446D0F8F8200A4B4FF40061C3F85C
S21402AA509020027C120202F4006205F059FE237C6A
S21402AA6013F0080F4FF4007314BF034A034A136728
S21402AA7010BD00BF001E00B0001002B8002002B8D1
S21402AA8037B50C461D4D41B90A46012105F040FE78
S21402AA901B4BEC605C6003B030BD0122114605F032
S21402AAA037FE0722174B0121DA60237901A82B73A0
S21402AAB06379019311F0B2FE019BC2B2D34000F05B
S21402AAC00F0040EA03106873A279AA73E279EA7368
S21402AAD02068286183B1012102888B4205D8237938
S21402AAE0013B1344084A1362D5E730F8115001318E
S21402AAF0AA4228BF2A46F0E71A46F0E7001F00B02F
S21402AB000C1F00B0006000B8004000B810B5054C3D
S21402AB10237823B103F0BAFC0020207010BD032076
S21402AB20FCE700BFFF2E002008B503F099FC0122C7
S21402AB30014B00201A7008BDFF2E0020431C07D0D0
S21402AB406FF0FF02034B10401A62A3F5805318629F
S21402AB50704700BF00E000B810B5042301240A4A7B
S21402AB600A49D1F8EC00C2F8EC30C2F8E0300C63C7
S21402AB704FF40051D162410742BFC2F8E030A2F55D
S21402AB808052C2F8EC3010BD006000540040005401
S21402AB9000F01803182B0AD003070AD440F2011358
S21402ABA010F0100018BF1846034B98637047002039
S21402ABB0FAE70120F8E700BF001F00B0364B2DE988
S21402ABC0F7431E6801F4007900F00103174653EAC2
S21402ABD0090205460C4632D04FF0000823B3002384
S21402ABE0002200210120CDE9008804F09BFB04200E
S21402ABF002F0F8FD4146304603F040FA0122414693
S21402AC00B083104611F049F9B16B06F1D80003F093
S21402AC10B9FA22490868FFF791FF4FF0FF330B603D
S21402AC20337C43F004033374B9F1000F07D00121DB
S21402AC30304611F0B5F924F4007405430C43D6E906
S21402AC404E232A40234052EA030103D014493046D9
S21402AC5009688847FB070FD51249134A086800217E
S21402AC60136811600121114A117003B19847104B05
S21402AC70002102205B68984717F00E0F08D040F2BA
S21402AC800B223B21002003B0BDE8F043FFF74CBB8C
S21402AC9003B0BDE8F08300BF6C2000200032002025
S21402ACA004320020E8220020EC220020012F00209F
S21402ACB0F8310020F7B504461046D4E94EC7DDE960
S21402ACC008268CEA020587EA06010540194085EA4D
S21402ACD00C057940C4E94E51002523F4004106EAEA
S21402ACE0010320F0010043F40073024043F0020324
S21402ACF0CDE9005504F016FB237C9A0717D5D4F845
S21402AD003C319B0513D54FF48811204611F048F9C3
S21402AD10237C65F341032374D4E94E2302400B409F
S21402AD2052EA030103D003492046096888470020F7
S21402AD3003B0F0BD0432002038B10368044A002B89
S21402AD4008BF1346034A13607047014BFAE700BF79
S21402AD5017C2030004320020024B586A00F00F00AC
S21402AD60704700BF001F00B00F2938B505460C46D5
S21402AD700ED801F041F901280CD1074A2846536A39
S21402AD8023F00F032343536211F059FB002038BD12
S21402AD900120FCE70220FAE7001F00B0014B986A88
S21402ADA0704700BF001F00B0014B00209962704739
S21402ADB0001F00B003282DE9F347884655D82C4BD0
S21402ADC013F800902B4B1E5C2B4B13F800A007F0D9
S21402ADD092FB074604F060FC054640B100230022C1
S21402ADE0CDE9003301200023002104F09BFA04F091
S21402ADF05BFC48B100230022CDE90033002000238B
S21402AE004FF4004104F08EFA6EB31C4BDC6C04F077
S21402AE1008041B4B31464846DC6404F073FE0123EB
S21402AE2052463146484604F0EFFE164BDC6465B1E6
S21402AE30154B1868816BD83003F0A4F913490868DB
S21402AE40FFF77CFE4FF0FF330B60B8F1000F04D023
S21402AE500F4B002103205B689847384602B0BDE8D6
S21402AE60F04707F04CBB3446D3E702B0BDE8F087A4
S21402AE7018E8030014E8030010E80300004000B8D6
S21402AE80006000B8005000B86C200020003200209D
S21402AE90F83100200F4A136F13F0A00F15D1506F30
S21402AEA010F0040013D10C4BD3F8C03E23F07F43BE
S21402AEB023F0FF035BB1D368C3F30362092A07D00A
S21402AEC0B2F10C0018BF0120704700207047012025
S21402AED0704700BF000002B8001000B070B50D4603
S21402AEE016460BB1FFF738FE01240A4A2946936834
S21402AEF0926A03F0070306339C40C2F30C03E41A7B
S21402AF00A4B2B44228BF34460348224601F028FCC5
S21402AF10204670BD004000540840005470B50D46EF
S21402AF20064620B9194B1B68A3B1032011E001F0B5
S21402AF3063F8012828D1164B93F90040C4F11C048B
S21402AF40641BC4F11C03002BB8BF5B42232B0CDD31
S21402AF50012070BD81EAE173A3EBE173DBB2232B20
S21402AF60F6D80B4B19700020F3E7B57407F0C3FA56
S21402AF70084AE402D36904F4FF2423F4FF231C43A3
S21402AF80D46107F0BCFAEEE70220E2E76C2000206C
S21402AF90FE2E002000C000B810B5044611F04CFA90
S21402AFA010B1012001F094F82046FFF749FD07F0A2
S21402AFB0A2FA0A4A0121D2F88C3E044623F0200364
S21402AFC0C2F88C3E0222064B08469A60054B5B6826
S21402AFD09847204607F093FA002010BD001000B0F4
S21402AFE0001002B8F8310020094B08465A6A91024E
S21402AFF00BD4D3F80021D20708D4D3F8803013F448
S21402B000706F14BF0120002070470120704700BFF8
S21402B010004001B8F8B50E46836B02EA010423EA43
S21402B020010323438363464A01F00B0323EA040128
S21402B030D1642340A2F5805277070546D36410D523
S21402B0400121FFF7D1FF60B104F0FEFC4FF400735C
S21402B05014F0040F14BF3B4A3B4A536204223B4B94
S21402B0601A67F00606D514F0100F14BF00221B2232
S21402B070374B5A6531061DD5220616D54FF40012F7
S21402B080304B1A62012203F58053C3F8002107F001
S21402B09032FA0E210746032002F0B6FF40F20122E2
S21402B0A02B4B3846DA6207F02AFA214605F1D80019
S21402B0B003F068F8F30503D5E7052AD502F074FF16
S21402B0C0B00503D5A10527D502F07AFF16F48C6FDA
S21402B0D01DD014F4806224D095F91030002B0CDABF
S21402B0E06A8BB5F80A31934219D0B5F80C319A1A20
S21402B0F053425341174A82F8AC30D5F8C810284656
S21402B10011F08AF88022144B5863144B1A610020FF
S21402B110F8BD02F043FFD3E702F04CFFD6E7012367
S21402B120E8E77305E9D595F91030002BE5DA094B07
S21402B130114683F8AC200A4B28461B689847DCE782
S21402B140006000B8005001B8006001B8002002B8E4
S21402B150004000B8001E00B0001F00B0000002B899
S21402B160FC220020014B1868704700BFE422002032
S21402B17037B507F0C0F9002401230022CDE90034D8
S21402B180002305461946104604F0CCF8022002F0C9
S21402B19029FB064B21461C60054B02205B6898473C
S21402B1A0284607F0ACF9204603B030BDEC2200205A
S21402B1B0F83100202DE9FF4102290D461646984631
S21402B1C0039004D1FFF7D4FF04B0BDE8F08107F086
S21402B1D092F91D4F04463B683BB1B34205D007F0D7
S21402B1E08EF9002301203B60EEE7184B0022C3F8DD
S21402B1F0008001233E60CDE900330023002610467E
S21402B200194604F08FF8124B02201E7002F0EAFA7A
S21402B21033462A46022003A902F002FB0D4B039A8C
S21402B2201A6008B92046DAE70B4D2B6898470128C2
S21402B230014604D0204607F062F90020C4E76B6896
S21402B24002209847F6E700BFEC220020E822002002
S21402B250012F0020E4220020F8310020044B5B6E10
S21402B2605B054EBF0120034B187800F001007047C3
S21402B27000C001B8012F0020014B186A02F0D6BEAA
S21402B280004001B8014B186A11F05BBA004001B8E1
S21402B290437C5A1F012A01D9082B05D14B7C2BB1BE
S21402B2A0012B05D0022B05D010F0E1BF02487047F3
S21402B2B0024870470248704720A1070048E801008C
S21402B2C040420F0070B50E4607F015F9054600F02D
S21402B2D0B7FE044620B1284607F011F9204670BD95
S21402B2E004F0B2FB104B3278D3F8C03E022A23F0A9
S21402B2F0F00315D0101F42424241520043EA0213A5
S21402B3007278022A0ED0111F4A424A41520043EA7C
S21402B3108213054AC2F8C03E0422044B1A67DAE7D3
S21402B3200122EBE70122F2E7001000B0002002B88B
S21402B33070B50E4607F0DFF8054600F097FE0446A5
S21402B34020B1284607F0DBF8204670BD04F07CFBEF
S21402B350104B3278D3F8C03E022A23F00F0314D0E3
S21402B360101F42424241520013437278022A0ED004
S21402B370111F4A424A41520043EA8203054AC2F872
S21402B380C03E0422044B1A67DBE70122ECE70122E7
S21402B390F2E700BF001000B0002002B82DE9F84323
S21402B3A00E780446042E0D4690F810810BD1002725
S21402B3B05FFA87F9484601F095FD08B14E4602E06D
S21402B3C00137042FF4D1304601F08CFD002845D019
S21402B3D094F81031B34208D1AA88E36C9A4204D199
S21402B3E06A88B4F812319A4235D084F81061AB8874
S21402B3F03046A4F814316B88A4F81231AB8804F5F1
S21402B4008875E364FF23E37511F025F9A0752846D5
S21402B41001F094FC18BB284601F05AFDF8B9D4F89E
S21402B420C43053B194F81011414506D02046B3F902
S21402B4301220EAF77DF884F81901204601F0B4FEDE
S21402B4400949A4F814010123084AD1F8FC1004F1B2
S21402B450D80003F04DFD0020BDE8F88301200C2340
S21402B46084F81031F8E700BF001F00B0581F00B084
S21402B470F8B5054690F810010C460C28164622D060
S21402B480FF2922D01AB14FF0FF32114B1A6011F089
S21402B490E2F8074695F8100101F082FD844228BFC3
S21402B4A00446E4B2BC4238BF3C46E0B2E87501F05E
S21402B4B01DFE044616B9284601F086FDA4F1FF03D8
S21402B4C058425841F8BD0220FCE70120FAE700BFC7
S21402B4D00C32002010B590F8103104460C2B3DD0EB
S21402B4E0D0F8C4308175B3B3D0F8D420D2B990F86E
S21402B4F019318B421CD300222046FFF7B9FF80B9D0
S21402B500174B1B78022B0BD8204601F04DFE15492F
S21402B5100123154AD1F8FC1004F1D80003F0E8FC28
S21402B520002010BDB0F92620B3F912309A42E2DDAF
S21402B5300022204694F81911FFF79AFF0028F0D14E
S21402B540C4F8C400204610F0BBFC01462046BDE805
S21402B5501040FEF7E5BDFF23C375E1E70220E0E7F2
S21402B56014330020001F00B0581F00B0036C012BDC
S21402B57001D100207047F0B5054668498DB011F03C
S21402B5809FF8D5F8C46001466C8BC5F8C80026B192
S21402B590336813B15B68002B68D106F0ACFF06F087
S21402B5A0AEFF0123D5F8C8108DF80630B389D6E968
S21402B5B00120E31A9BB200FB03225948ADF804307F
S21402B5C0036800928B4207D0284610F025FE8022A0
S21402B5D05449554B48631A61534C00F00DFD01283F
S21402B5E0FBD1A3689A06F8D428469DF8062000994F
S21402B5F006AB03F0ABF9002835D100F0FDFC0128BC
S21402B6000446FAD1684606A903F058FB064650BB24
S21402B6106A8B464B5A642B7C60F341032B7401F011
S21402B6203FF8D5F8C4305969431E0F68DBB2FD2BCC
S21402B630029721D9FB1C35D84B68FF2808BF27463E
S21402B640039368D1DE1C23D8024602A9284610F0CE
S21402B6503BFFD7B9D5F83C3199053FD42B7C43F054
S21402B66002032B7411E002200DB0F0BD1A68032A03
S21402B67093D99B6A5B0E97E74B68012803930FD01A
S21402B6800246284602A910F01FFF00200DB0F0BDAA
S21402B6900133274B5B6818D0DA1C30D80393D3E704
S21402B6A00746CFE7224B01371B6818BF0127DA1C73
S21402B6B006D802934B68FF280393C3D00020C3E743
S21402B6C0FF284B6824D00393C3E7DC1C1AD8024633
S21402B6D0284602A9039310F0F7FEBBE74FF4803129
S21402B6E0284610F05DFCD5E94E2302400B4052EA94
S21402B6F00301CAD00F49284609688847C5E7FF28CC
S21402B700A7D1DBE7FF28A5D10022284602A9E2E757
S21402B7102046039396E73246B3E700BFFC1F00B00D
S21402B720D8220020001F00B0000002B8008001B836
S21402B730143200200432002038B590F81C5104461A
S21402B7403DB306F0D8FE1F22124B013D5A62154049
S21402B750114A12495562D4F820518D66D4F8245104
S21402B760CD66D1F80011C9070FD54FF0FF31C3F8E7
S21402B7700411616CC2F804114FF0F041C3F81011C5
S21402B780E37CDB060B40C2F81031BDE8384006F019
S21402B790B6BE38BD006001B8005001B8004001B81E
S21402B7A02DE9F74F06461546084619B9012003B09B
S21402B7B0BDE8F08F002AF9D0032904D8002101F051
S21402B7C0A9F90028F2D004888278B4F5804F02F0F6
S21402B7D0070180F0CB80A1F1070C037990F8059061
S21402B7E0C788DCF1000040EB0C000529287394BFE3
S21402B7F00020C2F30010C2F3801C6873900985F81B
S21402B80010C000F00200C2F3C00C40EA0C00C2F303
S21402B81040126874AA74AF820BB996F8FE30013BE8
S21402B820DBB2EB74B36BD80600F18C8006390129C3
S21402B83000F288804FF001084D4B083C5B6D4D4B83
S21402B840DF6B9B6B47F0005703F00703063308FADB
S21402B85003F8002308F1FF3804EA080417F804A0E6
S21402B860013404EA0804AB60631D03EA0803BAF174
S21402B870800FFA5C717C03F1010318BFAAF1320A49
S21402B88003EA080308BF6FF07F0AFB5C18BF4FFA93
S21402B8908AFA41B30020D6F8D0300BB15146984709
S21402B8A0631CE87385F80EA003EA0803F95C01330B
S21402B8B003EA0803FA5C013303EA080341EA0221B9
S21402B8C0FA5C013303EA0803F85C41EA024100230A
S21402B8D041EA00616A7C304603F0D4FB0623286006
S21402B8E0AB71002063E742EA0323D9040FFA83FB15
S21402B8F025D5D6F8C830ABB11A68022A12D993F801
S21402B9002400CBF30B03DB0008B1B3FBF0F399453D
S21402B910C0D8002BBED0C9EB0920B0FBF3F0C04361
S21402B920C0B2B8E729463046FFF7B2FC019030466F
S21402B93010F08DFC019BB3FBF0F0C0B2E1E7385D7E
S21402B9404000EDE700230020EB730B4B5A69C2F36D
S21402B9500723120448BF63F0FF035AB212F1800FA6
S21402B9601CBF323B5AB2AA730346B8E702201EE750
S21402B970004000B80040005400C000B870B54FF454
S21402B98080640B4D0B4B0020D3F8EC60C5F8EC40FE
S21402B990C5F8E04004F014F94FF40053EB65730564
S21402B9A042BF054BC5F8E040C3F8EC4070BD00BF8F
S21402B9B0006000540040005400500054082310B1A8
S21402B9C0024A13677047024AFBE700BF001002B83C
S21402B9D0002002B8F8B504460E4611B9037C5A0692
S21402B9E03FD44FF6FF73E18BD4F8C870994204D067
S21402B9F0304B1B680BB1204698472F4D2B68BB4235
S21402BA004CD02E4B1B683BB11FB13A68002A47D078
S21402BA10BF683946204698470727204601F0C4FBF0
S21402BA20002E31D006270126254B94F9122093F9D1
S21402BA3000302449C3F11C039B1ACA69DB0222F4B4
S21402BA40FF2203F4FF231343CB61D4F8C8301E4A07
S21402BA502B601E4B976720461E7010F0F0FC0020ED
S21402BA60F8BD4FF6FF71144DD0F8C8702A6866F319
S21402BA7086139742C183037417D0104B1B68002BA2
S21402BA80C2D101F091FB072711493B46114AD1F872
S21402BA90FC1004F1D80003F02BFAC3E70127BCE739
S21402BAA01746204639469847B6E701F07DFB012740
S21402BAB0EAE700BFE0220020D8220020DC22002095
S21402BAC0FE2E002000C000B8006000B8002F002044
S21402BAD0001F00B0581F00B008B5482200210248D7
S21402BAE010F03BFF002008BDC41E00B00C2337B583
S21402BAF080F810310023837464234FF0FF357822D8
S21402BB00C0E93933C0E93B33C0F8E0304FF6FF7383
S21402BB100446A0F8F4200376C383C564C582056292
S21402BB208584057503F0C8FD2046FFF7D5FF94F916
S21402BB3012102046FFF7F2F9602340F6FF71114A11
S21402BB402046D36402F11C42D162D1650E4A2946D0
S21402BB50D36440220D4B1A67A26BFFF75BFA0E23E3
S21402BB600022CDE9003340F202231046194603F0C4
S21402BB70D9FB01F0D3F9204603B0BDE83040FEF70A
S21402BB80AFBB00BF004000B8005000B8002002B8AB
S21402BB90034670B50C68B0F81421013408BFD3F818
S21402BBA0E0408D6808BF0C604C68D830013404BF92
S21402BBB0D3F8EC404C606E1C38D1D3F8E840CE681F
S21402BBC08C60751C38D1D3F8E4500E69CD6001360E
S21402BBD004BFD3F8D8600E614E69013604BFD3F8AD
S21402BBE0DC604E618E69013604BFD3F8F0608E6168
S21402BBF08E693EB35A32B24238BF32460E688A6106
S21402BC00C3F8E8404C68C3E93865C3E93B420A69B1
S21402BC10C3F8D8204A690C49C3F8DC20D1F8FC10D6
S21402BC2007230A4A03F064F9002070BD02F15A04A1
S21402BC30AC4238BF2C46C2E702F17805B54238BF9F
S21402BC403546C2E76422D9E7001F00B0581F00B08D
S21402BC5038B50446074D21462868621C003818BFCE
S21402BC60012002F0F1FB2B680020003B18BF0123E5
S21402BC70A37038BDF022002038B5054C054B41783C
S21402BC8000782568236002F09FFB00B1256038BD6E
S21402BC90F022002024E8030070B506F02CFC0546CE
S21402BCA00B4E00F0A9F9012804D0284606F027FC1E
S21402BCB0022070BDF36813F0706FC3F30364F0D113
S21402BCC0B36ADB06EDD5284606F019FC2046F0E7F7
S21402BCD0000002B8074B1B684BB10028064B08BF92
S21402BCE00023064A1360064B187000207047022095
S21402BCF0704700BFF02200201CE80300F422002058
S21402BD00022F0020014B1878704700BF022F002038
S21402BD1038B506F0F0FB4FF6FF710A4A13888B42DD
S21402BD2003D106F0ECFB032038BD074C074D1B047D
S21402BD306566A4F580546366118006F0E0FB002079
S21402BD40F2E700BF12330020006001B80000FFFFD8
S21402BD502DE9F743044688461546FFF79BF870B16F
S21402BD606F4F7B69DB0740F1D88006F0C4FB0646BE
S21402BD70032001F033FE30B1304606F0C0FB02204D
S21402BD8003B0BDE8F0837F6917F00607F4D13046AA
S21402BD9006F0B5FB634B4FF400612046D3F8C09E15
S21402BDA0D3F8946E04F0C8FC40B14FF4007201213F
S21402BDB05D4B08461A673A4610F06FF894F9103051
S21402BDC0002B06DAA36B5F0542BF4FF40022574BE7
S21402BDD01A6741462046FEF7A3F9524BC3F8C09EA7
S21402BDE0C3F8946E0028CBD1237CD80601D4002D4C
S21402BDF054D0C5F3400003F0EDFD022315F4807F16
S21402BE001BBF0021494A484A136717BF484A1367AF
S21402BE105161136303F018FE4FF4806315F0040FAC
S21402BE2014BF444A444A15F0400F53624FF00402CE
S21402BE303D4B28461A674FF0400314BF3F4A404A1C
S21402BE40C2F88830FEF7A4FE204610F037FA38B162
S21402BE504FF4807315F0010F14BF344A324A136749
S21402BE60A90644D54FF6FF72A38C93420FD0354AEB
S21402BE703549526E100CC2F301120132B3FBF2F3D3
S21402BE8008802C4A2C4931481B0448665366003DFC
S21402BE9018BF0125237C65F304132374204610F093
S21402BEA0CBFAF0B1204610F009FAD0B14FF40031C7
S21402BEB0204604F041FC431C03229BB2244801A9FD
S21402BEC010F05CFB9DF8042002F00703052B9DF89A
S21402BED0053015D112070DD443F480731D4AC2F8FB
S21402BEE0A030002003B0BDE8F04310F085BBFFF79A
S21402BEF00FFFCCE713F0040F09D19DF80630EBE7ED
S21402BF0003F03002202A05D113F0010FF4E74FF4B4
S21402BF108073E3E79DF80630E0E7032030E700BFD2
S21402BF2000C001B8001000B0002002B8001002B82D
S21402BF3000400054005001B8006001B800D000B8BC
S21402BF4000E000B8004001B8123300200000FFFFF6
S21402BF5008400054001E00B008B50B4BD3F84C1135
S21402BF604B1C0FD011F080410CD10320FEF722FFAC
S21402BF704FF080624FF40071044BDA67044AD162D4
S21402BF8001225A6108BD00BF0080E00F001002B80F
S21402BF90004000B84FF40022034B186F03F500531D
S21402BFA01A67C0F3C0407047000002B8024B034A4B
S21402BFB000201A60704700BFDC22002081AA02001F
S21402BFC0024B586900F00100704700BF00C001B87C
S21402BFD0084B5A69D10707D508B901F0DFBB5B6980
S21402BFE0DA0706D401F0CCBB5B69DB0701D4002874
S21402BFF0F8D1704700C001B80F4BDB68C3F3036388
S21402C000013B0B2B0FD8DFE803F006060C060606EC
S21402C01006080A0808080220704704207047052010
S21402C020704703207047054B5B6913F0060F0CBF81
S21402C03001200420704700BF000002B800C001B80B
S21402C040094AD368C3F303630B2B08D06FF49050EE
S21402C050184100F0010080F0010040007047106FA8
S21402C06010F48030EDD17047000002B80C4AD36855
S21402C070C3F30363062B07D8042BD8B20BD8C31E10
S21402C0805842584140007047072B06D1D2F830017B
S21402C0900028ECD17047022070470020704700BF8E
S21402C0A0000002B8094BDB68C3F303639A1E012A39
S21402C0B08CBF00220122012B02701EBF4FF40262C7
S21402C0C022FA03F303F001030B707047000002B874
S21402C0D0024B1B6803B11847704700BF08230020B5
S21402C0E0024B1B6803B11847704700BF04230020A9
S21402C0F0F0B5CF072BD5002A14BFAA2555250E4624
S21402C1001E24154F01F0030383F001033B449B7882
S21402C11006F0070C17F80CC0013C63444FEA5606BB
S21402C120F6D10E4E73436FF481769B0C334482B97C
S21402C13091FAA1F195FAA5F54A082D0F490042EAAF
S21402C140C57201F00204C474C0E91123F0BDAA2529
S21402C150D5E7034AF7E700BF38E8030036FC1000CD
S21402C160B756351230B547F6FE74154BC3F8304253
S21402C170856C04EA4504134DC5F830420F245C660C
S21402C180CC071BD5D2B901246C664FF0FF34C3F836
S21402C1900441456C0B4CC4F804514FF0F045C3F80B
S21402C1A01051C37CDB062B40C4F810312AB10222A0
S21402C1B0054BC0F88010C3F8C02030BD0224E3E768
S21402C1C0006001B8005001B80040005413B5437C2B
S21402C1D00446033BDBB2072B96BF104A0021D15C14
S21402C1E0FEF7E2FD012001F043FA4FF4F0620C4B39
S21402C1F0DA644FF40072A3F58053DA64637C053B7D
S21402C200012B08D80421074B01229B6E0DEB01007F
S21402C210019300F0FBFA02B010BD00BF30E8030045
S21402C220006000B8004001B8012310B580F8F6306F
S21402C2302823C0F8DC30042304464374044B1968F0
S21402C240FDF7A8FF2046FFF7C1FF002010BD00BF84
S21402C25090E80300012310B580F8F6302823C0F8D2
S21402C260DC30022304464374044B1968FDF792FF40
S21402C2702046FFF7ABFF002010BD00BF94E8030086
S21402C280012910B5044604D90239012914D903201C
S21402C29011E00B4B19680523012284F8F6204FF4AF
S21402C2A0BC726374C4F8DC202046FDF773FF204698
S21402C2B0FFF78CFF002010BD024B19680623EBE740
S21402C2C08CE8030088E8030038B5184B04461D685E
S21402C2D045B1EB6833B1286801F0A8FDAB68186871
S21402C2E001F0A4FD124B1B682BB1DA681AB19B68E9
S21402C2F0186801F09BFD0F4B1B682BB1DA681AB168
S21402C3009B68186801F092FD0B4B1B682BB1DA682C
S21402C3101AB19B68186801F089FD2046FFF79AFF5C
S21402C3202046BDE83840FFF751BF00BF94E803003F
S21402C33090E803008CE8030088E80300072330B582
S21402C340144CE363144B61B94FF480424FF48041BE
S21402C350C3F8B410C3F8B820C3F8BC20C3F8C02092
S21402C36030BD44250D4940F040004D6388630121ED
S21402C370D9634FF480414AB1C3F8B410054BC3F8F1
S21402C380B810C3F8BC10C3F8C010E9E7C4F8B4107C
S21402C390F4E700BF006000B8005000B8004000B8E4
S21402C3A02DE9F04F87B09046019305460F4606F0FA
S21402C3B0A2F8064603F0DEFB6B7C033BDBB2072BE0
S21402C3C096BF554A4FF0000B12F803B0032F10D851
S21402C3D0DFE807F002141B220222504BDFF86091BE
S21402C3E0D3F800A06A74012285F8F620BAF1000F8D
S21402C3F017D10124204607B0BDE8F08F484B04222F
S21402C400D3F800A0DFF83C91ECE70522454BD3F8C1
S21402C41000A0DFF83491E5E7434B0622D3F800A0EC
S21402C420F7E7D5F8C020524507D0504600F028FC62
S21402C4300022C5F8C0A0C5F8C42041462846FDF72C
S21402C44043FD044603F0B8FC5F4507D0D5F8C42088
S21402C45028461268DAF804100FF0A0FF019BDFF8F6
S21402C460ECA0A3F15A0001F033FBB0F57F4F3FBFBB
S21402C4702E4B9B6B0133C018A0F57F40CAF89C0078
S21402C480484602F0C9FC0023CAF8A000CAF8A43045
S21402C4902CB941462846FDF7D1FE044618B130466F
S21402C4A006F02DF8A6E70522214B4FF00209C3F845
S21402C4B02421012241461A672846C3F80890FEF74F
S21402C4C06BFD044618B11B4BC3F80890E7E73946E4
S21402C4D02846FEF769FC109B28460293119B02A988
S21402C4E00393BDF84830CDF81340ADF810309DF8F0
S21402C4F04C308DF817408DF812300FF051FE04467E
S21402C5000028CCD10C4907230C4AD1F8FC1005F1BF
S21402C510D80002F0EDFCC2E730E8030094E803001E
S21402C52090E803008CE8030088E8030000C001B826
S21402C530001002B8002002B8001F00B0581F00B05A
S21402C540D0FB010050BD0100501C0700001E00B0C9
S21402C550431EDBB2FD2B14D9FF280B6801D14A68B3
S21402C560134313F0802F1EBF42F20102074BC3F89B
S21402C570282251F82020054BC3F85022C3F8542233
S21402C58070470128F5D10023E9E700BF004001B853
S21402C590F0B585B06D460E460F4B074614460FCBD8
S21402C5A085E80F000D4BD3F848020090D3F84C22D2
S21402C5B001923EB1631EDBB2FD2B0AD93060FF2C1E
S21402C5C000D172602246294638460FF07DFF05B03C
S21402C5D0F0BD012CF4E700BF40E803000080E00F46
S21402C5E030B50C4B0546187085B0082380B90A4A48
S21402C5F0C2F8FC3351B96C46084B0FCB84E80F00E7
S21402C600074B2A4621461868FFF7C2FF05B030BD21
S21402C610044AEDE733330020001002B850E8030066
S21402C6206C200020002002B838B5044601F02CFB2E
S21402C630E0782179174A40EA0143C2F8CC34E5791A
S21402C640A37943EA0543C2F8D03423781BB100230A
S21402C6500422E8F7B3FC63782BB100230422E179C5
S21402C660A079E8F7ABFC2278012372B10A4AC2F835
S21402C670C8346278022352B1074AC2F8C834A07896
S21402C6800021FFF7ADFF002038BD044AEFE7034A5A
S21402C690F3E700BF00C0035000D0035000E0035091
S21402C6A0014B1878704700BF33330020124BD3F883
S21402C6B0E020D2031ED54FF480321049C1F8E020A4
S21402C6C0A1F58051C1F8EC201A6CD1B2C2F3072250
S21402C6D0C3F88010C3F880200422C3F8802000220A
S21402C6E0C3F88020C3F88020C3F88020C3F88020D7
S21402C6F0C3F88020704700BF00400054006000541A
S21402C700F8B50D461746064605F0F5FE0123042148
S21402C710084C094A2363A760E6602561C2F8E01068
S21402C720064AC2F8843105F0EAFE0DB102232363FD
S21402C730F8BD00BF004000540060005400E100E075
S21402C7400122054B1860054B1A6640F6FF72996384
S21402C750D863DA65704700BF1023002000400054FB
S21402C7602DE9F04F042A05460B4683B039D9012637
S21402C7700978141F81615A7803F1040982619A7854
S21402C7808261DB7883610368D0F808B003F00703A0
S21402C79006339E4006F1FF3A0AEA0B084768A6EB04
S21402C7A00802944247F000570ED84946224607EB45
S21402C7B0080010F007F946EA0A0604EB0B023240BC
S21402C7C0AA6003B0BDE8F08F494607EB0800019265
S21402C7D010F0F8F8019A384609EB0201A21B42440F
S21402C7E0E7E7013A032AECD8DFE802F00B08050275
S21402C7F013F8012B826113F8012BAA6113F8012B9F
S21402C800AA611B78AB6103B0BDE8F08F38B50C4661
S21402C810154601460F4B68B101220F48C3F8C020E7
S21402C8202246FFF79DFF1DB104220A4BC3F8C02023
S21402C830002038BD64B1D3F8A420A24284BF0122EE
S21402C840C3F8C0200222C3F8A040C3F8C020EAE71B
S21402C8500122FAE7004000549840005410B505F053
S21402C8604AFE0122174B18491A66C3F890209A66A8
S21402C870164A0446DA660722C3F88C20144B1A803E
S21402C8800023144A13804FF4A022C1F8E020A1F539
S21402C8908051C1F8EC20104A1360104B1B6F5B02EC
S21402C8A00AD54FF480020E4B18680E4BD8301A6722
S21402C8B050F8A01C01F066FC2046BDE8104005F0CA
S21402C8C01EBE00BF0040005400600054100D002041
S21402C8D0C6250020C42500200C230020000002B834
S21402C8E06C200020002002B807220D4B01211A807E
S21402C8F000220C4B1A800C4BC3F8C010C3F89820C9
S21402C9004FF40052C3F89C00C3F8BC20F022074B39
S21402C9109A64A022A3F580539A64FFF79FBF00BFD4
S21402C920C6250020C425002000400054006000B840
S21402C9302DE9F041044688B105F0DDFD3C4E3D4A46
S21402C9403388032C03F0780105463B4F03F07F0C37
S21402C95011445BD13C6824B905F0D1FD0320BDE843
S21402C960F08124F00104386820F00100A04252D180
S21402C97000223A6022888C426FEA42426FEA5242B2
S21402C98022803ED12D4CDFF8D0C02788ACF180083B
S21402C9903A46083A92B201F10800604528BF40467E
S21402C9A0082A04D9B0F800E0BEF5804F3ED22280B5
S21402C9B03B440C8888789B1A2149DBB2C4F30C04EA
S21402C9C04C6433804B67C1F88C204FF480221D4B99
S21402C9D000F00700C3F8E02001221B4BC3F88421B5
S21402C9E0FFF764FE04280CD14FF48002174B1B6F2E
S21402C9F0174B1868174BD8301A6750F8A01C01F06E
S21402CA00C1FB284605F07BFD0020A8E7601E012832
S21402CA1098BF0C46A7E7094862440088A21A48BF96
S21402CA20803208389042A5DC284695E70146B0E7F2
S21402CA30C4250020100D00200C230020C62500204F
S21402CA40004000540060005400E100E0000002B81C
S21402CA506C200020002002B8900D00201249134BD3
S21402CA600A881B8812481344083292B20A80114977
S21402CA70073BC1F88C204FF480210F4A03F078035D
S21402CA80C2F8E0100121034498780C4A00F007002F
S21402CA900428C2F8841103D10949CA681203FCD4D7
S21402CAA0084A1360704700BFC6250020C425002030
S21402CAB0100D0020004000540060005400E100E029
S21402CAC0000002B80C23002010B5054C206828B1DF
S21402CAD0C30701D4FFF72CFF0023236010BD00BF5D
S21402CAE00C2300204FF48033084AC2F8EC30A2F53B
S21402CAF08052C2F8E030064BD3F88830C3F30C03FA
S21402CB00782B01D8FFF7D2BD704700BF00600054F3
S21402CB10004000542DE9F84304460E4605F0EBFCAF
S21402CB204F4B81461A884F484F4D02F07801032C2E
S21402CB302D8802F07F03014417D14C4C24688CB92F
S21402CB402A44073A02F0780284180344E31A48BFDC
S21402CB508033AB4210DB484605F0D1FC0024204669
S21402CB60BDE8F88324F00104EFE7012C02D0022C82
S21402CB70EBD1083D0C46E8E7002E40D08C423C49FB
S21402CB8041D1D1F8448001278A6B02F007020632AF
S21402CB909740D1F88820C2F30C029A4246DD2588D7
S21402CBA0B5F5804FD7D2A378C5F30C0503F007037B
S21402CBB07A1EA5EB08053A43052B337005EA0205F3
S21402CBC02CD82DB2E84340F23A420421C00FFDF7BA
S21402CBD0ABFB7580E378274A337412687B1E03EA40
S21402CBE00803D118B160A9B213FA85F5BD4291BF08
S21402CBF00023FF1AB780F2609CBFB180F3604846FC
S21402CC0005F07DFCABE7A4F10802824238BF04F1CE
S21402CC107802B2F80080C8F30C08B4E7164B5B6DD6
S21402CC20003B18BF0123A5EBC305CAE70B6C7A1EAF
S21402CC30A3EB08033A431A40104B15B2DB6862B9FD
S21402CC40C3F30363D91E4B424B41DB0033700B4BDD
S21402CC5072809B6FC3F30723BDE70823F6E700BF86
S21402CC60C4250020100D0020C62500200C2300201D
S21402CC700040005410230020004000B8000002B814
S21402CC80054BA822D3F84C013121431C0CBF0120CE
S21402CC90C0F38070FDF748BB0080E00F38B5094D41
S21402CCA00446286840F6A402003818BF01202B214B
S21402CCB0FDF73AFBFA235C432B680A20B4FBF3F435
S21402CCC0604338BD44230020174B30B51A68431C16
S21402CCD0164B22D0B2F1407F1FD3154D00F03F0411
S21402CCE0D5F8002122F03F021443C3F8C84001F0F1
S21402CCF03F042243C3F8D020D5F804310D4A1A4027
S21402CD000D4B03EA500003EA510110431143074B4F
S21402CD10C3F8CC00C3F8D41030BD00200146C3F8D7
S21402CD20C800C3F8D000F2E70080E00F001F00B092
S21402CD30000002B81FF087E1E0FFFF7F73B5574E91
S21402CD400446317819B91C2255480FF006FE23789E
S21402CD50544A6188137051804FF0FC62524CFF2196
S21402CD60C4F8FC204FF47F02C4F808214F4A022B75
S21402CD704F4D117033D1042307224E49C4F8FC23C9
S21402CD80C5F8FC33C4F800114FF4C071C5F80011A1
S21402CD90C4F8FC234FF48052C5F8FC33C5F8702162
S21402CDA04FF40052C4F87021C4F808314FF4FF1350
S21402CDB0C4F8FC304FF4BB13C5F8FC308023C4F82B
S21402CDC0703148F2C8023C4BC3F8D8203B4B3C4A71
S21402CDD00020C3F8C02F0123337002B070BD394A59
S21402CDE0012BC4F80021384B27D14FF4C072C5F886
S21402CDF00021D3F83802D3F83C12FFF765FF072369
S21402CE00C4F8FC330223C5F8FC334FF48053C5F84C
S21402CE1070314FF40053C4F870310423C4F808315B
S21402CE200DEB0300E8F746FA9DF80530023B012BAE
S21402CE309CBF8023C5F87031C3E7244AC5F8002199
S21402CE40D3F83002D3F83412FFF73EFF0723C4F8B4
S21402CE50FC330123C5F8FC338023C4F870314FF449
S21402CE60805301A8C4F87031E8F724FA9DF805301B
S21402CE70012B05D19DF8043053B948F25D1309E041
S21402CE80FBD9023B012B9CBF4FF40053C5F870310F
S21402CE9048F25813084AC2F8D83097E7032F002002
S21402CEA0C41F00B014330020002002B8373300201D
S21402CEB0001002B8C0F10F00001F00B0001000B052
S21402CEC018230020C0F70F000080E00FC0F60F0006
S21402CED0034B1A6802609B8883800020704700BF5D
S21402CEE01433002010B5044600F0CEFE0A4BD3F8E9
S21402CEF0F83724B983F40023C3F3C04010BD012CD5
S21402CF0005D113F4C02F0CBF01200020F6E7A31EA4
S21402CF1058425841F2E700BF000002B86FF07F4265
S21402CF2008B5154BD3F8FC37934208D0134A03F0E2
S21402CF303F031370F123124A1370124A13701249F8
S21402CF40124B09781A68A9B1B2F1A06F12D3D3F8BE
S21402CF5050120F4A0F4BB1F1FF3F18BF13460E4A4D
S21402CF6013600FF0ECFB41F66A03B0FBF3F00B4BD9
S21402CF70186008BD074BF2E7000002B838330020FD
S21402CF80393300203A330020363300200080E00F89
S21402CF905082E00F74E8030014230020442300208C
S21402CFA0012807D0022802D030B100207047034B78
S21402CFB018787047024BFBE7024BF9E7383300203C
S21402CFC0393300203A3300200023F0B590F81041A0
S21402CFD085B002462046CDE90133CDF80B30FFF787
S21402CFE0DFFFD37D411EC9B28B4228BF0B46002C01
S21402CFF03CD0012C38D1042418464FF00F0C394E81
S21402D0000DEB0405B0FBFCF7F75D013CC01BC0B29C
S21402D010814238BF00206055002CF3D105240F272B
S21402D0208DF80830B3FBF7F0305C0344DBB28B427A
S21402D03028BF0B462B5501340B2CF3D10F2602F1D9
S21402D0404C00783215F8013BB3FBF6F14C1CC1EBF1
S21402D05001115B1A0133DBB2E4B21B0443EA045348
S21402D06040F8043F8242EDD105B0F0BD04241846D4
S21402D0704FF00F0C1C4F0DEB0406B0FBFCF5EDB2A7
S21402D0807D5D013C401BC0B2814238BF0020A055E6
S21402D090002CF2D105240F258DF80830B3FBF5F0ED
S21402D0A0385C0344DBB28B4228BF0B46335501344F
S21402D0B00B2CF3D10F2502F14C04783216F8013B03
S21402D0C0B3FBF5F1481CC1EB01115B1A0133DBB26D
S21402D0D0C0B21B0443EA005344F8043FA242EDD117
S21402D0E0C2E700BF6DE8030060E8030038B5284BCE
S21402D0F005461A7827490C2A02D1FF20087038BD47
S21402D10010460FF0A8FA04461046FFF749FFA84259
S21402D11028BF2846C0B2A04238BF20460B78C0B20D
S21402D1208342ECD0087088B1431EDBB2022A1A4949
S21402D1300ED14FF0FC62C1F8FC20A1F50051D1F8E7
S21402D140FC2042EA4353C1F8FC30D8E70346EDE739
S21402D150124A134C12685032C4F8C02F4FF47F02A2
S21402D160C1F808210F49CA6FD202C8D40F22B3FBF6
S21402D170F2F2551CC2EB02129B1A0133D1F8084197
S21402D1801B0443EA05532343C1F80831B7E700BF3F
S21402D1901433002037330020002002B86C20002011
S21402D1A0001000B0000002B82DE9F04F90F81051C0
S21402D1B00746C66C87B035BB1F2E38BF1F26093EF2
S21402D1C0884B89481A6A4C230168C2F38212D340FC
S21402D1D003F00108B1424346FA7D8449DFF82CB2D7
S21402D1E0DFF82C9214D10C78444511D19BF80040FC
S21402D1F0AC420DD17E4C2478944209D1B9F8040091
S21402D20007B0BDE8F08F032E38BF0326023ED7E7ED
S21402D210066099F800000B70FFF7C2FEFF2A14D1D1
S21402D22028460FF018FA0146B8F1000F16D0D7F8C4
S21402D230C810002900F0C8800B68082B40F2C48092
S21402D24091F838A0002D51D00FE0411E914228BF20
S21402D2501146012938BF0121C9B2E5E7012D2BD0BD
S21402D260022D00F0AF80BDB3C2460FF068FA40F25E
S21402D2707123B0FBF3F019237043B0FBF3F00122E5
S21402D2805146059005A80FF0BCF94FEA4A0103295A
S21402D29038BF0321040244EA00140339044300F0B1
S21402D2A01F0001FA00F0FFF7F9FC0AEB0A260AEB68
S21402D2B0062600F5FA6860E00F23B1FBF3F35A1C6A
S21402D2C0C3EB0313C91A0131C9B2D2B2090441EA47
S21402D2D00251C1F3074AC8E70F23B1FBF3F1454BEE
S21402D2E001311B6853FA81F111F801AC0FF027FAED
S21402D2F040F27123B0FBF3F419237443B4FBF3F446
S21402D3004FEA0A460294B8F1000F60D13A4BAAF1EE
S21402D3104001A3FB042303A8424603930FF071F9CE
S21402D320DDF80CA0354AA4EB0A04A2FB0412009016
S21402D3303021049204A842460FF063F9DDF810800B
S21402D3400190A4EB08040122102105A805940FF011
S21402D35058F9009B46F480461C02019B46F01006D4
S21402D36044EA0314059B04430AEB08001844FFF73B
S21402D37095FC00F50C5808F1280840F6FF72204B81
S21402D3804046C3F8C020A3F58053C3F8C040A3F5B7
S21402D39080531C4CC3F8C460C4F8008001F03CFD06
S21402D3A04FF47A72184B4042986523681049B3FBD3
S21402D3B0F2F3A9F80430FB7DB8FBF2F08BF80050CC
S21402D3C00B701DE78A4650E74FF0000A3AE7002244
S21402D3D0514602A80FF015F9040244F0110402980F
S21402D3E0C5E700BF004001B80C320020042F002021
S21402D3F0343300201423002069C2F568911E856B21
S21402D400006001B848230020001F00B0353300201A
S21402D41014330020014B1870704700BF36330020CB
S21402D42010B50446FCF760FC78B1174B1B786BB955
S21402D43064B1164B1B784BB1154B1B78013B012B85
S21402D44004D84FF40042134BDA6710BD124BDB6F61
S21402D4501B04FAD405F04FF84FF400420F4B044673
S21402D460DA67A3F5A0435B682BB1FEF7A9FD10B1FE
S21402D47002200FF001F90222094B2046BDE81040B7
S21402D480C3F8842405F03BB8052F0020062F0020A1
S21402D4904C230020002002B8000002B8001002B898
S21402D4A000D0035070B50546414C00F0EDFB414BF1
S21402D4B000201D70FFF7B4FF2378013B012B0CD828
S21402D4C00122217CE37B8A4030214B4342F2100149
S21402D4D003F1A04303F570335A500022364BC3F8CB
S21402D4E084248DB94FF6FF71344AC2F88410F821AD
S21402D4F0A2F58052C2F88410C3F88454304B4FF021
S21402D50080420020DA6770BD636883B30FF017F9B4
S21402D510626800EB5203B3FBF2F3013B1B0243F0DB
S21402D520F80326782549022E264A22D0032E4FF6E5
S21402D530FF7521482AD0012E33D143F00203C1F8E9
S21402D5408450C2F884300723C0F884343021E37B49
S21402D55001204B4341F21001227C03F1A04300FA62
S21402D56002F203F570335A50FFF75AFF17E0F8231A
S21402D570D7E74FF6FF7043F00103C1F88400C2F804
S21402D580843006220C4BC3F88424DFE743F00503FD
S21402D590C1F88450C2F884300423C0F884340A4B9D
S21402D5A0ADE7C1F88450C2F884300023F5E700BF27
S21402D5B04C230020062F002000C00350006000B855
S21402D5C0002002B8005000B8001002B8F8B51F4F8D
S21402D5D006463D4604460FCE0FC533682B6000F064
S21402D5E053FB00221A4BC3F88424A17A627A42EAD9
S21402D5F00142C3F89024217CE27B42EA0142C3F84E
S21402D6008C24207B617B40EA0142C3F888243B7865
S21402D610032B19D8DFE803F01202060C00230422BB
S21402D620E7F7CCFC00230422217CE07BE7F7C6FC6C
S21402D63001230422A17A607AE7F7C0FC054B18782A
S21402D640BDE8F840FFF72EBF0120F8BD4C230020AE
S21402D65000C00350062F0020034BDB6F002BBCBF1D
S21402D660024BC3F888007047000002B8004000B8BA
S21402D6704FF0006338B1064AD367064B4FF40032C8
S21402D680C3F884207047044AD367044BF6E700BF0A
S21402D690001002B8005000B8002002B8006000B8BF
S21402D6A02DE9F0470FF04BF84FF47A764FF4FA7301
S21402D6B0B0FBF6F6734307462948190E1B021818E4
S21402D6C0284A4FF0000341F1000103F03FF8264BD1
S21402D6D0A0F5807205461A6320B943222B21FCF777
S21402D6E023FE01254FF47A724FF0000A6A4353462E
S21402D6F05008310203F02AF81B4B1C4AB7F57A7F12
S21402D7009A601B4B4FEA056819601A4B8946044615
S21402D71018604FEA152505D295222B215046FCF7B4
S21402D72003FE01264FF47A73A8FB030103FB0511DF
S21402D7307308C01841F100010023324603F006F8D0
S21402D7400D4B023419600D4B49F10009A40818600C
S21402D75044EA8974044B013C9C63BDE8F08700BF31
S21402D76020A1070040420F0000C001B802110100CC
S21402D7706C230020682300206423002060230020FE
S21402D7801022044BC3F884215A600122024BDA604D
S21402D790704700BF00E100E000C001B81022064B4F
S21402D7A0C3F88421C3F88420BFF34F8FBFF36F8F73
S21402D7B00422024BDA60704700E100E000C001B8C4
S21402D7C010B50446A242A2EB0000A3EB010104D26C
S21402D7D0034B01399B6B0133184401F0030110BD62
S21402D7E000C001B838B501250A4B02019D504FF41E
S21402D7F080730446084A8340536604F07CFE074A58
S21402D800A540137823EA05031370BDE8384004F0F8
S21402D81076BE00BF00E101B800E001B80F2F00207D
S21402D8202DE9F84F164605468A461F4604F063FE63
S21402D830022E00F09080804604F064FE594B5A4A4D
S21402D840D3F82090147D5A6EE4B2520744BFD3F840
S21402D8502090013404F0030404F05AFE48462146A0
S21402D86000F024F98446DAF80000012E04BF0130E5
S21402D8706044ACEB000C08BFCAF80000BCF1804F55
S21402D8807DD300F025F98145A1EB040188BF454B05
S21402D890DFF834C188BF01F1FF3101F0030188BF10
S21402D8A09B6BA0EB090E0CF80510A1B1F90742BF5D
S21402D8B041F61F723D4B5A67BA0742BF3B4B3C4A82
S21402D8C05A677B0742BF0022364B9A673C0742BF25
S21402D8D00022344B9A6511244FF0010A314B05F1B0
S21402D8E01002120103EB051BCBF80C0131499C50C8
S21402D8F01A6A0AFA05F4586E0B78A2EB0902E4B229
S21402D900234372450B7025D34FF48073AB4003421A
S21402D91020D11CF80520002A40D10EB3264AF8076B
S21402D920536607D541F61F7140F201101F4B596727
S21402D93050675967B90706D51C4B1D4A1E491F4832
S21402D9405A6748675A677A0742BF01221C4B1A6118
S21402D9503B071AD4404604F0D2FD0120BDE8F88FFA
S21402D960184A2D0142F805A042F89C3C04F0C3FD7B
S21402D97010490B7823EA04030B7004F0C0FD4046FE
S21402D98004F0BDFD0020BDE8F88F2120FFF764FEFD
S21402D9904FF48032034B4046DA60DCE7064A4046E4
S21402D9A05366D8E700C001B8CC23002000E001B8D7
S21402D9B000001F1F0F2F002000D001B80000010139
S21402D9C0000002B800E101B8072F0020024B1878C9
S21402D9D0003818BF012070470F2F0020034B10306D
S21402D9E00001185800F00100704700BF00C001B8DF
S21402D9F0044B01F0F071103041F0030100011950A0
S21402DA00704700BF00C001B870B50646FEF7D8FAE8
S21402DA10044608B1FFF7C2FE0023084D3046AB614C
S21402DA20EB612B6200F054F8054BC9B219752862F7
S21402DA300CB1FFF7A5FE002070BD00BF00C001B804
S21402DA40CC23002008B52220FFF706FE4FF48022E2
S21402DA50014BDA6008BD00BF00C001B838B504F05B
S21402DA6051FD084B084A1D6A147D5A6EE4B25207ED
S21402DA7044BF1D6A013404F04BFD284604F003013E
S21402DA8038BD00BF00C001B8CC2300200346064ABA
S21402DA90103302EB00111B01D1F80C01D158C1F36F
S21402DAA040010EF0F4BD00BF00C001B8064B1B6873
S21402DAB0434303EB8171054B1B68A3FB003013F154
S21402DAC0004341EB000070476423002060230020DF
S21402DAD00C4A20F04043014610B5002014684FF06F
S21402DAE00042E4FB0320084A890F126802FB030087
S21402DAF0064B9B6B984204D901330131C01A01F0E0
S21402DB00030110BD682300206C23002000C001B86A
S21402DB1008B5064B4FF030401A68054992000EF0E1
S21402DB2051FFBDE8084001F0D5BA00BFB0E80300D7
S21402DB30B4E8030070B50C68651C15D0C4F3026621
S21402DB409E42C4F3074530D1A4B294422DD804EBCA
S21402DB508506B24229D2141BA50824F003040E59E6
S21402DB60340F04D0012C09D00022012303E06B1CE1
S21402DB7051F8232000230260037170BD0D4C34F867
S21402DB80133042EA03431A686B1C51F8234001EB38
S21402DB9083014B6822405E4036F07044EAD11B0F88
S21402DBA0032B04BF8B681A43E4E7013501EB8501BA
S21402DBB0C1E700BF80E8030007B501A8E7F77AFBD4
S21402DBC04822164B5A65164AD2F8D43023F4FC3350
S21402DBD0C2F8D430134B1B689DF80530023B012B6C
S21402DBE019D84022104BC3F8FC23104BD3F85C32F2
S21402DBF0DBB2FF2B00D10623094A1B03D2F8FC1323
S21402DC009BB20B43C2F8FC33D2F83021084B1A60A1
S21402DC1003B05DF804FB01F0B3F8ECE7008001B84E
S21402DC20000002B8002000B0001002B80080E00F2A
S21402DC300023002000224FF400710F4B10B51A6724
S21402DC405A679A670D4AD162012102F5E83251619C
S21402DC50DA6812F0706FFBD14FF0304201245A6638
S21402DC6002F5FC5208329C66DA64054B1B6898473C
S21402DC70044B5C6110BD00BF000002B8004000B853
S21402DC8010320020002002B801230F4A0F49C2F8C2
S21402DC9080328A6A22F002028A620D4A53600D4A74
S21402DCA053600D4A5360A2F580425360A2F540428B
S21402DCB0536002F5C032536002F580425360A2F50B
S21402DCC000425360704700BF0080005000C0005002
S21402DCD000D000B800500054005001B808B5FFF755
S21402DCE0D3FF0E4B0E4ADA6701F042F8FFF764FFE5
S21402DCF003220C4BC3F8E020012203F54043DA6707
S21402DD004FF460725A614FF40072DA67FEF7C8FC8D
S21402DD10BDE808400021FEF763BC00BF000002B861
S21402DD200048F000005001B82DE9F04F054687B0D4
S21402DD3002900F4657F8044B631C06D1029B2C60D8
S21402DD40E81A801007B0BDE8F08F5FEA147B18BFB0
S21402DD500123344AC4F3016108BFC4F3074332F80F
S21402DD601120A4B24FEAC30A2F4844EA02440AF139
S21402DD7004022A4482421BD20722CA4002F001024F
S21402DD8001929A0004EB830303930123B94603FA34
S21402DD900BF808F0940305F1080604920593039B1A
S21402DDA009F10409A34208D1049955443944C0E74D
S21402DDB01D4A9542E0D80020C4E7059B53B918F0E7
S21402DDC0420F19D118F0280F0BD146F8084C59F813
S21402DDD0042C21E040F6F31232210020FCF7A4FACC
S21402DDE0F3E740F6F81232210198FCF79DFA04F5A3
S21402DDF0805246F8082CEAE740F6012232210198C2
S21402DE00FCF792FA04F50052BBF1010F46F8082C13
S21402DE10DDD159F8042CD24346F8042C04340836D3
S21402DE20BDE700BF80E80300003000B0F8B5054645
S21402DE30F0B10026154B34461F46154953F8042BFD
S21402DE40BAB9A00000F13040294600F50150FFF7AC
S21402DE506BFF30B940F6A2323621BDE8F840FCF737
S21402DE6063BA0C4B0134044447F8265023F8164094
S21402DE70F8BDAA42FCD001360C2E02D031F816406C
S21402DE80DCE740F6BC3236210020E6E770230020AD
S21402DE90C6250020C825002070B50446A8B1C1B129
S21402DEA0384A52F8043B984215D1002336498A680C
S21402DEB09206FCD49B00354A03F1304303F5015326
S21402DEC0C2F898302022324B9A6070BD01330C2B78
S21402DED002D1304D12E0012352F8041BA142F5D1C3
S21402DEE02D4A32F81330E1E704D16268C3E9001222
S21402DEF0083403E0012A01D1043419602268531C55
S21402DF00E3D0C2F3016335F81300110C93B211F09B
S21402DF10FE0F43EA004360680DD00434CAB2022AF8
S21402DF202168E1D9D4E90160033AC3E90016986092
S21402DF300C340C33F3E7120F072AD9D8DFE802F0C5
S21402DF400704090D1013181DC04303F5005318608B
S21402DF50CEE71A6842401A60CAE703F58053F6E72E
S21402DF600EF08AFBC4E7012203F580538240F2E7F3
S21402DF70012203F500538240EDE71A6830EA0202F6
S21402DF80FBD1B5E770230020000002B8001E00B0E7
S21402DF90001002B880E80300C62500200122014BCB
S21402DFA0DA677047001002B80122014BDA67704741
S21402DFB0002002B84022014BDA677047002002B800
S21402DFC04022014BDA677047001002B808B50C4BC6
S21402DFD01B68D3F8C83023B11A68022A01D9186A16
S21402DFE008BDE5F747FE074B02469B6D98B2002830
S21402DFF0F6D0C3F30743D2085343B3FBF0F0EFE780
S21402E0006C200020004001B8064BDB68C3F30363B4
S21402E010984206D1044A536A23F0F00343EA0111F8
S21402E02051627047000002B8001F00B010B50446E7
S21402E030FFF7CCFF0F4AD2F838311B040E4B48BF0D
S21402E04040089B6C03F4C053B3F5805F0ABF936B22
S21402E050C4F30113C3F34163012B02D0022B02D097
S21402E06010BD4008FCE7C4F3C4240134B0FBF4F04E
S21402E070F6E700BF004001B8004000B82DE9F347BC
S21402E0800F460EF0F2FA00258046DFF8B890DFF869
S21402E090B8A004F030FA0DF1070106460DF10600AD
S21402E0A0FEF700F89DF806308BB9791C2CD00EF0DE
S21402E0B0DCFAA0EB0805304604F021FA9DF806309B
S21402E0C013B99DF8073053B3AF42E2D827E0D9F828
S21402E0D00C3013F4603FE8D0D9F810301A04C3F3BA
S21402E0E089141ED4013701D00EF0BFFA304604F070
S21402E0F006FA24B26FF4FF73A4F1C8009842B8BFC0
S21402E100184602B0BDE8F087304604F0F8F99DF8EC
S21402E1100630002BBDD19DF80730002BB9D1084838
S21402E120EFE77B1C44EA0A0403D00EF09EFAA0EB4B
S21402E1300805304604F0E3F914F5007FBED0D9E7AF
S21402E14000FEFFFF00C000B800FCFFFF0122024BEA
S21402E15098611A61704700BF000001B8084910B5FF
S21402E160D1F89C3040B11C46CA68D1F89C309C421B
S21402E170F9D1C2F30362027003F00F0010BD00BFB4
S21402E180000002B8094B01F080011B6F03F4800304
S21402E1900B4309D14FF40012054B1A62837F1BB161
S21402E1A00122044BC3F80021704700BF000002B8EA
S21402E1B0006001B8005001B84FF604014FF60502A0
S21402E1C0044B01201B6C9BB28B4208BF1346024ACB
S21402E1D0136670470080E00F00C001B82DE9F74FC4
S21402E1E081460F464FF0FF35FFF738FC00260190B8
S21402E1F08A462C463046DFF8D8B006F110031B01DB
S21402E2005BF8033003F00308B8F1010F15D130466E
S21402E210FFF73CFC02460B4601985146FFF7D0FA40
S21402E220DBF8643006F10802D340DB0739D5002F4D
S21402E23040D000252C463E6040460136082EDCD1F2
S21402E24060B3234A0027D2F808C0916B0CF440331F
S21402E2500131A4FB0141641941F10001B3F5003F0D
S21402E26030D1536B0CF4405C013347F10006BCF529
S21402E270805F22D1156B15F5807505FB06F647F112
S21402E280000203FB0266A5FB03323244594304FB39
S21402E2900212A3FB04341444C9E9003403B0BDE8F7
S21402E2A0F08FA84271EB0403C6D207B13E60054662
S21402E2B00C46C1E73D463C46BEE7320242EA1362DE
S21402E2C01B02E3E7136B13F5807347F10002DDE7E9
S21402E2D000C001B82DE9F84304F00DF90C234FF005
S21402E2E0B04700222B4C2C4D617C06464B433B44E8
S21402E2F01A63D5F870802A67D5F8000194F810C022
S21402E300E06026480231C0F88CC00320C5F8000140
S21402E310012000FA01F1224841614FF48070214940
S21402E3204866396A0131A160596302211963A368FC
S21402E3300133396A00BF00BF00BF00BF00BF00BF85
S21402E34000BF00BF686E10F4807915D18B42F0D101
S21402E3503AB1304604F0D3F8C8221A214846FBF7F1
S21402E360E3FF0C21637CA2684B43023203F1B04305
S21402E370A2605A630122DAE74FF48072094B3046F4
S21402E3805A660122C5F87080C3F80021BDE8F8433A
S21402E39004F0B5B8CC23002000C001B800800350BA
S21402E3A00020005800E001B808B50EF002FA044B4F
S21402E3B05A7C012302329340024A536108BD00BFD1
S21402E3C0CC230020002000580B2870B534D8022930
S21402E3D032D81A4C1A4B617441F4402141F4407110
S21402E3E02074063043F820100EF0A9F94608C50737
S21402E3F00EF0CCF9002302463146284602F0A6F972
S21402E400090241EA1061C0F3C05040EA41000D4BD8
S21402E4102060186B10F5807005D140F2CF122B21C8
S21402E420FBF782FF0220024600230020012102F0B1
S21402E4308DF96060002070BD0120FCE7CC2300202F
S21402E4400080035000C001B828B1044B187C087045
S21402E450587C1070704707230B70FAE7CC23002015
S21402E46010B504F048F80446FFF734FF0222054BC5
S21402E4702046BDE81040DA600122034B1A7004F011
S21402E4803EB800BF00C001B8102F00200C490B7820
S21402E490ABB10C4B5A7C0123023293400A4A936179
S21402E4A053614FF48062094BC3F8802100230B703E
S21402E4B0074BD3F80C01D3F8041100F0A7B8704745
S21402E4C0102F0020CC2300200020005800E100E09E
S21402E4D000C001B810B504460EF058F96043044B6C
S21402E4E000F5F42000F59070B0FBF3F010BD00BF0D
S21402E4F040420F002DE9F04F85B0FFF7EBFF0446D0
S21402E50003F0F9FF00214FF0B04ADFF8FC80054621
S21402E51002A888F80010FFF761FE364BDAF8206092
S21402E520DB6813F0706F1ED1DFF8CC90D9F8147048
S21402E53017F0060717D1E0B10EF001F9611DA1FB35
S21402E54000B101910EF022F93B4602460199584667
S21402E55002F0FCF8DDE902B3090241EA10610002AA
S21402E560584599410ED3284605B0BDE8F04F03F052
S21402E570C6BFFFF7AFFE02221F4BDA60012388F800
S21402E5800030F0E70193FFF7A5FE0EF0FFF8019BBF
S21402E5904FEA1B2242EA0362A0FB02B21B0A00FBFE
S21402E5A0032101910EF0CBF8019902463B465846EC
S21402E5B002F0CCF84FF00C0C0122104F01347B7C99
S21402E5C0361B991C0CFB03F38A400D49064403F1E3
S21402E5D0B0434A615E630B4E241AB261DAF82060D9
S21402E5E05B6BF31AA342C6D2FB68C9F800318A6194
S21402E5F04A61B8E7000002B800C001B8CC23002088
S21402E6000020005800100058102F00202DE9F74F68
S21402E6100C22944C0191637C934E5343002203F1E7
S21402E620B0431A63217C914B0546C3F8AC104FF4F5
S21402E63000318F4B904619610223F3604FF0B043CE
S21402E6401B6A5F1EDB1B002B40F3D48008F1010817
S21402E650B8F1020F51D9F3220D210020FBF764FE18
S21402E6604FF08052834B804E5A66E2684FF00008A5
S21402E670C6F800214FF400321A617C4BC3F8AC8016
S21402E6800C23627C5A4302F1B042C2F8308003F097
S21402E69032FF434642464FF4807E376AD6F864C05D
S21402E6A003F110010901715801F00301012910D18B
S21402E6B00EFA03F111EA0C0F0BD106EB0314BD425E
S21402E6C0D4F80C4100F2A680A54202D2A74280F0FE
S21402E6D0A4800133082BE3D1674D2C68012C40F24D
S21402E6E09F802AB15F494B8A13434B82604B5A661E
S21402E6F003B0BDE8F04F03F002BF4FF00C09002252
S21402E700637C09FB03F303F1B0431A6303F0F3FEE1
S21402E7104FF08052574B00905A664FF0B04394F831
S21402E72011C01F6A09FB0CF3013703F1B0435F63A4
S21402E730316BB368D80352D5A3682268FB1AA3FBD1
S21402E740029E63680198AEFB03A2A9FB03B313EB18
S21402E7500A0301F5807AAAFB031B42F100020AFBB8
S21402E76002BBB9EB01016EEB0B0E090A41EA0E6120
S21402E7700144B1EB1A2F4FEA1A2E04D3013342F1A9
S21402E7800002A1EB0E01AEF1040E714528BF7146E0
S21402E790EB18B16142F10001227DD6F820E0D2B238
S21402E7A07545D6F838E084BF02F1FF32D2B2BEF128
S21402E7B0FF3F0ED04FF0000A0EF101099E457AEB9C
S21402E7C0010B08D20132B3EB0903D2B261F10001A8
S21402E7D0F4E70A44D2B202F00302227533620C2333
S21402E7E003FB0CFC02230CF1B04C0098CCF8303042
S21402E7F003F085FE4FF0B0431B6A00BF00BF00BFA8
S21402E80000BF00BF00BF00BF00BF726ED2007FF520
S21402E81019AF25E7A542BFF459AF11438AB258E7AC
S21402E82016490B78142B01BF0023154E0B7033705C
S21402E8300B7801330B70002A3FF45AAF094E738AE5
S21402E840134373820A4B5A660D4A13780133DBB2BE
S21402E850022B13707FF44CAF002301342C600B7034
S21402E860137045E7CC23002000C001B80080035097
S21402E87000D001B800E001B8C8220020122F002004
S21402E880112F002070B52C4B0C461A7812B92B4A61
S21402E890926D1A702A4AD26F52054AD51D78294BB4
S21402E8A005F00F06B0FBF3F040434FEA151505D10D
S21402E8B040F279622B21FBF737FD0120224A0A211A
S21402E8C07243B2FBF0F34843B3FBF1F602EB50029D
S21402E8D0B2FBF0F201FB1633042BD2B207D8C3EB1D
S21402E8E08310C3EB80035BB283B96DB217E0C3F14A
S21402E8F00B0303EB8303DBB2B3FBF1F32B44DDB272
S21402E9000F2DF2D9013AD2B2053DEEE7053B5BB2D6
S21402E91093FBF1F31D44EBB26DB2002D04DB002035
S21402E92042EA0512226070BD01320533D2B25DB2F0
S21402E930F5E70220F7E700BF132F0020008001B89A
S21402E940000002B8403B2500809698004FF0000C6D
S21402E9502DE9F84FA2FB017BC84EDFF85CE3BE1937
S21402E96099466BF10003B6457CEB030308D240F2EE
S21402E9703D220E216046FBF7D7FC0220BDE8F88F49
S21402E980D0F8C8A00C461546BAF1000F04D0DAF843
S21402E9900030032B00F21A81B94BBA4A9B6BD2F8AD
S21402E9A0FCA0C3F31408B84BD3F8EC305800B64BAF
S21402E9B048BF48F400181B6E48EA456859074EBF20
S21402E9C04FF440039B0503F0E07348EA0308E5F7BB
S21402E9D051F9012D0646D0D10028CED0AB4B984235
S21402E9E000F0038103F5122303F5F863984200F062
S21402E9F00281A74B984200F03081002502462B4642
S21402EA0000204FF0007101F0A1FE2B46013007FBFB
S21402EA1003F3C8F3130100FB0B33A1FB0662A7FB4B
S21402EA20007001FB0522034420339B09C9F800301D
S21402EA30F60C984B46EA423618F4801F1C6008BF54
S21402EA407642954B954DC9F8144034441E602C60AE
S21402EA50BAF1000F00F0B88000239149C8F3815242
S21402EA608A5C194618F0807F18BF6408002EB8BF6B
S21402EA70764292066008C2FB0601224601F066FE56
S21402EA80DAF800300E2B08D97F4B7D4A916BDA6993
S21402EA90D3F80C31D20600F1CD8018F4001814BF5A
S21402EAA0C42240F207127F4EC0F31300C9F80400D6
S21402EAB0A6FB04064FEA561602FB06F6DAF818100C
S21402EAC04FF4FA73B6FBF1F618BF4FF0000806FBD8
S21402EAD003F3A4FB0202FA33A3FB013104FB082270
S21402EAE08342914138BF0136F6B246F4006CC9F84B
S21402EAF008C0002E7DD0DAF81C00A6FB00311CB13F
S21402EB00B4FA84F20E2A7DDDE203002977D1B2FB45
S21402EB10F3F2530003FB0663A3FB00714FEA044EB5
S21402EB20BE454FEA144474EB010109D37600334420
S21402EB30A0FB0371BE4574EB010102F10102F6D29D
S21402EB40C2F30E024CEA023343F00063C9F80830FF
S21402EB50E5F790F82B68002B00F08A80B3FA83F46E
S21402EB60D4F102044CBF1C4623FA04F44E4B9C42DA
S21402EB7088BF6408002867D0B4FBF0F3642100FB6A
S21402EB80134201FB02F2904265D85A1E52085B08F5
S21402EB90013B120242EA0313C9F80C30E5F73AF8D1
S21402EBA000285ED0B4FBF0F2642100FB124401FBA5
S21402EBB004F4A04260D8531E5B085208013A1B02B6
S21402EBC043EA0213C9F810300020D7E6042BDAF81D
S21402EBD028807FF4FCAE18F0807F0CBF08F0E0734C
S21402EBE04FF4400328F0E078EFE600232F481D4656
S21402EBF00DE70120C2E600232D481D4607E73346EF
S21402EC00002289E7C2F10F0702F1110E01FA0EFE89
S21402EC10FB4043EA0E03A7F1200E21FA0EFE43EA5A
S21402EC200E03F940013341F1000104FA02F2002911
S21402EC30E5D16CE701F4801103F40013194308BF11
S21402EC40C0F5801029E7044640F2C1422B2100207D
S21402EC50FBF76AFB2346013B97E7002315481D4650
S21402EC60D5E640F2E4422B21FBF75EFB621EA2E7EA
S21402EC700028E8D01C46EEE71446F7E7006CCA8880
S21402EC80008001B8001F00B0004001B800F0490241
S21402EC90005A6202A8230020A4230020A0230020FA
S21402ECA098E80300D34D62103FBE40250A3BB2DF10
S21402ECB0313641DCD694BFD6807C814A10B50B46ED
S21402ECC0044686B039B98279016821486B460068E5
S21402ECD0FFF73CFE6B461F4A196851631E4AD2F87C
S21402ECE0FC2062B35A6842B11C4A1D49C2F80C1194
S21402ECF05968A2F58052C2F80C119A6842B1174AB6
S21402ED001849C2F8EC109968A2F58052C2F8EC10C5
S21402ED101549D868D1F8642122F4EE620243C1F89C
S21402ED206421D1F85C21186922F4EE620243C1F82C
S21402ED305C21A1F5FF4158692839FFF7A3FD0020A1
S21402ED40A2880A4B9A6203F5A033186406B010BD77
S21402ED506C200020008001B8001F00B0006001B8DF
S21402ED60FFFF0F00FFF8FF0F000002B8004000B8D8
S21402ED704FF48062014BDA67704700BF001002B89A
S21402ED804FF48062034BDA67034B1B780BB1034ADE
S21402ED9093657047002002B8132F0020008001B848
S21402EDA00523054A538692F8313003F0010363F0D7
S21402EDB0730382F831307047001F00B010B590B16F
S21402EDC00468012C0FD902696AB11168094B102C2C
S21402EDD0196051685960916888BFD268996094BF7B
S21402EDE0D960DA6010BD1022002102480DF0B5FD90
S21402EDF0F8E700BFB0230020064B586E5B6AC0F3EC
S21402EE000112000C02FB000003F01F03013318443A
S21402EE10704700BF004001B8084BC1171A68A2FB32
S21402EE20000302FB013310F1807043F10003400E31
S21402EE3040EAC310803820EAE0707047C023002002
S21402EE400722164B70B5DA660DF079FC144BC4082F
S21402EE50010B0546E005C018124A41F100010023E5
S21402EE6001F074FC104B114E18604EF66020FFF74E
S21402EE70D3FF4042C6F884000D48FEF729FE02463C
S21402EE8058B1E301500818184FEA15714FF0000305
S21402EE9041F1000101F05AFCF06570BD000002B8B5
S21402EEA0B2E60E0065CD1D00C0230020001F00B094
S21402EEB040420F0010B5044698B10B4BD3F8FC0045
S21402EEC0FFF77CFF4FF47A7303FB04F0074BA0F6C0
S21402EED0AC50DA689B681044C01ABDE81040FFF7D1
S21402EEE09BBF4EF66020F8E7001F00B0B02300205C
S21402EEF02DE9F8430546084614461E46FFF75EFF10
S21402EF000DB306F0020716F004061ED1DFB14FF469
S21402EF107A706B685843002B40F08C80FFF77CFFBA
S21402EF2060626B69002B00F08C804B4AD0684FF40D
S21402EF307A7202FB0300A0F503501038FFF76CFF4D
S21402EF402062002E57D1BDE8F8832869002868D0D1
S21402EF504FF47A735843404BA0F6AC509B68C01AE5
S21402EF60FFF75AFFE061A88B00285DD04FF47A7352
S21402EF705843394BA0F6AC509B68C01AFFF74CFFBB
S21402EF802061364BE968D3F8008000294FD04FF451
S21402EF907A735943304BA1F6AC519A685B68891A6A
S21402EFA0C91A2F4BC8171A68DFF8BC90A2FB0113C8
S21402EFB002FB003311F1807143F10003490E41EA6E
S21402EFC0C3118039274B6161DB6EA361D9F800302B
S21402EFD053B140460DF030FA30B12246D9F800302F
S21402EFE01D49D8F87C0098470021A869FFF762FF00
S21402EFF0A062002F8BD1A86830BB47F23050FFF7D3
S21402F0000BFFA0604FF47A702B6858432BB1124B5B
S21402F0101B6803F51C5310331844FFF7FDFEE0602F
S21402F02091E74EF660209BE74EF66020A6E74EF686
S21402F0306021B6E7084B1B6803F51C5310331844CF
S21402F0406CE747F2305079E74FF47A735843A0F5ED
S21402F05003501038D3E700BFB02300206C200020F6
S21402F060C0230020001F00B0AC23002008B9FFF721
S21402F070C3BE034881420CBF2F20BC20704700BF8E
S21402F08048E8010010B508461C460DF011FB0D4B72
S21402F090D3F8FC30A3B11A68012A11D91A690A4BAF
S21402F0A0002A08BF1A465368084A002BA8BF4FF426
S21402F0B0FA721A44064B204492FBF3F2104410BD37
S21402F0C0014AF0E7001F00B0A0E803000CFEFFFFB5
S21402F0D018FCFFFF70B5124C88B001AD0FCC0FC5FF
S21402F0E094E8070085E80700882200210D480DF005
S21402F0F034FCEC2200210C480DF02FFC0B4B0C4A82
S21402F100DA61FFF74DFE0B4B1B783BB1044E01ADA7
S21402F1100FCD0FC695E8070084E8070008B070BD5B
S21402F120C41F00B08C1E00B0141F00B0001F00B039
S21402F13010111111032F00200A4B197801F0FF025B
S21402F14029B10021197008499202C1F8B4205978F1
S21402F15001F0FF0229B1002159709302024AC2F857
S21402F160B8307047142F0020005000B8064BD3F872
S21402F170C00E064B5B6F1A0103D4054B9B6E1B0435
S21402F18001D500F580707047001000B0000002B88C
S21402F190004000B808B503F0AEF90E4B1A78A2B9D3
S21402F1A00D4A126812F4843F0FD10C4A1021D1671F
S21402F1B01B7863B9084B1B68DB0508D4074B202273
S21402F1C0DA67BDE8084003F09AB9054AEEE7044B51
S21402F1D0F5E700BF182F0020900D0020002002B88F
S21402F1E0001002B810B503F086F90E21044603207B
S21402F1F0FEF70AFF40F20122034B2046BDE810400C
S21402F200DA6203F07CB900BF004000B80022044B6B
S21402F2101A70044B197811B11A70FFF7BBBF70470A
S21402F220172F0020182F002008B503F064F94FF0BE
S21402F2300042224BC3F88020BFF34F8FBFF36F8F7D
S21402F2400122C3F88420BFF34F8FBFF36F8F0222D1
S21402F250C3F88420BFF34F8FBFF36F8F0422C3F827
S21402F2608420BFF34F8FBFF36F8F0822C3F884202A
S21402F270BFF34F8FBFF36F8F1022C3F88420BFF304
S21402F2804F8FBFF36F8F2022C3F88420BFF34F8FB8
S21402F290BFF36F8F4022C3F88420BFF34F8FBFF3B4
S21402F2A06F8F4FF48072C3F88420BFF34F8FBFF383
S21402F2B06F8FBDE8084003F022B900BF00E100E00E
S21402F2C008B503F018F94FF00042094B1A60012204
S21402F2D05A6004225A6008225A6010225A6020227B
S21402F2E05A6040225A60BDE8084003F008B900BFE1
S21402F2F000E100E0012370B5074C2370074B1E683F
S21402F300074B3240D3E9005319402840FBF756FC1E
S21402F3100023237070BD00BF162F0020C8230020D4
S21402F320900D00202DE9F047DDF820A003EA010841
S21402F330099B06460C4602EA000703EA0A09BAF1E6
S21402F340000F40F04E81031F0B4300F00E8105288C
S21402F35071F1000380F0E48050EA010300F060815E
S21402F360431E0B4300F02481FFF75EFFAD4AD2E94D
S21402F370005323EA040325EA06053D4343EA080749
S21402F380A94BC2E900571E68DFF8F48226EA0A068D
S21402F39046EA09061E60FFF7FDFE15F02A4F14BF67
S21402F3A048F202034FF40043A04AB007D26EA048C8
S21402F3B048BF43F4005383EA020122EA0302C2660C
S21402F3C09C4A0B408166D366C5F38042120329032A
S21402F3D048BF42F48072EB0648BF42F40052964B96
S21402F3E0AC0648BF42F400726806D3F80C3248BF37
S21402F3F042F48062290648BF42F400628F4882EADD
S21402F400030123EA0203C0F80C328D4B0A40C7F30D
S21402F4104024A404C0F80812C3F80C22EA0448BF29
S21402F42044F48034AB0348BF44F48014A80748BFB2
S21402F43044F4800415F4001F06D0D8F800000DF03E
S21402F440FFF908B944F40024E90248BF44F4003442
S21402F450FA0648BF44F4000473077A4B48BF44F0E8
S21402F46004041A6A44F4001484EA020323F0010333
S21402F47075491A400A621C40CB61744B16F0010FA4
S21402F4801C62734B734A18BF1A46734B7C071B6F7A
S21402F49048BF42F00062714882EA030123EA02038F
S21402F4A003676F4B0A4041661A676E4A05F001030E
S21402F4B0516CA0F5803081EA030221EA030141641F
S21402F4C082631A40684B28025A64D8F8002048BF64
S21402F4D0664B92F8292158BF654B690748BF43F42B
S21402F4E0806322B115F4C06F18BF43F480733207ED
S21402F4F0604A48BF43F00043D2F8EC105E4883EA05
S21402F500010222F4A0221140C0F8EC101340C0F809
S21402F510E0205A4ABDE8F047C2F8EC30FFF7D0BE0A
S21402F520A0F580630B4306D020F48063A3F5007336
S21402F5300B437FF419AF02F0DEFF3A49D1E90032FD
S21402F54023EA060322EA040242EA08023B43C1E92E
S21402F55000324B4A126892F82911474A09B313F44B
S21402F560C06F1ED04FF4807311E002F0C4FF2D4A24
S21402F570D2E9003123F004033B4341EA080157EA8B
S21402F5800807C2E900314FF480633B4A0BD0C2F849
S21402F590E030A2F58052C2F8EC30BDE8F04702F047
S21402F5A0AEBF4FF48073C2F8EC30C2F8E030F4E736
S21402F5B002F0A1FF1B4AD2E9003123F001033B43CC
S21402F5C041EA0801C2E9003101232E4A57EA080738
S21402F5D01BBF9363A2F580525364536408BF9363C0
S21402F5E0DBE750EA01037FF4BFAEBAF1010F7FF406
S21402F5F0BBAE02F080FF0C4A136823F0010343EA15
S21402F600090313604FF48063144AB9F1000F04D063
S21402F6105366A2F580521367BFE713675366BCE7CB
S21402F620BDE8F087900D0020C8230020004000B8F7
S21402F630006000B8005000B8004001B8006001B891
S21402F640005001B8000002B8002002B8001002B84C
S21402F650041C00030418000300C001B800E001B84F
S21402F66000D001B800C000B800D000B80D0A0A09E0
S21402F670090A0A0900400054006000540050005471
S21402F6806C20002000E000B8024B5868C0F3C000AF
S21402F690704700BF900D0020024B186800F0010072
S21402F6A0704700BF900D0020024B5868C0F3C03070
S21402F6B0704700BF900D002010B50446FEF70EFB03
S21402F6C0FFF7B2FD04F18000FDF70EF9FEF7B2FA7D
S21402F6D0FDF7E6FFFEF754F8FFF7B2FB13490723E0
S21402F6E0134AD1F8FC1004F1D800FFF701FC4FF0E2
S21402F6F080710020FEF77CF94FF000720D4B4FF43C
S21402F70000110120C3F80021FEF772F9FEF754FD3E
S21402F71020B940F221321421FAF706FE0DF072F8F3
S21402F720BDE810400120FDF7BDBE00BF001F00B0BF
S21402F730581F00B000D001B88022074B1A67082273
S21402F74003F580531A67054AD2F88C3E23F020034D
S21402F750C2F88C3E704700BF001002B8001000B01E
S21402F76010B502F0C8FE01210446FFF7E5FF054B7F
S21402F77000201961044B5B6898472046BDE810409C
S21402F78002F0BDBE000002B8F8310020F0B583B02A
S21402F79006461446FCF714FC002800F09180584BED
S21402F7A05D6915F0060540F08B8002F0A4FE237911
S21402F7B00746022B009546D1237B022B32D003202C
S21402F7C0FEF70CF9002874D0A37B257B003B18BFFC
S21402F7D00123A2684B49012D01920B7075D00023BC
S21402F7E0494A4A4C13702278002A79D10420FDF740
S21402F7F0F9FF0420424E2A46736F0DEB000123F0F8
S21402F800F85323F4F81343F0506343F480337367DA
S21402F8100223FEF705F800286BD0012130223C4B6C
S21402F8202170DA673B4D2B6898470128044604D1BD
S21402F83001466B68002098470024384602F05FFEB7
S21402F840204603B0F0BD0320FEF7C8F8002834D1E6
S21402F8502279D6F8E030012A226833D0D51A002160
S21402F860274B2D4A00955A679967637B2B4A8B4232
S21402F87014BF0B4601231370294B294AD3F88C3E3A
S21402F8804FF003000CBF43F0200323F02003C2F81E
S21402F8908C3EFDF7A7FF1A4B224A03205A67694699
S21402F8A001232279FDF7BCFFF0B101221E4B1A702C
S21402F8B082E71E4BDB685B0486D4384602F01FFEE6
S21402F8C00324BDE79A42CAD3C8E72379022B86D01F
S21402F8D0009BD6F8E01000250B44134401937EE704
S21402F8E02370FFF757FC81E7384602F008FE012432
S21402F8F0A6E70320FDF776FF074B38467367DDE77A
S21402F90000C001B81A2F0020172F0020182F002041
S21402F910001002B8F831002000000101192F002063
S21402F920001000B0010C01001B2F0020000002B8DE
S21402F9302DE9F34100240D46074602F0DCFD204B7C
S21402F940DFF88C801C70FFF7F7FE1E4B0646C8F8E1
S21402F9507430C8F878406879431E58425841FCF71C
S21402F9602DF840F60143C8F878302A792968012A2A
S21402F970D7F8E83001D1994200D3CC1A04230320E9
S21402F9800DEB03010194FDF74BFF50B988220E4B95
S21402F99030461A6702F0B3FD0124204602B0BDE8E5
S21402F9A0F0810A4D2B6898470128044604D1014687
S21402F9B06B68002098470024304602F0A0FDECE772
S21402F9C01B2F002000000101002002B8F8310020A1
S21402F9D000C001B8F8B5194C0546207840F25E42E0
S21402F9E0B0FA80F03E214009FAF79EFC55B96078DD
S21402F9F040F25E42BDE8F840B0FA80F03E2140098F
S21402FA00FAF792BC4FF440660D4F0E4DD7F8B4305D
S21402FA1040F25E42C3F381232370C5F8B460607877
S21402FA203E21B0FA80F04009FAF77EFCD7F8B830EB
S21402FA30C3F381236370C5F8B860F8BD142F0020A5
S21402FA40004000B8006000B8F8B5084C084D236FB7
S21402FA500423084F2B67236F5B0300D4F8BD0426EC
S21402FA6002203E670CF008FE2E67F4E7000002B89C
S21402FA70001002B8002002B8A82238B51A4B1D6F33
S21402FA8003F500531A6710229A60A3F5804302F129
S21402FA9000521A675A66FFF74FFB144B1B7813B9CE
S21402FAA00320FDF79FFE0024114B9C67FFF7CCFF57
S21402FAB0104A114BD2F8C01E0B40C2F8C03E0422B8
S21402FAC00E4B1A670E4BAA06C3F8944008D503F5E8
S21402FAD080735B6BB3F5817F22BF8022024B1A6173
S21402FAE0BDE83840FCF714B9000002B81B2F00200E
S21402FAF000C001B8001000B0DF0000FF002002B80E
S21402FB00001E00B010B528B971B94FF4C062164B8A
S21402FB10DA6210BD41B9154AD3681B0E13F00E0FF8
S21402FB20F3D193689A06F0D4FFF75CFB0F4C0020E3
S21402FB30FEF714FB032801D0092805D1636FDB0307
S21402FB40F5D4E36D0C2BF2D9FFF77EFF4FF400726B
S21402FB50074BDA62012203F5E8335A61042203F501
S21402FB6080531A67D1E700BF006001B8000002B8F0
S21402FB70004000B808B5FFF735FBFFF765FF4FF406
S21402FB800072084BDA62012203F5E8335A61042256
S21402FB9003F580531A674FF4C062A3F54043DA6256
S21402FBA008BD00BF004000B808B503210920FEF7D3
S21402FBB02BFA2022014B1A6108BD00BF000002B8D2
S21402FBC038B5054602F097FC0446FCF747FE35B109
S21402FBD0FFF71CFB2046BDE8384002F090BC084BFD
S21402FBE01B78002BF6D0074B1D78002DF2D1FFF7BD
S21402FBF00DFB2A464FF480400021FFF77BFBE9E726
S21402FC00172F0020162F00202DE9F84F5B4B0646D3
S21402FC100D4614461B6F002A40F0AD8013F0A00F6D
S21402FC2014BF4FF001094FF00009FCF771F8A0234A
S21402FC304FF0000ADFF860810320C8F87030FDF745
S21402FC40D1FD0420FDF7CEFD4D4FFFF7DFFA4D4BF9
S21402FC504FF0040B7B67C7F878A0FFF7F5FE4A4B18
S21402FC604FF48071D3F88C2E42F02002C3F88C2E0B
S21402FC70FF22C8F80820414A1161D3F8C02E434932
S21402FC801140C3F8C01EC8F870B0C3F894AE7B69C2
S21402FC9013F0060F04D0FDF7D5FE5846FDF7A2FD79
S21402FCA0B9F1000F08D04FF40062394B1A674FF4CF
S21402FCB00042A3F5E0339A6666B1364BDB6C180752
S21402FCC001D4FFF78FFAFFF76FFF0420FDF78AFDD6
S21402FCD0FFF732FA294B5A69D10747D5DA6812F08C
S21402FCE0706FFBD12C4B2D4A1A672D4A536A23F0AC
S21402FCF0F003536215B12046FFF762FF294BD3F893
S21402FD004C315A1C01D05B0002D50122224B5A61AB
S21402FD1064B3204BDA6E03F500539A6603F5D033CC
S21402FD201B6A1D4A23F00103D3611F4BD3F80C1242
S21402FD3003F50053C3F8081203F50053D3F88410F2
S21402FD4003F500539967194BD3F8EC1003F50053EB
S21402FD50C3F8E010164B596C03F500539963154926
S21402FD6003F5803359664FF6084313670020BDE853
S21402FD70F84FFCF7ADB94FF0000956E7000002B89D
S21402FD8000C001B800000101001000B0DF0000FF53
S21402FD90001002B8004000B8002002B81000300080
S21402FDA0001F00B00080E00F004001B80040005481
S21402FDB000C000B85000002F38B51C4A1C4B1D4C22
S21402FDC0256F5A67FFF740FEFF221B4B15F0A00F68
S21402FDD09A604FF4807222614FF004021A6709D0CB
S21402FDE04FF40062A3F580531A674FF40042A3F55E
S21402FDF0E0339A666369D90717D50E4AD36813F0BB
S21402FE00706FC3F30360F9D10C4A536A23F0F00310
S21402FE105362FFF7D5FE0A4BD3F84C315A1C01D079
S21402FE205B0002D50122044B5A6138BD0000010175
S21402FE3000C001B8000002B8002002B8001F00B0DF
S21402FE400080E00F9A4B2DE9F04F9A6EDB6E85B07C
S21402FE5002EA0308974BC3F86880974BD3F8E06032
S21402FE60D3F8EC301E40954BC3F8E060944BD3F8C1
S21402FE700822D3F80C3202EA030A924BC3F808A20D
S21402FE8003F52043DA691B6A02EA03098E4B09F47A
S21402FE907702DA618D4BD3F80422D10606D4D3F862
S21402FEA00431DA06C3F3001740F1E18002F023FBC7
S21402FEB0874B5A695F6E1B6F12F0060F07EA03073D
S21402FEC0844A27F0007323F4006314BF4FF0010B3B
S21402FED04FF0000B53667B0704D57F4A137D013330
S21402FEE0DBB2137502F00BFBB8F1000F00F0DD80F9
S21402FEF018F4004427D002F0FEFA0146FFF736F95E
S21402FF000446764D2B6818681A689042FCD018682A
S21402FF109042FCD0FFF72AF9A04240F0AA80084699
S21402FF2002F0EDFA6E4B1C606E4B1D6F15F4E0523C
S21402FF3040F0A18024F07F4424F0DF040CB9FFF7E0
S21402FF409BFD4FF0807418F0020F4FF0000514D09E
S21402FF50644B5D491B6F03F460420A67002A00F097
S21402FF609E801D0400F19E8013F4005F0CBF4FF0CC
S21402FF7000534FF0006300251C43C8F340384FEA95
S21402FF804808594B3340002B4AD016F4206F0AD04B
S21402FF9040F6D50206210020FAF7C6F90020FFF740
S21402FFA00FFE26F48026F00506D5FF22464B44F4C3
S21402FFB0C0649A60FFF716F916F0090F0AD040F6E9
S21402FFC0EA0208210020FAF7AFF9FFF7EDFD012259
S21402FFD0394B1A6316F0106F0CD040F6F302092163
S21402FFE00020FAF7A1F9FFF7DFFD002211461046BE
S21402FFF0FCF70CFC16F4202F0AD040F6FB02072171
S2140300000020FAF791F90020FFF7DAFD26F48026A0
S214030010F10301D5FCF766FD002EB8BF48F00808CB
S21403002072070DD5244BDB6A13F4005F4FF40053BD
S21403003017BF224A2D4AD36244F4000408BFD36292
S214030040730548BF44F0040416F48023019300F0BC
S214030050B080FCF703FD0138062849D8DFE810F026
S2140300603401370134013A013D0140014001BB46EA
S2140300703AE7044646E70192FFF7FEFC124B019A65
S2140300801A6715F4805307D115F4806F0CBF4FF031
S21403009080544FF0806456E74FF0804453E74FF0A8
S2140300A0007368E74FF0004365E74446454668E754
S2140300B0004000B8006000B80040005400600054E0
S2140300C0004001B8006001B8002002B800E100E07B
S2140300D000C001B800E001B8CC230020083200209D
S2140300E0C4230020000002B8090B0B8900500054FB
S2140300F040F62C1203210020FAF716F90121824A52
S214030100936ED2F8880003F00703063301FA03F36D
S214030110C0F30C001B1A9BB2072B12D97B4B1B6F29
S21403012058020ED47A48936B926D406D58B103F023
S214030130070306339940C2F30C03C91A89B2072989
S21403014001D844F40074734B1B78002B31D06E4BEC
S214030150D3F8E03013F4A02F2BD16F4B6F4A1B78E4
S21403016093B9FB0410D4137873B1E3086C4943EADC
S214030170457383F00103D1F8C01E03F001035B004F
S21403018021FA03F3980714D10420FDF72BFB654BE4
S21403019065495967FFF73AF8604A13782BB9634BFA
S2140301A0634A1B682340134201D144F4804427F476
S2140301B08057BAF1000F1DD01AF4805F18BF44F4BD
S2140301C080241AF4807F18BF44F400241AF4005FD6
S2140301D018BF44F010041AF4007F18BF44F020043C
S2140301E01AF4806F18BF44F040041AF4006F18BF67
S2140301F044F08004B9F1000F48D019F4001F0AD068
S2140302004C4B1B683BB1414A4B48116F00680022B8
S214030210C1F3C061984719F4802F18BF45F40075E1
S21403022019F4803F18BF44F4805419F4801F18BF94
S21403023044F4003419F4800F18BF44F0020419F490
S214030240003F18BF44F4801419F4000F18BF45F09C
S214030250100519F4002F19D0314BD3F88C3E13F048
S214030260C00F13D0294AD368C3F30363032B01D00B
S214030270072B05D1536FD90602D4936F1A0732D5CD
S2140302804FF400222D4B29F40029DA61002F00F0E9
S21403029020813B0540F18A802949DFF888A0CB7886
S2140302A0284A002B54D04FF40060013BDBB2506663
S2140302B0CB7033B9244B1B78C3B140F60142234BB2
S2140302C05A67002300226FE044F4803416E744F4B0
S2140302D0006413E744F4806410E744F480740DE785
S2140302E044F008040AE744F40014CFE7DAF8783059
S2140302F013F4A05F15BF4FF4807340F60143CAF8AA
S2140303005830CAF87830DCE700400054000002B8E2
S214030310004000B8182F0020172F0020192F0020A8
S214030320001000B000C001B800000101900D0020CD
S214030330088D0100FC2200206C200020002002B85B
S214030340072F002000E001B81B2F002000D001B8C3
S2140303500320FDF747FADAF81430AA4813F0060F1D
S21403036004BF41F61F73A84AA84908BF53674FF452
S2140303700062A54B5A66DAF8143013F0060308BF7A
S214030380CAF87830438A13F400626AD023F4006311
S21403039043820B7803F0FF0A002B66D1FDF752FB6E
S2140303A0FFF76AFB534620221C431543B80009D5C2
S2140303B02E20FDF751F94FF00052934B45F00805F8
S2140303C01A675A66F90606D52B20FDF745F910225B
S2140303D08D4B1A675A6617F0306F05D1FA046CD541
S2140303E0BBF1000F00F0B9803B0117D52920FDF7BC
S2140303F033F9874B5B6C13B11022864B9A60FFF779
S21403040043F948B1844B85497F4A53660B6701F528
S2140304104051C96848042BD445F0040517F0007B07
S21403042031D00420FDF7DEF92720FDF715F9FFF795
S21403043023FB4FF00072744B5A66794BD3F8C02EE9
S214030440520600F18380734B02229A60754B1B6839
S21403045023B17548002201210068984745F002053C
S21403046028E00B784FF400539EE74FF4004329E748
S214030470136720205366FDF7EFF82D2045F00C0593
S214030480FDF7EAF8CAE717F0807FDFF884A148D0C3
S2140304900420FDF7A7F92820FDF7DEF8DAF8783010
S2140304A0002B3BD1FFF7E8FA574B5B4A45F00105B3
S2140304B01A675A660022564B9A657A0509D55B4A2F
S2140304C09378002B00F0C880013B9370002348EA22
S2140304D00308534BD3F88C3E1B0603D52046294608
S2140304E0FBF7FEFD424620462946FEF703FF019B27
S2140304F00BB1FCF7E9FA01224D4B06F00436C3F8BC
S214030500E0604C4B19F4002FC3F884211EBF4FF450
S2140305100022404BDA6105B0BDE8F08FCAF878B028
S214030520C2E7F904C6D50420FDF75CF9424BCAF8C6
S2140305307430FDF787FADAF8643013F0407FB9D1E8
S2140305402A20FDF789F8FFF797FA76E7D3F88C3E6B
S21403055098063FF57BAF394B76E7394B1B6801337B
S21403056002D044F00104A8E7304A13794BB1013BAB
S214030570DBB2137113B9294B324A5A6700231C4363
S2140305809BE70420FDF72EF90320FDF72BF9204BFC
S214030590294A5A6701F0AFFF82460DF10F00FDF7B7
S2140305A0DDFD294B83461B780BB1FEF71BFEBBF123
S2140305B0030F0ED1DFF89CB00020FDF7CFFD032814
S2140305C007D1DBF87430D903F6D4DBF85C300C2B98
S2140305D0F2D99DF80F30032B06D101221B4B504650
S2140305E01A7001F08CFFC9E7194BD3F8E03013F407
S2140305F0A02FF2D1FEF70AFE504601F080FF4FF41B
S2140306008043BCE7CC23002000E001B81B2F00206A
S21403061000C001B8002002B81000002000D001B8C6
S214030620001000B0FC2200206C200020072F0020C2
S2140306300060005400E100E000000101001002B871
S214030640003200200000010D1A2F0020172F002073
S21403065000400054000002B80220FDF7C3F801234F
S21403066035E700BF0122024B1A62DA61704700BF0A
S214030670002002B80C4B10B5DC691A6A14400B4A0A
S21403068024F47F01D161E20704D5D868C0F3036080
S214030690FFF7E8FF630706D5BDE8104004220020F5
S2140306A00021FEF727BE10BD000002B8002002B8E6
S2140306B00C4A08B5936B526C13400B4A9363DB07E3
S2140306C00FD50A4B40F674321878122100F0010059
S2140306D0F9F72AFEBDE80840002201200021FEF7B4
S2140306E009BE08BD00C000B800E000B8900D0020A9
S2140306F0054AD2F88430DB07FBD4936FD2F8842004
S2140307001340024A93677047008001B800A001B8FF
S21403071070B514460D4601F0EEFE064BD3F88C6E0C
S21403072074402C407440C3F88C4E01F0E8FE06EA91
S214030730050070BD001000B0034BD3F88C3E994300
S2140307400CBF012000207047001000B053B94AB90F
S214030750002908BF00281CBF4FF0FF314FF0FF30C1
S21403076000F082B9ADF1080C6DE904CE00F006F88E
S214030770DDF804E0DDE9022304B070472DE9F04F0D
S214030780099D0C46002B4DD18A420F468446964659
S214030790B2FA82F360D94BB102FA03FEC3F1200228
S2140307A09F4000FA03FC20FA02F217434FEA1E4664
S2140307B01FFA8EF44FEA1C42B7FBF6F106FB1177DD
S2140307C001FB04F042EA0742904208D91EEB0202FC
S2140307D001F1FF3702D2904200F231813946121AF4
S2140307E01FFA8CFCB2FBF6F006FB102200FB04F4A7
S2140307F04CEA024C644508D91EEB0C0C00F1FF32A0
S21403080002D2644500F21E81104640EA0140ACEB7A
S214030810040C002125B12CFA03F30022C5E90032AB
S214030820BDE8F08F8B4205D90DB1C5E90001002163
S2140308300846F5E7B3FA83F100294DD1A342C0F089
S214030840F380904280F0F080064623460846002D4B
S214030850E6D0C5E90063E3E7002B40F0A3808A1ADD
S2140308604FEA1E471FFA8EF60121B2FBF7F407FB89
S21403087014204FEA1C4242EA004206FB04F0904270
S2140308800FD91EEB020204F1FF382CBF4FF001090B
S2140308904FF00009904203D9B9F1000F00F0CC8065
S2140308A04446121A1FFA8CFCB2FBF7F007FB102221
S2140308B000FB06F64CEA024C664508D91EEB0C0C08
S2140308C000F1FF3202D2664500F2B3801046ACEB6D
S2140308D0060C40EA04409DE7C1F120068B4004FA6B
S2140308E001FE22FA06F720FA06FCF4408A401F436C
S2140308F04EEA0C0300FA01FE4FEA17484FEA134983
S2140309001FFA87FCB4FBF8F008FB104449EA0444DA
S21403091000FB0CF9A1450ED93C1900F1FF3A2CBF98
S2140309204FF0010B4FF0000BA14503D9BBF1000FAD
S21403093000F08B805046A4EB09041FFA83F9B4FB3E
S214030940F8F308FB134403FB0CFC49EA0444A445F0
S21403095006D93C1903F1FF3801D2A4457BD8434698
S21403096043EA0040A4EB0C04A0FB02984445CC46A3
S214030970434602D306D1CE4504D20138B9EB020C66
S21403098068EB0703002D6CD0BEEB0C0264EB03048C
S21403099022FA01F304FA06F6CC4000211E43C5E909
S2140309A000643DE702FA03FEC3F1200104FA03F2F2
S2140309B000FA03FCCC404FEA1E4720FA01F11FFA67
S2140309C08EF6B4FBF7F00A4307FB1044110C41EA1A
S2140309D0044100FB06F48C420ED91EEB010100F124
S2140309E0FF382CBF4FF001094FF000098C4202D9A3
S2140309F0B9F1000F2CD04046091B92B2B1FBF7F4B5
S214030A0007FB141142EA014204FB06F1914207D99F
S214030A101EEB020204F1FF3801D291421ED844466F
S214030A20521A44EA004120E7861A64EB03030120C6
S214030A300DE7F44402384AE7023C724431E70239D0
S214030A407244CCE6F4440238DFE602383C4472E7EC
S214030A5002387144D0E7023B3C4481E7023C7244CF
S214030A60DEE72946DCE600BF704700BF08B5064B45
S214030A70044613B10021AFF30080044B1B6803B197
S214030A809847204602F06AFD000000001C2500205F
S214030A90002310B504468360818119464366C281EC
S214030AA008228361C0E90033C0E904335C300BF0ED
S214030AB054FF0D4B246263620C4BA3620C4BE36240
S214030AC00C4B23630C4B9C4206D003F16802944202
S214030AD002D0D0339C4205D104F15800BDE8104043
S214030AE00BF065BF10BD00BF81C80300A3C8030099
S214030AF0DBC80300FFC80300E4230020024A0349BF
S214030B0003480BF09FBE00BF2C3200202BCC030003
S214030B103C32002041680C4B994210B5044601D084
S214030B200CF083F8A168094B994202D020460CF0DA
S214030B307CF8E168064B994204D02046BDE8104095
S214030B400CF073B810BD00BFE42300204C24002033
S214030B50B424002010B50B4B04210B4C0B4A204643
S214030B601A600022FFF794FF04F1680001220921AE
S214030B70FFF78EFF04F1D00002221221BDE81040D9
S214030B80FFF786BF1C250020E4230020FD0A030090
S214030B9001480BF00DBF00BF1C2F002001480BF0CF
S214030BA008BF00BF1C2F002010B50446FFF7F0FF58
S214030BB0236A1BB1BDE81040FFF7F0BF044B236266
S214030BC0044B1B68002BF5D1FFF7C4FFF2E700BF09
S214030BD0150B03001C2500202DE9F7431D46574B34
S214030BE004460E461F68904627B13B6A13B938463B
S214030BF0FFF7DAFFB8F1020F06D0B8F1010F00F2E3
S214030C009980002DC0F29680636ED90705D4A38918
S214030C109A0502D4A06D0BF0CBFE214638460CF0A5
S214030C2004F8616B41B104F14403994202D038469B
S214030C3002F0DEFE002363630023A3616360A389DF
S214030C401B0603D52169384602F0D2FEA389B8F104
S214030C50020F23F44A6323F00303A38160D001AB9E
S214030C606A46214638460CF008F8A3891843A08143
S214030C702DBB009D284600F0D7F80646002851D124
S214030C80DDF80090A9453FD14FF0FF35B4F90C309D
S214030C9043F00202A2810022A26004F1470222600E
S214030CA0226101226261626ED60704D4980502D4DB
S214030CB0A06D0BF07EFE284603B0BDE8F083002E41
S214030CC0D8D03B6A13B93846FFF76EFFB8F1010F69
S214030CD0266002BFA38943F00103A381B4F90C3055
S214030CE013F00802C4E904651ED0D90745BF0022E5
S214030CF06D42A560A26048BFA561626ED20701D4AB
S214030D009B0513D50025D6E7484600F08DF8064622
S214030D100028B9D0A3894D4643F08003A381D0E7CA
S214030D200025B3E7A946F5E7A260E6E7A06D0BF05A
S214030D3040FEE7E74FF0FF35BDE700BF383200203F
S214030D400B46034902460868816800F075B800BF81
S214030D503832002038B50023054D044608462B607C
S214030D6002F0FAFB431C02D12B6803B1236038BDA3
S214030D702025002038B50446064D084611460022B5
S214030D802A601A4602F0F2FB431C02D12B6803B119
S214030D90236038BD2025002038B50446064D084696
S214030DA0114600222A601A4602F0E2FB431C02D1D7
S214030DB02B6803B1236038BD2025002038B50446D0
S214030DC0064D0846114600222A601A4602F0DEFB4C
S214030DD0431C02D12B6803B1236038BD20250020B5
S214030DE070B50D4D00260D4C641BA410A64209D108
S214030DF00B4D00260B4C0CF0F3FC641BA410A64210
S214030E0005D170BD55F8043B01369847EEE755F813
S214030E10043B01369847F2E73C3300203C3300207E
S214030E203C33002040330020024B0146186802F092
S214030E30DCBD00BF383200202DE9F04F0D469DB0D3
S214030E4014469846064618B1036A0BB9FFF7ACFE7C
S214030E506B6ED90705D4AB899A0502D4A86D0BF03F
S214030E60A7FDAB891B0701D52B699BB929463046DD
S214030E7000F026FA70B16B6EDC0704D54FF0FF3036
S214030E801DB0BDE8F08FAB899805F7D4A86D0BF0BD
S214030E9090FDF3E70023CDF80C804FF00109DFF84F
S214030EA0B481099320238DF8293030238DF82A3016
S214030EB023469A4613F8012B0AB1252AF9D1BAEB31
S214030EC0040B0BD05B462246294630460BF0A6FDA4
S214030ED0013000F0A780099A5A4409929AF8003024
S214030EE0002B00F09F8000234FF0FF320AF1010A27
S214030EF0049307938DF853301A93CDE9052354468C
S214030F000522544814F8011B0BF056FF049AD8B96F
S214030F10D10644BF20238DF85330130744BF2B2339
S214030F208DF853309AF800302A2B15D0079A54467A
S214030F3000204FF00A0C214611F8013B303B092BE9
S214030F404BD9B0B1079214E0A0EB0803A24609FA06
S214030F5003F313430493D2E7039B191D1B68002B6B
S214030F600391BBBF5B4242F0020207930793B8BFED
S214030F70049223782E2B0AD163782A2B32D1039B33
S214030F8002341A1D1B6843EAE37303920593DFF8E2
S214030F90D4A00322217850460BF00EFF38B1A0EB05
S214030FA00A004022049B013482401343049314F83E
S214030FB0011B062228488DF828100BF0FDFE00289A
S214030FC03FD0264B1BBB039B073323F00703083393
S214030FD00393099B3B4409936AE70CFB02320C46D6
S214030FE00120A8E7002301344FF00A0C19460593A5
S214030FF0204610F8012B303A092A03D9002BC6D015
S2140310000591C4E70CFB012104460123F0E703AB7B
S2140310102A4604A930460093114BAFF300800746D7
S214031020781CD6D16B6ED90705D4AB899A0502D442
S214031030A86D0BF0BEFCAB895B063FF51FAF0998A6
S2140310401EE703AB2A4604A930460093044B00F080
S2140310500BF8E4E79E0E0400A80E04000000000050
S2140310601DCA0300A40E04002DE9FF470F7E914618
S21403107080460C46782F9A460C9E01F1430207D809
S214031080622F0AD8002F00F0DD80582F00F0C380AF
S21403109004F1420684F842703AE0A7F16303152B85
S2140310A0F6D801A151F823F001110300151103002E
S2140310B09110030091100300911003009110030098
S2140310C01511030091100300911003009110030003
S2140310D0911003002B120300A3110300E311030076
S2140310E091100300911003004D12030091100300AA
S2140310F0A31103009110030091100300EB110300EA
S21403110033681A1D1B68326004F1420684F84230C5
S2140311100123A8E031682368081D30601E0601D548
S2140311200D6803E05D06FBD5B1F90050002D61683C
S21403113078DA2D200029A16084F843002DDA6D4269
S2140311405D480A231646B5FBF3F103FB1157C75D4B
S21403115006F8017D2F460D46BB42F4D9082B0BD16A
S2140311602368DF0708D5236961689942DEBF302309
S21403117006F8013C06F1FF36921B22614B4603AA92
S21403118021464046CDF800A00BF05AFC01306FD143
S2140311904FF0FF3004B0BDE8F08723F0040323606C
S2140311A0CDE721683368080653F8045B02D4490682
S2140311B048BFADB26F2F33603F4814BF0A230823DE
S2140311C0002184F843106668002EA660BADB216807
S2140311D021F004012160002DB4D1002EB2D11646B1
S2140311E0BCE7236843F0200323607827334823684B
S2140311F084F845701F06316851F8045B02D45F0615
S21403120048BFADB23160D90744BF43F02003236023
S2140312101DB11023D4E72848E9E7236823F0200309
S2140312202360F6E724480A23CDE733682568181DAC
S214031230616930602E061B6801D5196002E06806F6
S214031240FBD5198000231646236197E733680021F0
S2140312501A1D32601E68626830460BF0ADFD08B199
S214031260801B606063682361002384F8433085E74E
S2140312702369324649464046D047013088D0236822
S2140312809B0714D4E068039B9842B8BF184681E7CF
S2140312900123324649464046D04701303FF478AFF3
S2140312A00135E36803995B1AAB42F1DCEAE70025F4
S2140312B004F11906F5E700BFAF0E0400C00E0400E4
S2140312C038B5294B05460C46186818B1036A0BB99E
S2140312D0FFF76AFCB4F90C30190722D4DA0607D4F0
S2140312E009222A6043F040034FF0FF30A38133E026
S2140312F0580712D5616B41B104F14403994202D0F9
S214031300284602F075FB00236363A38923F02403B6
S214031310A3810023636023692360A38943F0080342
S214031320A38123694BB9A38903F42073B3F5007F24
S21403133003D0214628460BF0C5FCB4F90C3013F055
S21403134001020AD00022A26062695242A2612269A7
S21403135042B913F08000C5D138BD990758BF6269FA
S214031360A260F4E70020F7E73832002038B5002300
S214031370064D0446084611462B6002F0F0F8431C5F
S21403138002D12B6803B1236038BD00BF202500209F
S21403139038B50023054D044608462B6002F0E4F8F2
S2140313A0431C02D12B6803B1236038BD20250020DF
S2140313B0094A5168C84390FAA0F048B1B0FA80F0E1
S2140313C0042805DC012383400B43536040B2704777
S2140313D04FF0FF30704700BF4C2500200021034B21
S2140313E028220348C3E900110BF0B7BA4C250020A6
S2140313F02425002038B50546FFF7DAFF04460448DF
S214031400294600EBC4000BF04CFD204638BD00BF58
S21403141024250020C3B2042B10B515D804230B4A89
S21403142003EBC003134453E8002F0A4343E80024A6
S214031430002CF8D101220649824051E8003F1343AD
S21403144041E800300028F8D110BD00BF2425002055
S2140314504C250020F7B54FF0040C01260827184A40
S2140314601849194D106800B30B7806FA03F42042A6
S2140314701DD0E04352E8004F044042E8004EBEF160
S214031480000FF7D117FB03C32B4453E8000F43E8C1
S21403149000E4002CF9D1019048B1087801AA0B4961
S2140314A005EBC0000BF039FD012003B0F0BD0B784F
S2140314B0506883422EBF00230133DBB20B70D1E7A3
S2140314C04C2500201D2F002024250020785634129A
S2140314D038B505460C4601F015F8084B1B6853B1A2
S2140314E0D3E9042395429C412CBF0124002401F038
S2140314F00FF8204638BD1C46F9E700BF64250020D8
S2140315002DE9F0414FF0FF3425460746884600F0A4
S214031510F9FF144B1E68A6B900F0FAFFB5F1FF3FBA
S21403152008BFB4F1FF3F08D0BC4275EB080316D3DF
S214031530E71B65EB08083C46454620462946BDE8BA
S214031540F0817269D6E903315B1842F10002A342C7
S21403155072EB05013CBF1C4615467668DBE734464E
S2140315603546EAE7642500202DE9F74F109F0E461F
S214031570DDE90CA915469DF83CB008B1026882B9AE
S2140315803FB129463046B84740F2034003B0BDE8B2
S214031590F08F002DF8D0002EF6DB28460CF0A2F8CC
S2140315A0F2E7019000F0AEFF8046584600F0EEF9F1
S2140315B00446404600F0ACFF019B8CB947B1294670
S2140315C03046B8470320314600F09EFB1A20DDE77D
S2140315D0002DF7D0002EF5DB28460CF083F8F1E754
S2140315E0256200252360DFF880800E9BC4E906A9E8
S2140315F0A660E360A762D8F8003084F824B065607C
S21403160098471AEB000649EB010900F07BFF144BE1
S2140316100746D3F800E0C4E9046972462AB1D2E962
S2140316200401864279EB010111D2A5B9C4F804E09E
S2140316301C600C4B1C682CB1D8F800309847FFF799
S2140316405FFFA047384600F063FF00209EE751681F
S21403165015460A46E2E76A6862606C60E9E700BF1F
S21403166064250020542500205C2500202DE9F74F33
S2140316704FF0000881460D4692461E4600F042FF94
S2140316804746DFF87CB00190DBF800408CB9B8F130
S214031690000F08D0184B1C682CB1184B1B689847D2
S2140316A0FFF72EFFA047019803B0BDE8F04F00F008
S2140316B02FBF22684A4511D12DB1A268296822F0AE
S2140316C000428A420AD126B9626857B9CBF800208D
S2140316D008E05146206AB0470028F5D027466468DC
S2140316E0D4E77A60D4F8048020460BF086FB4446A1
S2140316F04FF00108CAE700BF542500205C250020F0
S21403170064250020014B1860704700BF5425002055
S21403171070B50E46094904460846154602F0F0F829
S2140317200023074A30211360064A07201660064A3C
S21403173015602246BDE8704000F0C2B8D10E040022
S214031740642500205C2500205825002070B504463B
S214031750164618460022002386B0CDE904230B4B19
S2140317600D461B6813B9212006B070BD04A998471F
S2140317700028F8D1DDE904230290CDE900232946A9
S214031780324620460BF073FBEEE700BF58250020D9
S214031790F8B5054610200F46164600F0CBFA044669
S2140317A001461022074802F0B0F844B10123002096
S2140317B0E3602B68C4E9017623602C60F8BD1A2029
S2140317C0FCE700BFD10E04002DE9F84F814688469A
S2140317D00027DFF8B4A0294E48464146FFF778FEB7
S2140317E0D8B900F08FFE264B06461B689847FFF7CE
S2140317F087FE05460C464FB1B1F1FF3F08BFB0F177
S214031800FF3F03D01F4B1B6803B19847304600F0D9
S2140318107FFE28462146BDE8F88F00F073FEDAF80F
S214031820004084B16368CAF8003000F071FEA36814
S214031830346033F000430AD130680BF0DEFA00233D
S21403184001273360C8E700F063FE3460C4E723680B
S214031850002BF1D01D68002DEED0A26832F00043B5
S214031860EAD0D5E9007B236A2168A868D847002810
S214031870E2D1002FE0D03D46EFE700BF6025002011
S2140318805C2500205425002064250020F8B5044676
S2140318900D4600F037FE094B1B684BB1D3E90667CC
S2140318A0C4E90067DB682B60BDE8F84000F030BE93
S2140318B000260027C4E90067F5E700BF602500207F
S2140318C02DE9F0474FF6FC78002416461B4F0331EC
S2140318D01B4B07EB001501EA08084FEA001A1B68C2
S2140318E06A80814627F80A8002FB08F0EC60984776
S2140318F018FB06F39BB2024668602B81D8B11149E8
S214031900284651F8291001F0FDFF21462A89686808
S2140319100BF023F8214623469E4204DC002057445E
S2140319207E80BDE8F0876A68E86854185050013333
S214031930EC604144F0E71A20F3E700BF1C1E0020CA
S21403194068250020D00F040038B5094C04EB0015B9
S2140319506B682BB1284601F0D7FF68680BF0C2FE10
S2140319602846BDE83840102200210AF0F6BF00BF23
S2140319701C1E0020034B0201C3E90010002102488D
S2140319800AF0EBBF682500201C1E002038B5094B63
S214031990020103EB0015EC68284621469A5A01F02B
S2140319A0B4FF24B12368EB606B88013B6B80204651
S2140319B038BD00BF1C1E0020024B03EB00139878B3
S2140319C0704700BF1C1E002030B4064C04EB001307
S2140319D0DD685A880D600132184630BCD9605A80DB
S2140319E001F094BF1C1E0020044A010102EB001301
S2140319F0505A10B11B89B3FBF0F070471C1E002031
S214031A000020124B10B51870114B124C1860124B75
S214031A10206018706060A060FFF7E6FF80B2A0F158
S214031A200E036380A0F11403013060810B49201D6F
S214031A30E38001F065FF2046094901F061FF04F1E8
S214031A4008000849BDE8104001F05ABF1F2F0020C8
S214031A5088250020E02500201E2F002014100400F7
S214031A601D1004002710040070B5044680B300F070
S214031A7049FD637905466FF382036371237913F097
S214031A80100605D010232371BDE8704000F040BD5A
S214031A90104903F0030331F823203046013A21F8B6
S214031AA023202146FFF790FF0B4B0C4E1C681CB9F6
S214031AB00A4B28461C70E7E7237A1BB933781BB911
S214031AC02468F4E7012BFBD1204663689847F7E7C1
S214031AD070BD00BFE0250020882500201F2F0020B2
S214031AE010B5044600F00EFD034B1A6822601C6016
S214031AF0BDE8104000F00CBD8825002010B5064B4D
S214031B0000F0E0001A78541C1C70044B03F83200F3
S214031B1003EBC203596010BD1E2F00207025002062
S214031B202DE9F04F0446460789B048BF00F0F70496
S214031B300492029100F0E6FC604E04F0030706EB05
S214031B40870336F827205B8881469A4204F0EF0A1B
S214031B504FEA870830D20020FFF718FF054638B350
S214031B6036F827304846013326F8273000F0D0FCF5
S214031B7028460BF024FC029B029AAB71049B85F863
S214031B8004A01344EB7100F0BDFC80464C4B1C686C
S214031B90002C40F08B80404600F0BAFC06EB870032
S214031BA04522294601F0B1FE284609B0BDE8F08F6C
S214031BB001224846434B1A7000F0AAFC25071DD5A0
S214031BC01F2C1BD904F0E003B044039300F09AFCE7
S214031BD0B8F8023036F827904FF0000B99452CBF23
S214031BE000230123DFF8E480019300F091FC06EB69
S214031BF087030593344B1B789B4508D384F0040076
S214031C005146C0F3800000F07FF80025C6E798F839
S214031C100030039A1A4204D0D8F80490D9F800305A
S214031C2023B90BF1010B08F10808E3E707935A7988
S214031C30D00708D51A79510705D5019941B98AEA1B
S214031C400202920704D099461B68002BEFD1E5E702
S214031C5048460BF04BFA0579079007A80BF028FACD
S214031C602946002000F050F800F04CFC059B36F89F
S214031C7027205B8805469A4234BF0123002301933D
S214031C8009D20020FFF782FE079058B136F82730B6
S214031C90013326F82730284600F03AFC079D002D2E
S214031CA0BCD065E70122074B1A70F4E7237A012BB1
S214031CB002D1204663689847246869E7E025002038
S214031CC0882500201F2F00201E2F002070250020AF
S214031CD00022014B1A6070478C25002010B504467D
S214031CE000F010FC074A13682BB914602360BDE8A4
S214031CF0104000F00DBCA34202D01A461B68F3E75F
S214031D0010BD00BF8C25002070B505460E46054B5A
S214031D101C6804B970BD6368314628469847246832
S214031D20F7E700BF8C2500200149084601F0E8BD0F
S214031D3034100400012838BF012038B5C41C24F031
S214031D400304204601F017FE0546014622460848CE
S214031D5001F0DBFD2DB921460220FFF7D5FF28460B
S214031D6038BD2246002128460AF0F7FDF7E700BFF4
S214031D703410040010B5064C237823B9E7F778F837
S214031D8018B901232370002010BD40F20740FBE77B
S214031D90202F002038B50B4B04461B780D464BB15D
S214031DA021462846E6F784FF002840F2074008BF8E
S214031DB0002038BD04490548FFF7DCFF0028EFD0B4
S214031DC0F7E700BF202F0020EFBEADDEBEBAFECA87
S214031DD0074BDA69D20407D51B6A40F2044013F0B6
S214031DE0010F18BF0020704740F20440704700BF41
S214031DF00080E00F63289FBF0A22B0FBF2F302FBCA
S214031E00130000EB031094BFC0B2FF20704770B5F9
S214031E1004460220A17007212070E1700120FF21F3
S214031E206271120AA271217160701846FFF7E2FF11
S214031E30E0719DF81000FFF7DDFF20729DF8140097
S214031E40FFF7D8FF60729DF81800FFF7D3FF079ED1
S214031E50A07230460AF0C3FD0E2893BF05460E2532
S214031E60082309232A462373EDB2314604F10D00F5
S214031E700AF08AFD6B1C0D35E372257770BDF8B545
S214031E80044610460D461946FFF7B4FFE0710846B0
S214031E90FFF7B0FF9DF8187020723846FFF7AAFFC9
S214031EA09DF81C6060723046FFF7A4FF0021A07205
S214031EB023462846227FF0F7A9FD022806460ED1C0
S214031EC02846F0F791FD234600212846227FF0F7A7
S214031ED09DFD31462846BDE8F840F0F7ADBDF8BD98
S214031EE030B100210268084653881288E0F7F2BD35
S214031EF00520704737B50446A8B14568FFF7F0FFDD
S214031F00014668B922681389528953430193EBB299
S214031F100093C5F30742C5F30723E0F7FBFD01462D
S214031F20084603B030BD0521FAE7024658B1118AC8
S214031F30936952698089013301325B1A121A9BB284
S214031F4092B2E0F7C7BD05207047F0B4C8B1C1B17F
S214031F500E688C68A64217DA4D68CA68954213DA8B
S214031F6056EA050112D401680F88BC420EDA498886
S214031F708A420BDAC0E90365C0E90542F0BCFFF705
S214031F80D4BF0520F0BC70470420FBE70320F9E725
S214031F9073B50D461646044690B10C3000F02FF884
S214031FA080B10123A2680193D3B20093B1B2C2F306
S214031FB00723A8B2C2F30742E0F7ACFD02B070BD38
S214031FC00520FBE70120F9E773B50D4616461C46C8
S214031FD088B10C3000F013F878B101230193E3B213
S214031FE00093C4F30742C4F30723B1B2A8B2E0F7E1
S214031FF091FD02B070BD0520FBE70120F9E778B13B
S21403200003688B420BDC83688B4208DB436893428E
S21403201005DCC0689042B4BF002001207047002052
S21403202070472DE9F04F85B002921A469DF8383076
S21403203004460393002800F08180A1F12005EBB24B
S2140320405E2B7DD890F82830022B1AD13A291AD065
S21403205020291AD030398DB2238CAB4270D94FF079
S214032060000B90465E46E369019394F825101FFA29
S2140320708BF399420BD8B6FA86F0400905B0BDE853
S214032080F08FADB2E8E70A25E6E70B25E4E794F818
S2140320902230012B05D0022B1ED0019B53F825A01E
S2140320A002E0019B13F805A04FF0000994F82430D2
S2140320B01FFA89F7BB4213D894F8243094F82710F4
S2140320C00B449F422ADB94F823300BF1010B2B447D
S2140320D09DB208F10108C8E7019B33F815A0E3E7B2
S2140320E01AF0010F0FD0029B4246204603EB09016C
S2140320F0FFF74EFF0128C1D800B901364FEA5A0A46
S21403210009F10109D2E7039B002BF7D00299424657
S214032110204663684944FFF757FFEBE7039B53B139
S21403212002994246204663683944FFF74DFF01286B
S214032130A4D800B901360137BFB2BDE705209DE735
S21403214002209BE72DE9F74F0C9F0C469846054661
S2140321509DF834A070B369B390F8283063B3C346D0
S2140321604FF000098E18B44205D1B9FA89F0400938
S21403217003B0BDE8F08F14F8011B0A2907D195F8C0
S2140321802530C3463B4495F826701F44EBE73B4691
S2140321905A462846CDF800A0FFF743FF0128E7D8A4
S2140321A008B909F1010995F8243095F82720134456
S2140321B09B44D8E70520DBE70220D9E708B520B122
S2140321C01C3021B910220AF0C8FB052008BD01F116
S2140321D0100351F8042B994240F8042BF9D1002040
S2140321E0F4E72DE9F0470446084691461E460D4699
S2140321F00AF0F5FB94F824100246414394F8253080
S21403220094F82600012E03440998089F09FB03004F
S2140322109DF828800BD0022E0ED00023CDE90808A7
S214032220294620463B44BDE8F047FFF78BBF2368AB
S2140322301B885B1A5B08F1E723681B885B1AEDE7CC
S21403224070B50C4606688D18AC4201D1002070BDEF
S21403225014F8011B304691FAA1F1090E00F061FA59
S214032260F2E7026893699B06FCD5704710B5012315
S214032270042205210020E2F7A1FE002301221846CE
S2140322800621E2F79BFEBDE8104004220123114617
S2140322900320E2F793BE012313B503221846002159
S2140322A0E2F78CFE0123032219461846E2F786FE60
S2140322B00023042202210320E2F780FE03210023E9
S2140322C008460422E2F77AFE1A20E4F7ABFE19204A
S2140322D0E4F7A8FE0124002320461A461946CDE952
S2140322E00044E2F725FE0023224621462046CDE998
S2140322F00044E2F71DFE02B010BD2DE9F0411E4674
S214032300142430230F4603FB00449046002004F1B8
S214032310A04404F570342568FD4005F00105A84582
S21403232004D0B04200F1010506D32846B0422CBFC4
S21403233000200120BDE8F0810120E6F77BFA28465D
S214032340E9E708B5E6F798FABDE80840F0F7AEB94E
S21403235010B50446E1F796F92046E0F747FF204616
S214032360E0F78CF910BD0120704700B5C3B0EDF758
S214032370EDFF05F080FB48B1FFF7F5FF30B101A88C
S21403238006F0BCF910B901A8FFF7E2FF43B05DF809
S21403239004FB00F045B808B5E1F718FDBDE80840B2
S2140323A0E1F7ACBB08B500F030F8E5F783FFE5F7D7
S2140323B05FFBE4F77FFE00F036FCE6F759FD00F01E
S2140323C0BBFCBDE80840E1F701B908B5E3F79EF9A1
S2140323D000F0ACF9E3F7AAF900F0AAF9BDE8084063
S2140323E0FFF7AFBFE1F71EBA7047E1F745BBFFF74C
S2140323F0BCBF7047E1F7F8B882B002AB03E903004D
S214032400012002B07047704770470F2070470422C0
S21403241008B5114601230320E2F7D0FD002008BDCE
S214032420042208B5114600230320E2F7C7FD002067
S21403243008BDFFF7ECBF70B5002506462C46052CF5
S21403244020D8DFE804F003070B0F13175B210820DF
S214032450E1F722FD0C210820E1F71EFDD12108201B
S214032460E1F71AFD80210820E1F716FD0021082078
S214032470E1F712FD6C1C2946E4B208202546E1F775
S2140324800BFD0624A4F10E03012B05D85A210820C0
S214032490E1F702FD0134D2E7102C05D1BDE8704008
S2140324A05D210820E1F7F8BCB31F195DEFE70123B0
S2140324B007B520F07F4040EA8170019068468DF8AA
S2140324C00030FFF7B8FF03B05DF804FBFEE74AB140
S2140324D0002310B550F8234041F8234001339342BC
S2140324E0F8D110BD7047002070474FF40040704786
S2140324F04FF47A707047EFF3108072B6704700B9E6
S21403250062B67047EFF31180302383F31188704768
S21403251080F31188704700230360704703680B60DD
S214032520016070474FF060420123D2F8001E8340DB
S2140325300B430020C2F8003E70474FF06041012273
S214032540D1F8003E824023EA02030020C1F8003E91
S214032550704710B588B004460E98009207900D9801
S214032560224606909DF8300005900B9804909DF83F
S214032570280003900020CDE901300B460121E1F746
S214032580ADFC08B010BD704713B5044601A8E2F7CA
S21403259091FE9DF8063023804FF480736380E2F744
S2140325A0B1FE6060002002B010BDE2F70DBE08B5B4
S2140325B0E2F7FEFD002008BD10B5044644EA010319
S2140325C013F00303084609D1934201D1002010BD3E
S2140325D054F8231040F823100133F5E72146920000
S2140325E00AF0F0F9F2E70A4601390144E5F7A2BA20
S2140325F008B5E1F73BFBBDE808400021E1F714BF4F
S21403260002210320E2F7BAB908B5FFF7F1FFBDE8E8
S2140326100840FFF7F5BF10B50446E1F715FB0021A8
S214032620E1F702FF1CB1BDE81040E2F797B910BD11
S214032630704770B5054614460E46FFF75CFF2B68D9
S2140326405C4034405C402C60BDE87040FFF757BFE9
S21403265070474FF0B0435A6812B19A6A002AFAD10B
S214032660704738B50546144619B90320E2F7F0F863
S214032670014601396400B1FBF4F10902E96138BD92
S214032680012200F580535A60CB43934003F00A03BC
S2140326904361416111B900F500504260704738B597
S2140326A00D46E2F78BFE012200F580535A602B8A13
S2140326B0826843F001031343AA7B044643EA82235A
S2140326C0836083682A7D43EA42738360AB7C13B1DD
S2140326D0E97CE2F721FED5E901122B7B204643F481
S2140326E08053E360FFF7BDFF6B7B0BB11023636181
S2140326F06B7D1BB1A36843F48033A360AB7D1BB132
S214032700A36843F40043A360EB7D2A7E1B071205F0
S21403271003F0E04302F4E0021343A3652B786361FE
S21403272038BD83695B06FCD5C1637047F8F750B9BB
S214032730002307B5CDE90033012369464FF0FF3088
S2140327408DF8023009F0EEFB03B05DF804FB0020C1
S2140327507047B0F5802F22D010D8B0F5003F20D0B8
S21403276007D818B3B0F5803F08BF482018BF01202C
S2140327707047B0F5403F08BF2C20F7E7B0F5302F81
S21403278011D007D8B0F5E02F0FD0B0F5202F08BF33
S2140327901020EBE7B0F57F0F08BF0620E6E74B20D7
S2140327A070472A207047112070472120704708B5CC
S2140327B070B100F01BFA4FF098435A6CD202FCD566
S2140327C0586D10F4702004D0BDE80840FFF7C1BF71
S2140327D0212008BD08B528B1202200210AF0BDF843
S2140327E0002008BD2120FCE708B1FFF7F3BF212036
S2140327F0704710B508B9212010BD0029FBD0036827
S21403280013F0704205D1C3F30E030B607BB10020B7
S214032810F2E703F05044B4F1004F05D0B2F1304F65
S21403282002D0B2F1404FE6D103F07F03EDE74368F1
S214032830002BE0D00B60EAE773B50D46064610B9E9
S214032840212002B070BD0029FAD0002301A901930C
S214032850FFF7CFFF0028F4D13468019B14F07044CF
S21403286003F1030323F003030AD0B168B4F1004F66
S214032870C1F38032C1F3403104D102EB410253432A
S2140328802B60DEE7B4F1204F01D10A44F7E7B4F139
S214032890304FFAD0B4F1404FF7D0D1E72DE9F347E4
S2140328A00D4690469A460446F0B1E9B106680F68AD
S2140328B006F07049BE422AD0B9F1004F11D186EA1C
S2140328C00703B3F1805F13D3BAF1000F36D1B8F123
S2140328D0000F1FD0A368AA68534013F4E04F19D023
S2140328E002E0B9F1404FEAD0212002B0BDE8F087FC
S2140328F00023204601A90193FFF77BFF0028F3D1AD
S214032900019AC2F30E0216431743BE42ECD1B9F145
S214032910000FD9DB0023694620460093FFF769FFC3
S2140329200028E2D1019001A92846FFF762FF00289C
S214032930DBD1DDE900239A42D7D0D5E7AA68B8F100
S214032940000F03D0A3685340D904CDD49304E1D435
S214032950CAE773B50C46002876D0002974D0002346
S2140329600B60036803F070430B60C26822B1032A4E
S2140329706AD143F080630B608368C2689D0103F0ED
S214032980407154D5B1F1407F54D0002A5CD04FF04B
S2140329900073226822F040721A432260C368032B36
S2140329A009D10369F62B4FD91B0403F47F0322F4E2
S2140329B07F021343236083681E0442BF236843F4E5
S2140329C000432360C368032B09D02368026823F4FB
S2140329D0FF4323F07F03C2F30E0213432360026810
S2140329E08368002A08DA5D0403F400512ED459B331
S2140329F0226842F400522260026802F0704202F13A
S214032A000042B2F1804F05D25A0542BF226842F413
S214032A1080622260056815F070461ED5002301A962
S214032A200193FFF7E6FE00282ED002B070BDB1F189
S214032A30407F03D142B14FF04073AAE703F080739F
S214032A40002AA6D1002BA4D02120EEE7226842F468
S214032A50804222600029CBD1CEE713F4C843F3D1DA
S214032A6001A90193FFF7C5FE0028DED1002EEBD1A6
S214032A702368019A23F4FF4323F07F03C2F30E0275
S214032A80134300202360D0E705F05045B5F1004F0F
S214032A9005D0B6F1304F02D0B6F1404FD4D1019BEA
S214032AA02268013B03F07F0322F07F02E8E738B198
S214032AB031B101234B604FF0005300208B60704709
S214032AC02120704737B50C46054610B9212003B0C0
S214032AD030BD0029FAD001234B60C36893B901A91E
S214032AE00193FFF7A9FE0028F1D1019B6A699A4278
S214032AF006D32A6943F0005322600020A360E6E76A
S214032B001D20E4E7032BE1D10023F6E770B50E465C
S214032B10054688B000284AD0002948D000234FF045
S214032B2000718360C0E90013C36105A93046FFF74F
S214032B3010FF0446002835D12846059900F04DF8C5
S214032B40012303934FF00053284602A9049300F091
S214032B5030F8304605A9FFF7B5FF044610BB2846F4
S214032B6005A900F030F82846FFF721FE0446C8B949
S214032B70F368BBB93368B3F1805F13D2019001A940
S214032B803046FFF736FE90B9019B9A070AD0726962
S214032B9093420AD83069D21A002102F0030218447D
S214032BA009F0DBFE204608B070BD1D24FAE7212499
S214032BB0F8E7436813B9416070475B685A68012AAF
S214032BC0FBD159607047836813B9816070475B68AF
S214032BD05A68012AFBD159607047C369032B9FBF0C
S214032BE000EB83020133D160C3617047C369042BD2
S214032BF014D84FF09842116CC902FCD504339B00DD
S214032C0013650168103B11604168116050F8081F96
S214032C1011604FF098420344984200D1704750F831
S214032C20041F1160F8E7FFF792BDF0B51546492279
S214032C308FB0149C8DF8242004F10C060DF12502A8
S214032C4054F8047BB44242F8047BF9D12478147018
S214032C504FF48074ADF834409DF8544000228DF84C
S214032C60364004240694169CCDE9001505941324D7
S214032C70049409ACCDE902340B4611468DF8322094
S214032C808DF83350E3F71CF90FB0F0BD30B5C02A0A
S214032C9093B02FD0B2F5807F29D0802A2CD14FF461
S214032CA0807480F00100204301901698012502905D
S214032CB010242120039504940590069301AB0795F1
S214032CC0089409900A9306AB0B9304230C931123E1
S214032CD00D930AAB0E910F9340F61103D20802A987
S214032CE00EA810921193E3F7BBF813B030BD4FF460
S214032CF08274D6E70F20F8E72920F6E71FB5079C6E
S214032D0002949DF81840CDE9003413460A4601465E
S214032D100020FFF78AFF04B010BD1FB5079C02947E
S214032D209DF81840CDE9003413460A4601460120B3
S214032D30FFF77BFF04B010BD08B5E3F715FABDE84F
S214032D400840E3F741BA10B50446FFF7D4FB4FF04B
S214032D50A8431A6822601B696360FFF7D0FB002054
S214032D6010BD10B50446FFF7C6FB4FF0A843226814
S214032D701A6062681A61FFF7C2FB002010BD70B5C7
S214032D8006460D4614468CB0CAB11022002108A888
S214032D9009F0E3FD002207AB029305AB019306ABF4
S214032DA000933046294608ABCDE90522E3F752FAED
S214032DB018B9099B6360059B23600CB070BD6FF068
S214032DC08600FAE708B5FFF7C2FC002814BF6FF0C9
S214032DD09200002008BDF0B51C46002389B023608E
S214032DE00F461646FFF7B3FC70B96846FFF7F2FCCA
S214032DF0054648B9324639466846E2F7ADFE10B98D
S214032E00266009B0F0BD25606FF09200F9E720F068
S214032E100803102B05D0202814BF6FF0860000206F
S214032E207047002070472DE9F0411C46436806466C
S214032E301B0A8846154688B051D1028822F0FF0344
S214032E40B3F5824F28D14388413AD2B20733012AD9
S214032E504FEAD30346D90A78042A18D16F1EB7EB74
S214032E60430F01F1010812D11D462246294630467A
S214032E70E3F740FD68B9033727F00307C4E90308FF
S214032E8067615DB920220021204609F066FD6FF0D8
S214032E90860008B0BDE8F0812F46E6E7014620220B
S214032EA0684609F05AFD6A4629463046E3F722FD8E
S214032EB00028E7D12368009A9A42E3D16368019A0F
S214032EC09A42DFD1A368029A9A42DBD1A369069A93
S214032ED09A42D7D1E369079A9A42DAD0D2E76FF0DB
S214032EE08B00D6E76FF08500D3E7406810B5000A7D
S214032EF0029C07D19A4208D3033222F003022161CF
S214032F00626110BD6FF08B00FBE76FF08C00F8E793
S214032F102DE9F047884691461F46054692B078B19C
S214032F2071B16AB14388DA1D072A4FEAD2065AD02E
S214032F30008800F4E040B0F5805F04D15B0708D05A
S214032F406FF0860428E0B0F5005FF7D0B0F5804F49
S214032F5049D00DF1080A20220021504609F0FDFC55
S214032F60524631462846E3F7C5FC0446A0B9334625
S214032F704A4641462846CDF800A0FFF7B6FF04466A
S214032F8050B9014620220AA809F0E7FC0AA8FFF771
S214032F9021FC28B16FF09204204612B0BDE8F087FA
S214032FA051460AA8FFF7B2FD48B1482818D16FF07A
S214032FB085040AA8FFF718FC0028EDD0EAE76B683B
S214032FC03C601B0AF3D12A8822F0FF03B3F5824F35
S214032FD004D1413AD2B2012A88BF01363E60E8E7FF
S214032FE06FF09204E5E76FF08504D5E72DE9F04F1F
S214032FF0B3B08846DDE93CAB91461E46074628B982
S2140330006FF08604204633B0BDE8F08F0029F7D072
S214033010002AF5D0002BF3D0BAF1000FF0D0BBF1A5
S214033020000FEDD02022002102A809F096FC4A46A4
S2140330304146384602ABFFF7F6FE04460028E1D1C8
S2140330400AAD0DF1080CBCE80F000FC59CE80F0095
S21403305085E80F003C22214623A8229409F07DFC34
S2140330601C22214613A8129409F077FC3B887D881E
S21403307003F44F430735B3F5824F4FEAD50531D1F5
S2140330806F4217F003072DD0059B9BB9A945B7D30D
S2140330900DF148093A460021484609F05EFC2A46E7
S2140330A0414609EB070009F08DFC0023CDE90539FD
S2140330B020230793402322A900220F930C9BCDE9DC
S2140330C00D2123F0807323F4804343F4005301A9B6
S2140330D00AA80C930192FFF7AFFB014648B16FF0C5
S2140330E092048FE70AF102030027711C23F00303FF
S2140330F0E2E7019B0133A3EB4703534501934CD807
S21403310020221AA809F029FC1AA8FFF763FB002857
S214033110E5D10AAA02A91AA8E2F712FE01288046F8
S21403312038D060B1482814BF6FF092046FF085045E
S2140331301AA8FFF759FB00283FF464AFCFE7DDF882
S214033140049027B904233370CBF80090F0E709F115
S214033150FF3A4FEA5A0ACAF10007731C07F003073F
S21403316022A952461846394409F02CFC5246034617
S2140331700AEB470122A80144981809F023FC002D06
S214033180E0D0013D12AB013D83F8008003F101035B
S214033190F9D2D7E76FF08B04CAE76FF0890431E7FB
S2140331A010B4048804F4E044B4F5805F06D0B4F5A4
S2140331B0005F03D05DF8044BFFF7AABE6FF08500EF
S2140331C05DF8044B704770B40488DDE9035604F4D5
S2140331D0E044B4F5804F04D0CDE9035670BCFFF746
S2140331E005BF6FF0850070BC7047E3F74FBAF0B5C4
S2140331F0044615461F460E468DB019B96FF0860075
S2140332000DB0F0BD0028F9D02022002104A809F053
S214033210A4FB2388CDE90865B3F5105FEED1638878
S214033220C02B16D0B3F5807F15D0802B15D1102078
S2140332308542CDE90400E1D3169B39460293159BDC
S21403324004A80193149B0093DDE91223E3F794FC8F
S214033250D6E71820ECE72020EAE76FF08500CFE7F3
S214033260F8B50E4614461D46074600283DD0E1B382
S21403327002B9D3BB5C220021384609F06EFB314607
S2140332803846069AE3F7E2FCA0B97288D208182AF1
S214033290BA6510D0202A1BD0102A26D10F2D24D988
S2140332A007F1380304F1100254F8041B944243F860
S2140332B0041BF9D1F8BD172D17D907F1380304F10C
S2140332C0180254F8041B944243F8041BF9D1F1E79F
S2140332D01F2D0AD907F1380304F1200254F8041B02
S2140332E0944243F8041BF9D1E4E76FF08600E1E764
S2140332F0FFF7B6BF70B50D461646044688B098B1BC
S21403330001B98AB900212022684609F026FB214626
S2140333106846E3F751FD28B933462A4669462046F0
S214033320E3F7B8FC08B070BD6FF08600FAE7F0B5B7
S2140333300D4616461F4604468BB0A8B1A1B19AB1F6
S21403334093B10021202202A809F007FB214602A818
S214033350E3F732FD30B933462A462046009702A9E2
S214033360E3F7D6FC0BB0F0BD6FF08600FAE708B5BE
S21403337028B15C22002109F0F0FA002008BD6FF0A6
S2140333808600FBE7E3F702BA00F00DB809B100F0D8
S2140333900CB82220704709B100F048B822207047C5
S2140333A0012100F07DB80020704770B506460D4633
S2140333B0FFF7A8F804461C2E35D8DFE806F00F18EA
S2140333C0341C1E203422243434342628342A2C2E4B
S2140333D0303434343434343434343200E0F71AFCC2
S2140333E0002628602046FFF793F8304670BD01207C
S2140333F0E1F72EFAF4E70320FAE70420F8E70C20B7
S214033400F6E70220F4E70620F2E70720F0E70820B5
S214033410EEE70520ECE70920EAE70A20E8E70D20B7
S214033420E6E71020E4E700202126DAE770B5064633
S2140334300C46FFF767F805461C2E2DD8DFE806F086
S2140334400F0F2C0F0F1E2C0F222C2C2C24282C1E77
S2140334501E1E2A2C2C2C2C2C2C2C2C2C1E00002034
S214033460E1F758FB4FF6FF73984220800CBF0E24FB
S21403347000242846FFF74CF8204670BD002323801F
S2140334800F24F6E70620EBE70720E1F737FBE9E72B
S2140334900820FAE70D20F8E7002323802124E8E735
S2140334A000207047E3F7AABC70B50C46154610B962
S2140334B0E3F7F4FD38B143682BB12A462146BDE84D
S2140334C0704000681847232070BDF7B50D461646B2
S2140334D01C4648B103B901AC87685FB12346324640
S2140334E029460068B84706E0E3F7D8FD04B901ACFF
S2140334F00028F1D1232003B0F0BDF8B50C461546DD
S214033500064658B9E3F7CAFD20462946FDF718FCD8
S2140335100446002CD4BF37200020F8BDE3F7BEFDD9
S21403352086420746F0D03046E3F7ACFD29462046F0
S214033530FDF706FC04463846E3F7A4FDE9E70EB4B8
S21403354003B503AA52F8041B0192FFF7D6FF02B095
S2140335505DF804EB03B0704700207047FEE74FF4B6
S214033560005300204B6070470120704700207047CF
S21403357007B5002001AB0190FFF7A7FF01980028CD
S21403358008BF4FF0FF3003B05DF804FB10B51446D8
S2140335900020FFF789FF204610BD034670B190F860
S2140335A0382090F83C002AB1022803D1012283F880
S2140335B03C20704704284FF00102F8D001207047E2
S2140335C080F82C10704790F82C00704790F839005C
S2140335D070473022037A534303F1A04303F5802355
S2140335E0D96ED0E903231344994214BF0846104604
S2140335F0704770B504460568E3F750FD844202D170
S2140336000020E3F73FFD95F93600E3F719FD95F93A
S2140336103600E3F7F5FC95F93700E3F711FD95F966
S2140336203700E3F7EDFC287AE0F702FE287AE0F7A6
S21403363065FDE0F741FD00232846C4E90033C4E9ED
S2140336400433A360AB6ABDE870401847F8B5044678
S2140336500D4690F8393081B173B990F83A60FEF7A9
S2140336604AFF054601213046E4F794FB2846FEF759
S21403367046FF012384F83930F8BD002BFCD090F8C0
S2140336803A70FEF738FF064629463846E4F782FBCB
S2140336903046FEF734FF84F83950EDE72DE9F8435A
S2140336A0044616460D4690F82C80FEF72BFF94F83A
S2140336B0382003469AB1FEF72BFF94F83B90FEF7AB
S2140336C01AFF074601214846E4F764FB3846FEF72F
S2140336D016FFFEF717FF0022034684F83820184625
S2140336E0FEF716FF2E44B54204D101212046236A75
S2140336F098473DE094F82D302BB3FEF703FF237E67
S2140337000746EBB12046FFF764FFE16801388842BD
S21403371038BF2069D4F830C03CBF00F1FF304018F2
S21403372003469C450BD013F80129112A01D0132A0E
S21403373021D1A2F111035A425A4184F8342020635E
S2140337403846FEF7E5FE94F83430002BCBD0B8F1BC
S214033750000F06D02B780A2B03D10D212046E369F0
S21403376098472046E36915F8011B98470028BAD006
S2140337700020BDE8F883994282BF236903F1FF3333
S2140337805B18CEE7F8B590F83830044603F0FF062A
S214033790A3B93146036A9847012384F8383094F86E
S2140337A03B70FEF7A8FE054631463846E4F7F2FAC4
S2140337B02846FEF7A4FE022384F83C30F8BD026CCC
S2140337C0D36C43F00403D364704710B50446026C0D
S2140337D093695906FCD5002394F846101A4694F8C4
S2140337E04500E1F7EBFB002394F848101A4694F8DB
S2140337F04700E1F7E3FB94F84D30DA0707D50023DB
S21403380094F84A101A4694F84900E1F7D7FB94F85F
S2140338104D309B0707D5002394F84C101A4694F8AE
S2140338204B00E1F7CBFB206C0021C36C23F00103B4
S214033830C364C36C23F00403C364FEF721FF0020B4
S21403384010BD08B5006CFEF76CFF002008BD036CC6
S214033850DA6C19B142F00102DA64704722F0010211
S214033860DA64012203F500539A64704738B5046896
S214033870206C856C15F001050BD0012200F5005372
S2140338809A6483699B060FD52046BDE83840FFF748
S21403389079BF042384F83C30237E33B9C36C23F00A
S2140338A00403C3640123237638BD637E1BB394F8F5
S2140338B02D3003B3132184F83550FEF732FF236C03
S2140338C0DA6C42F00402DA645B6ADBB2112B0DD1C8
S2140338D0012384F834303022237A534303F1A04380
S2140338E003F58023DB6E013B2363DDE7132BDBD17C
S2140338F084F83450EFE7C36C23F00403C364D3E7C0
S2140339000E2070470E20704770477047704770B59B
S21403391004464518073549420D40A5F108063046CA
S21403392000F069F8A188331BC3F3CF0362881944F8
S21403393089B2D21A25F8041C25F8062CA28882B16F
S214033940A4EBC202D180518819445180E2887AB12F
S214033950D31A9BB204EBC20425F8023CA38030467C
S21403396070BD15F8082C42F0020205F8082CEDE7A6
S21403397025F8022CF3E707B500224FF0FF3101AB21
S2140339800192E3F711FE019803B05DF804FB1346BA
S2140339900A464FF0FF31E3F707BEE3F7D3BE70B531
S2140339A00D461E46114693B1002333608DB180B198
S2140339B0454332462846FFF7EAFF044628B93068EF
S2140339C018B12A46214608F0C8FF204670BD2224B7
S2140339D0FBE72124F9E707B5002201AB0192FFF7C5
S2140339E0DEFF019803B05DF804FB0846FFF7C3BF8C
S2140339F00846FFF7D2BF0023038043808380C3803B
S214033A00704708B5E4F70EF908BD10B5FEF773FD69
S214033A100446E4F753F92046BDE81040FEF76FBDB1
S214033A207047012070474FF4C870E4F73FBA7047F9
S214033A30002307B5684600938DF80430E1F76EFA65
S214033A4003B05DF804FB00230B7070472DE9FF41BC
S214033A500D4616461F460446A8B14FF00008C0F8A8
S214033A601C80E4F761FCBDF82C30424602939DF8B7
S214033A7028302946CDE9007320463346E4F7BAFBDF
S214033A8004B0BDE8F0812220FAE7F0B50D461646ED
S214033A901F46044685B090B10023C361E4F744FC97
S214033AA0BDF82C302A4602939DF828302946CDE9E6
S214033AB0007320463346E4F79DFB05B0F0BD222095
S214033AC0FBE7F0B51F46002387B00D4616460446AF
S214033AD08DF81730A8B1C3610DF11701E4F754FC54
S214033AE09DF817207AB9BDF83430294602939DF81D
S214033AF030302046CDE900733346E4F77BFB07B04E
S214033B00F0BD2220FBE70320F9E7F0B51F460023AC
S214033B1087B00D46164604468DF81730B0B1C3611C
S214033B200DF11701E4F730FC9DF8173083B9BDF8A3
S214033B3034302A4602939DF830302946CDE9007387
S214033B4020463346E4F756FB07B0F0BD2220FBE7DA
S214033B500220F9E738B5FEF7D5FC054600F008F86D
S214033B6004462846FEF7D4FC204638BD00F022B8AB
S214033B704FF0B0439A6A1207FCD4186A704782075C
S214033B804FF0B04200F00103916948BF43F00803C9
S214033B900B43936170474FF0B04301285B6904D031
S214033BA0022805D1C3F3C000704703F00100704735
S214033BB00020704707B512200DF10601FFF7EBFB57
S214033BC0BDF8060003B05DF804FB08B5DFF724FC78
S214033BD0FEF7E1FBFEF7E6FBFEF7F7FBBDE8084062
S214033BE0FEF700BC08B5FEF7FFFBFEF7FEFBFEF78D
S214033BF0FEFBBDE80840FEF7FCBBE0F7D5B808B50A
S214033C0001F01DF8E8F792FD02F015F802F05AFEEF
S214033C10002008BDECF74EBC08B504212120E3F7CD
S214033C201DFA04212220E3F719FA04212320E3F7DF
S214033C3015FA04212620E3F711FA04212520E3F7D9
S214033C400DFA04212020E3F709FA04212420E3F7E0
S214033C5005FA6FF001000521E3F700FABDE8084016
S214033C606FF00100E3F7ECB937B5054601A80C463B
S214033C70E1F720FB9DF805302B709DF80430237088
S214033C8003B030BD30B5002485B0054601A8CDE9A4
S214033C9001440394E0F752F82046029B2B6005B0DC
S214033CA030BD10B5044608B1E4F7FAFD2046BDE87A
S214033CB01040FFF772BE00F4E040B0F5805F04D01A
S214033CC0A0F5005358425841704701207047F0B59D
S214033CD09E4600F0FE43B3F1106F06460F46944629
S214033CE091B003D06FF0850011B0F0BD20F01F61D6
S214033CF021F470210029F5D13D4607ACCDE90E111C
S214033D000FCD0FC495E8070084E80700D7E9092319
S214033D100899090AE6D11899304604911799CDF8FF
S214033D2000C003911699CDE901E107A9FFF72AFB25
S214033D30DAE73AB1002918BF00232121D21A184422
S214033D4008F00BBE704738B5037904460D463BB9F9
S214033D50A368022120462B6000F0D0FD38B938BD99
S214033D60D0E9091200F060FE0028F1D0F7E700233F
S214033D702B60F4E72DE9F04F9946002393B08DF8B6
S214033D801F301F9B9046DDE91CA6002B0D460B46F5
S214033D900CBF4FF400624FF4806208A91E9FE4F73D
S214033DA0A7FE044668BBDDF820B009ACDC46CDE9C7
S214033DB01000BCE80F000FC49CE8070084E8070067
S214033DC02846BDF824100DF11F02E4F701FF044650
S214033DD0B8B99DF81F30B34223D8DBE909120A9815
S214033DE0000A21D1CDE90337CDE9019A2B46CDF858
S214033DF0008009A8FFF7FBF910F1860F044600D0F0
S214033E0000B13E603246214650463B68FFF791FFBD
S214033E10089800F0B0FD002C18BF204613B0BDE88C
S214033E20F08F6FF08904ECE76FF08604E9E7002370
S214033E302DE9F341D0E9016804460F4630461146A2
S214033E40136000F0C2FD054688B9304600F0BFFD9A
S214033E50054660B9F6B276B9B8F1000F05D1E36846
S214033E6023F47F4323F0030363B16FF086052846EC
S214033E7002B0BDE8F0810146A06800F02EFD0028E0
S214033E80EDD1F2E74FF6F87362889A421ED8238B79
S214033E90012BEAD8394601A8E5F750F8054600286D
S214033EA0E5D10FCC3F683E460FC694E807003B7942
S214033EB086E807000BB9019BBB603B8B012123F00F
S214033EC0010338463B8300F019FDD0E76FF0850504
S214033ED0CDE741F2052398421AD8B0F5905F09D290
S214033EE041F2010398420CD0B0F5885F09D06FF019
S214033EF0850070472923A0F5905080B2C340DB07A6
S214033F00F5D511F0070F0CBF00206FF08600704741
S214033F10B0F5105FEBD121F04003802B06D0B1F54E
S214033F20807F0CBF00206FF086007047002070472C
S214033F3070B5446A05460E463CB90120FFF74BFDB3
S214033F40686228B12046AE6270BD6FF08A00FBE758
S214033F506FF08C00F8E7F8B50F461146064615468F
S214033F60FFF7E6FF044620B92A463946706A08F08A
S214033F7029FD2046F8BD2DE9F041089D88461F46D9
S214033F80048802B32046FFF796FEE0B12B680BB910
S214033F90D3002B6020462968FFF79BFF044678B9B9
S214033FA0CE1DB2EBD60F11D1069B9A4211D84146CD
S214033FB0384608F007FD2B68079A0733DB081360BB
S214033FC02046BDE8F0816FF08504F9E76FF08604BC
S214033FD0F6E76FF08904F3E72DE9F04F476885B0FD
S214033FE03F0A0446DDE90E9A0D4616469846DDF866
S214033FF040B015D1CDE901ABCDF80090E2F7DCFC7B
S21403400010F1860F0ED14346324629462046CDE9A7
S2140340100FABCDF8389005B0BDE8F04FFFF7ABBF58
S2140340206FF0860005B0BDE8F08F10B50446406A11
S21403403010B1A16AFFF735FE0020C4E9090010BDE0
S21403404038B50546FFF7F1FF95F820300446043BE4
S214034050012B0CD8EB69002B0CBF04466FF09604BB
S2140340602C220021284608F078FC204638BD6FF045
S2140340709604F5E710B5044638B1042100F03EFC7B
S2140340802046BDE81040FFF7DBBF10BD38B590F8FB
S21403409020300546052B16D10479FF2C07D1FFF7F0
S2140340A0CFFF041E08BF6FF08404204638BD1CB142
S2140340B0806800F09EFC04462846FFF7C1FF0028F0
S2140340C018BF0446F1E76FF08804EEE707B558B16A
S2140340D0012201A9E4F76EFF30B9019800F046FC0F
S2140340E028B10198FFF7D2FF03B05DF804FB6FF029
S2140340F09900F9E7F7B5044608460E4600F043FB79
S214034100002320461A4601A9E4F7F2FC78B9019F7A
S21403411034463D460FCD0FC495E8070084E80700F4
S214034120338B384603F00103338300F024FC03B0DB
S214034130F0BD70B5144602881D461046049EFFF770
S214034140BAFD68B944F2010322F44050984207D0FE
S21403415002F44F42B2F5824F02D0B2F5844F0ED12D
S214034160B4420FD82246284608F02CFC0021321B06
S214034170281908F0F2FB0020059B1C6070BD6FF049
S2140341808500FBE76FF08900F8E72DE9F0438946E1
S214034190984617468DB07AB300230122C8F800303C
S2140341A002A9E4F7A5FC0446A0B9029E03AC354673
S2140341B0CDE90A000FCD0FC495E80700049B84E8F9
S2140341C00700D6E909121B0A08D0304600F0D3FBD5
S2140341D06FF0860420460DB0BDE8F0834B46CDE96C
S2140341E0007803A8FFF7A5FF0446304600F0C3FB9C
S2140341F0002C08BF0446EDE76FF08904EAE770B5C4
S21403420014460288049D02F4E040B0F5804F1CD1AA
S21403421044F2010022F44056864207D002F44F428D
S214034220B2F5824F02D0B2F5844F0ED1AC420FD80E
S2140342301846224608F0C6FB00212A1B204408F035
S2140342408CFB0020059B1C6070BD6FF08500FBE7B0
S2140342506FF08900F8E72DE9F0438946984617463C
S2140342608DB07AB3002302A91A46C8F80030E4F7E3
S2140342703FFC044640B9029E33885B0408D43046AC
S21403428000F079FB6FF0860420460DB0BDE8F0839E
S214034290354603ACCDE90A000FCD0FC495E80700F9
S2140342A084E80700CDE900784B46D6E9091203A84F
S2140342B000F0F1FA0446029800F05DFB002C08BFFC
S2140342C00446E1E76FF08904DEE72DE9F0411F4677
S2140342D0002388B0054688461646CDE905333B607D
S2140342E0002A54D0B2F1005F54D206AA05A9FFF7FC
S2140342F09EFD0446A0B90598436AABB1059B4146AB
S2140343005A882846079207AA029203F128020192C6
S2140343109A6A00925B6A3246FFF75EFE044680B1F5
S2140343200598FFF7A7FE28E06B681B0A02D06FF01C
S2140343308604F5E73146FFF7FBFD04460028DDD08B
S214034340EEE70598079B4288DAB943804FF6F87282
S214034350934219D82B8813B102889A42E7D12B6A65
S214034360002BE4D16B8813B142889A42DFD13946D9
S214034370FFF7E9FC04460028D2D1204608B0BDE882
S214034380F0819A42D3D1E1E76FF08504C8E76FF076
S2140343908604F2E76FF08504EFE710B5044600687D
S2140343A068B104280CD104F10800FEF7E0FF0023EF
S2140343B02360A38823F4FF7323F00103A38010BDB7
S2140343C06FF08600F3E72DE9F04305469846002391
S2140343D08DB002932B6808461746002B47D1B8F1D9
S2140343E0000F134602A914BF4FF480624FF4006215
S2140343F0E4F77EFB044600283BD1DDF8089003ACC7
S2140344004E46CDE90A000FCE0FC496E8070084E8AF
S21403441007003846BDF80C102A1DE4F7D9FB0446FE
S21403442038BB6B79049968F300036B71090AD9E901
S2140344300923B8F1000F12D011BB009703A905F1A9
S2140344400800FEF70DFF044698B9042302982B6074
S21403445000F091FA044620460DB0BDE8F08379B922
S214034460009703A905F10800FEF742FFEBE76FF09C
S21403447088042846FFF791FF029800F07CFAEAE7E3
S2140344806FF08604F5E70123FFF79DBF38B50546B1
S214034490006898B112B90024204638BD04280AD112
S2140344A005F10800FEF726FF04460028F3D0284649
S2140344B0FFF773FFF0E76FF08604F8E76FF0880402
S2140344C0EAE72DE9F04105460068884616461F468A
S2140344D0F8B16A79D2071CD52A79D2B1B2421BD871
S2140344E004281CD105F10800FEF721FF044610B18D
S2140344F000233E602B713246214640463B68FFF759
S21403450018FC2846FFF749FF002C18BF2046BDE8D5
S214034510F0816FF08804EBE76FF08904E8E76FF04B
S2140345208604E5E71FB501240394089C0294079CC0
S2140345300194069C0094FFF71DFC04B010BD2DE902
S214034540F04705469A46002386B0059305F0FE43DA
S214034550B3F1106F0846DDE90E961746DDF8408086
S21403456029D12B464FF4804205A9E4F7C1FA044645
S21403457018BB05990B8823F0FF03B3F5E24F02D06F
S214034580B3F5E44F04D14B880733B6EBD30F1ED3F2
S21403459053463A462846CDE90168CDF80090FFF722
S2140345A096FB044648B9059800F0E5F9044620460C
S2140345B006B0BDE8F0876FF0860431464846E4F758
S2140345C077FB0598C8F8006000F0D5F9EFE76FF0C1
S2140345D08904F2E7034610B50C461146DA690088EB
S2140345E00AB91B6A3BB9FFF766FB38B12046BDE83C
S2140345F01040E4F75DBB6FF0860010BD6FF08500DA
S214034600FBE700232DE9F04385B0CDE901330B60CA
S214034610438806460D46002B00F0B280038803F459
S214034620E043B3F5804F00F0AB8002AA01A9FFF781
S214034630FEFB044600287CD1019A7768526A6AB169
S2140346407368019F1B0AD7F8248057F8289F74D0F5
S2140346506FF086040198FFF7E8FC6AE03F0A61D131
S214034660B6F8008071884046FFF725FB80B14046C8
S214034670FFF72FFC044600285BD108F4E043B3F5AC
S214034680805F02D0B3F5005F0AD10731CF0817E089
S21403469028F0FF03B3F5E24F37D06FF0850448E008
S2140346A008F44F43B3F5844FEFD047F20103984520
S2140346B00FD149080131C90801EBC10101F13B07DC
S2140346C0039703990198FFF733FC04460028B7D0F5
S2140346D02FE044F20103984503D1C90801F11007FE
S2140346E0EEE747F20202904505D1C90801EB410106
S2140346F001F15A07E4E744F20202904505D1C908DE
S21403470001EB410101F14A07DAE728F0FF00B0F5B3
S214034710E24FBAD0B0F5824F01BF0731C90849004E
S2140347204F1CCDE7304603A900F059F8044600288D
S214034730C7D00198FFF79EFC13E033885B0414D4BC
S2140347403B464A4641463046FFF744FF0446019837
S214034750002C7FF47FAF2946FFF7F5FA04460028BE
S214034760E7D1204605B0BDE8F0833B464A464146BE
S2140347703046FEF715FD10F1860F0446E7D1DFE756
S2140347806FF08604EDE710B50446C069FFF705F938
S2140347902046BDE810402422002108F0DEB82DE9AB
S2140347A0F04105460F4690461C469BB1194601202C
S2140347B0FFF711F9064678B12246414608F002F99A
S2140347C0E86908B1FFF7E9F80020C5E907642F8018
S2140347D0BDE8F0811E46F3E76FF08C00F8E7028829
S2140347E043884068000A51D102F4E040B0F5805F88
S2140347F002D0B0F5005F05D10733DB0840D16FF078
S2140348008500704702F44F40B0F5844F03D1073359
S214034810DB080AD1F3E747F20100824208D15B08BE
S2140348200133DB0803EBC3033B3300200B60704705
S21403483044F20100824202D1DB081033F5E747F267
S2140348400200824204D1DB0803EB43035A33ECE74E
S21403485044F20200824204D1DB0803EB43034A33EB
S214034860E3E722F0FF02B2F5E24FD0D0B2F5824F73
S214034870C5D10733DB085B000133012BD5D1BEE777
S21403488022F0FF02B2F5824FCFD1F6E700236FF096
S21403489086000B6070472DE9F34747680446DDE959
S2140348A00A9A3F0A0D461646984611D1CDE9009A54
S2140348B0FEF789FC10F1860F0CD143463246294693
S2140348C02046CDE90A9A02B0BDE8F047FFF797BC49
S2140348D06FF0860002B0BDE8F08703466FF04042F3
S2140348E00846591E914207D338B103F14043934219
S2140348F08CBF0020012070470120704790F82030BD
S214034900052B11D8DFE803F0030B16141F214B1EEB
S214034910012B09D9042907D06FF0870070470229B5
S21403492002D00B1F012B0BD880F8201000207047F5
S214034930022902D0CB1E022BF5E7C369002BF3D066
S2140349406FF0880070470529EED00029ECD0F7E712
S21403495010B503210446FFF7D1FF30B9E3695A1CAB
S2140349600EBF6FF096000133E36110BDC069B0FA65
S21403497080F04009704708B90020704790F820205F
S214034980032A08D1C269EAB1013AC261002AF3D107
S2140349900221FFF7B3BF052A09D0042A0FD1C26943
S2140349A082B1013AC261002AE6D1FFF749BBC26968
S2140349B042B1013AC261002ADED1FFF767BB6FF04E
S2140349C0880070476FF09600704700207047C0B2AB
S2140349D0FF280CBF6FF086000020704707B5002144
S2140349E06A46FEF7CCF98C3018BF012003B05DF899
S2140349F004FB13B500216A460446FEF7C0F98C3063
S214034A0002D1002002B010BD00212046E1F7FCFDD4
S214034A10014610B16FF09800F4E76A462046FEF7A9
S214034A20AEF98C30EDD0F5E72DE9FF410746144685
S214034A30884600293FD0002A3DD0B2F5005F3DD21C
S214034A4002F1240631460120FEF7C5FF0546C0B332
S214034A5003463A4621464046E4F726FBBF68002451
S214034A603846FFF7BBFF01281FD021462B463246A8
S214034A7038460094E1F706FD0146C8B9384602AA4F
S214034A80FEF77DF9044620B9029B9E4205D06FF0DF
S214034A90980438460021E1F7B7FD31462846FFF76C
S214034AA000F9204604B0BDE8F0816FF08A04F4E70D
S214034AB06FF09804F1E76FF08604F2E76FF08D0469
S214034AC0EFE76FF08C04ECE7FFF7EBB82DE9F04760
S214034AD0D0F808A086B0814688461746504600217F
S214034AE004AAFEF74CF9044610BB049E0120314687
S214034AF0FEF771FF0546002837D02146504604AA24
S214034B000394FEF73CF9044670B903AB024621460C
S214034B10CDE9005350463346E1F720FD039B044698
S214034B209E4209D06FF0980431462846FFF7B9F83D
S214034B30204606B0BDE8F0870028F5D13B4642463E
S214034B4031462846CDF80090E4F7CCFA0446002810
S214034B50EAD1D8F800302BB13B68002B08BF6FF0C2
S214034B609104E1E76FF09104DEE76FF08C04DFE772
S214034B7050E8003F0B4340E80032002AF8D1704764
S214034B80C94350E8003F0B4040E80032002AF8D102
S214034B907047431E032B06D8DFE803F00204020423
S214034BA003207047042070477047CB691847704747
S214034BB070470020704770474FF000007047002092
S214034BC070477047704700207047002070470020EA
S214034BD070470020704700207047002070477047DA
S214034BE000207047002070477047704700207047CA
S214034BF07047704711207047002070474FF0FF3012
S214034C0070470020704770477047002070470020A9
S214034C107047002070474FF0FF30704711207047F1
S214034C20002070470120704700207047002070471F
S214034C30002070470020704770477047704701F0A8
S214034C401BBA38B50446FDF75DFCD4E90C120546DD
S214034C502046E4F78BFAA18CE28CE060521A40F20D
S214034C60712101FB020303F59C5308332846236195
S214034C70BDE83840FDF74CBC08B52030FFF778FF99
S214034C80BDE808404FF08050EBF720BC38B50D4622
S214034C9004460830E6F740F9294600252046E8F79B
S214034CA033FA606CE56110B1E5F756FA656404F112
S214034CB05400BDE8384008F0FBB938B5044619B3CC
S214034CC090F828208AB190F829300133DBB29A4253
S214034CD080F8293009D10121FFF7D8FF4FF0807102
S214034CE02046BDE83840FFF7C7BF236ADA030BD573
S214034CF0E36A62689B1A002B06DA01212046FFF757
S214034D00C5FF4FF08061EBE7236A1B0426D402F04D
S214034D103DFD1123B0FBF3F303EB0313C01A94F921
S214034D20613085B213FA80F0102888BFC5F11005EC
S214034D306DB2083B2B4484F8613020460121E8F726
S214034D40E3F940F27121A28C63682A4401FB023323
S214034D5020466360BDE83840E8F788B90025ECE7ED
S214034D602DE9F84F1D46C3698846044616460C9F30
S214034D709DF838909DF840B09DF848109DF850A0D7
S214034D80002B40F0C880EB0600F1B68005F0030365
S214034D90032B08BF05F0FD0505F0F705BDF83C300D
S214034DA0A806A4F862309DF8540048BF05F0FC0539
S214034DB0FFF7EFFE47F6FF731BF0020F84F866005B
S214034DC0A4F87C3040F09B801BF0040F00F0998021
S214034DD000F0FD00012814BF0323042394F8832066
S214034DE09DF8580063F3030284F88320FFF7D1FE8F
S214034DF047F6FF738A0784F86700A4F88C3000F13F
S214034E0082804B0740F1818000F0FD00012814BF2B
S214034E100321042194F89330A06E61F3030384F80E
S214034E209330FFF7E6FE00222046216BE4F79EF957
S214034E3040F27123734398426FD849F6FF7104F129
S214034E402000FFF79DFEFF2384F84B30BAF1000FD6
S214034E5003D0236A43F480532362290705D5062625
S214034E60B046236A43F484132362236A6A0723F44F
S214034E70C04323620CD419F0010F1CBF43F4005344
S214034E802362236A19F0020F1CBF43F48043236294
S214034E90236AA4F848502B43236204F15B03B7B399
S214034EA03A68C4F85B20BA889A809DF82C30012BA8
S214034EB003D14FF48061FFF75BFE236A9DF8282039
S214034EC023F4407343EA0223236202F05FFC9DF857
S214034ED04C30C0F30B0040EA03309DF83430A4F89E
S214034EE07000A4F824802046E68484F82A30FFF76E
S214034EF0A8FE0020BDE8F88F01218B464EE702236B
S214034F006CE701236AE7022184E7012182E7C4F8FC
S214034F105B709F80D1E70C20ECE74520EAE72DE99C
S214034F20F743894617460446019330B901A808F0AB
S214034F30BFF8422003B0BDE8F083012920D0022940
S214034F4010D089B9C369C3B900F130054FF40036F0
S214034F50236AD9061ED55A0726D501A808F0A8F84D
S214034F600020E7E7806E20B901A808F0A1F80C201E
S214034F70E0E71946FFF73EFEDCE700F13805E5E714
S214034F80C36923B900F134054FF48026E0E700F146
S214034F903C05F9E79B0707D5B9F1000F04D101A833
S214034FA008F086F81220C5E704F12008404631468B
S214034FB0FFF7E6FDF80702D5284608F079F80199C9
S214034FC021B1284608F042F900230193286808F027
S214034FD0DBF8236AD90605D51F2801DC032F16D074
S214034FE02846DDE740F27262904204DD284608F068
S214034FF05FF807209EE7B9F1000F08D1BF2806DD4A
S2140350009A0704D0284608F053F8452092E720462E
S214035010D4E90E12E4F7AAF8E3696BB140F2712201
S214035020A38C5343984207D9E38C8342EAD300F513
S2140350301C70B0FBF2F0A084FDF764FAE369054642
S2140350407BB1BB070DD531464046FFF791FD63683C
S214035050C3F57A7602F0D6FBF04202D52046E8F78F
S2140350606FF92846FDF754FA7AE708B548B1CB0737
S21403507001D4002008BD4FF400112030FFF778FD5F
S214035080F7E74220F6E708B548B1CB0701D400207E
S21403509008BD4FF400112030FFF772FDF7E74220FA
S2140350A0F6E7E4F74FBB38B5C36904460D463BB194
S2140350B0036A13F0010010D194F84A30FE2B0BD08C
S2140350C004F120004FF48001FFF752FD01202B6806
S2140350D0E364AB88A4F8503038BD0020FCE7036ACD
S2140350E010B5044613F4602025D09A0307D504F1BF
S2140350F0300007F0DDFFA36B23630023A363236A5B
S2140351005B0307D504F1340007F0D2FFE36B636358
S2140351100023E3634FF4602104F12000FFF730FD22
S2140351202046FFF78EFD0120B4F870305A1C62F358
S2140351300B03A4F8703010BD10B50446543008F0C5
S21403514085F82046BDE810404FF00071FFF794BD88
S21403515010B5418904468389C289084601F0F1FBEC
S214035160E0B1E279531E072B19D86389934216D907
S21403517022899A4213D8237C43B9637C33B9A37C30
S21403518023B9E07C10B9237D0F2B07D9607D1B3034
S21403519000F01F000B288CBF0020012010BD00204C
S2140351A0FCE7F8B58D790C460C354B5D4F1903F0CB
S2140351B0400343F004034B550623B91C7B70164685
S2140351C000F043F8635D002E60F386136355A379FE
S2140351D07A7803F102031344E371A4BF06367E70A4
S2140351E0F8BD70B505460020049CE07112F010006F
S2140351F001D1A07170BD0122A27188784609F540DD
S214035200EA0720D54A7800F01F0042EA002291F907
S21403521000000028ACBF1E204FF4967050430A7857
S214035220252102F03F02B2FBF1F501FB1522B0F592
S214035230FA7F227106F1010262712CBF012202225B
S2140352400344E27123600320D4E737B50246136AAA
S214035250084603F4007403F40015DB0505D474B99B
S214035260E6F73EF9204603B030BD44B9B5FA85F4F7
S214035270D16C64090160B2F850208280F2E7019095
S21403528092F94B30B5FA85F4009300231A46194673
S2140352901846FFF7C3FC6409E4E750E8003F0B43F6
S2140352A040E80032002AF8D17047C94350E8003F6F
S2140352B00B4040E80032002AF8D1704738B5044660
S2140352C0D0F8A00010B9D4F8A40058B194F8375118
S2140352D007F01FFF05F00F0581B206312846E8F7F1
S2140352E053F880B240F27122B4F8783000F5487073
S2140352F053439842B8BF184638BD38B505460C46E2
S21403530002F0F6FA20B149F640439C4228BF1C46F9
S214035310EA68A2420BD240F27121B5F87A304B43C9
S214035320934238BF1346A34228BF23461A462A6130
S21403533038BD03469A6A4430920404D5D3F828212C
S214035340998FE9F7EFBF93F86F10E9F7E1BF0020F5
S2140353507047012070470020704770470020704751
S2140353600020704701207047C82070470020704710
S214035370002070477047704711207047704770478A
S2140353800020704770470020704770470120704721
S2140353907047704790F8852010B5531C03F00F0331
S2140353A0072B28BF0023044663F30302034480F855
S2140353B0852083F87E1090F885306F2B4FEA131202
S2140353C09EBF013262F3071380F88530FFF7E1FFD3
S2140353D094F83711204601F00F01FFF7CCFF10BDFC
S2140353E070477047704700207047002070470020C2
S2140353F0704710B101F1B000704701F1D400704757
S214035400F8307047806A70472830FFF746BF283069
S214035410FFF74BBFC06A70472C30FFF73EBF2C30F8
S214035420FFF743BF00F59C70704708B50B79DB07A1
S21403543002D4FFF7D5FF08BD91F90510BDE8084073
S214035440FFF7A8BF02290346808F11D0032909D08E
S214035450012906D11A8F5B6B1201B2FBF3F31844D2
S21403546080B270475A6B4FF47A43B3FBF2F3F6E716
S2140354705B8F073000EB4300F2E770B540F271260E
S21403548006FB01F345685643826A1D441207044629
S21403549045600ED500F14005294600F13402E6F7D3
S2140354A067F9334629462046BDE87040012201F0DD
S2140354B03EBA05EB5605456070BD836A590505D4AB
S2140354C0D0F8A03013B15B799A0708D4D0F8A400BB
S2140354D000B9704743799B0701D40068F8E70120B9
S2140354E0704780F87710704738B5836A04461B0701
S2140354F013D50246B0F87C3052F8341F4B4340F2C3
S21403550071214B4300F14001E6F732F9236C204644
S2140355109D08FFF7D3FE2844E06040F27125616BD7
S214035520204601396943FFF7E8FE20460121E7F7E5
S214035530EBFD636BB4F87C2020465A43636805FB97
S21403554002336360BDE83840E7F790BDB0F830310A
S21403555010B5A0F834310446E4F756FBC0B2FFF7A3
S21403556003FF94F8373194F8362103F00F0304F160
S214035570440102F0B6F9014604F5947002F052F9BC
S214035580B4F93421B4F930319A4209D0A36A9B03A3
S21403559006D52046BDE810404FF40041E4F74ABB69
S2140355A010BDFFF7D3BF836A0A4600F14401C3F375
S2140355B04030E9F763BE10B5A0F87810A0F87A205B
S2140355C00446FFF77BFE2169E0602046BDE81040F5
S2140355D0FFF793BE38B504460D463AB94FF4C021DB
S2140355E02830FFF762FE9DB9002038BDFFF7C8FEDE
S2140355F098B128344FF4C0212046FFF756FE1DB15C
S2140356004FF40031FFF749FE4FF48021204601E0B6
S2140356104FF40031FFF741FEE6E71120E5E72DE9F9
S214035620FF41836A04469B032CD5B0F93081B0F959
S21403563034710020E9F774FC8045CCBF00250125B2
S21403564002F054F994F83711C82201F00F01E9F774
S21403565071FC06462046E4F7D7FAB045B4BF0026E9
S2140356600126002394F83711A8EB07073FB245EA53
S21403567046051A46CDE90085029701F00F0180B270
S21403568000F0ACFC04B0BDE8F081FFF7C8BF86307D
S2140356907047F8B504460E4600295AD040F27123E7
S2140356A0476B30465F43A7F28A277F083946E7F7FA
S2140356B07BFE94F88E30851FADB29D423946304648
S2140356C0A8BF1D46E7F770FE94F88F20831F9BB292
S2140356D09342A8BF1346F21E012AB4F88610B4F804
S2140356E088202BD8B1F5296F44F29020B8BF4FF429
S2140356F029618142A8BF0146B2F5296FB8BF4FF4AE
S21403570029628242A8BF02461B2DB8BF1B251B2B4E
S214035710B8BF1B23304684F8913084F89050A4F821
S2140357208A10A4F88C20E7F73FFE831F9BB2AB4298
S214035730A8BF2B46DBB284F89230F8BDB1F5A47F40
S214035740B8BF4FF4A471B2F5A47FB8BF4FF4A472E8
S214035750DAE71B23EFE770B54900466B89B28E4242
S21403576018BF40F27125044617BF4068002105FBA9
S214035770060005FB1100658F1EBF60606163012193
S2140357809542208F17D08342628700D02387238FCA
S214035790626B1B01B3FBF2F394F837112046A4F8AF
S2140357A09C3001F00F01FFF774FF2046BDE8704000
S2140357B00421E4F73FBA8342E8D1A36A1B07E6D580
S2140357C00029E4D170BDF0B585B004460E466A469E
S2140357D000F1860300F18E071546186859680833EA
S2140357E003C5BB422A46F7D11868314628609B8812
S2140357F02046AB80FFF74DFF9DF80B2094F89130C1
S2140358009A4211D1BDF80620B4F88C309A420BD1D7
S2140358109DF80A2094F890309A4205D1BDF80420EA
S214035820B4F88A309A4207D04FF48141204605B037
S214035830BDE8F040E4F7FEB905B0F0BD37B5044661
S21403584094F88E50BDF818008D420BD1B4F88650EC
S214035850954207D194F88F509D4203D1B4F88850EF
S21403586085421DD08DF80610ADF80420019D84F8FE
S2140358708E1094F8371184F88F30A4F88800C4F893
S21403588040512046A4F8862001F00F01FFF79BFF46
S214035890B4F88A30A4F88630B4F88C30A4F888308C
S2140358A003B030BD90F8373170B503F00F030446EC
S2140358B016460D46D9B18B4219D00122FFF75EFD7D
S2140358C0294600222046FFF757FD94F83731204635
S2140358D065F3030384F8373105F00F01FFF773FF11
S2140358E02046BDE870404FF48441E4F7A3B9194657
S2140358F02046FFF768FF002EF2D170BDF8B51D46AF
S214035900C36A04465B070F46164610D404212C30A0
S214035910FFF7C3FC84F89A702046A4F89660A4F8B0
S21403592098504FF40061BDE8F840E4F783B9F8BD3A
S21403593010B511B190F89A400C7012B1B0F89610E9
S214035940118013B1B0F898201A80C06AC0F38000A3
S21403595010BD4FF400412830FFF79FBC00F5A2703E
S214035960704790F8370100F00F00704770B5044693
S214035970FCF7C8FD6568064601F044FF2D1AB5F529
S214035980FA7504D53046BDE87040FCF7C1BD40F259
S2140359907122636B94F870105343B5FBF3F5A38F32
S2140359A0AAB29B1AA38794F86F30154602FB1133ED
S2140359B0252193FBF1F001FB1033002BB8BF5B18D6
S2140359C084F86F30B4F89C3020469B1AA4F89C30B9
S2140359D00021E7F799FB40F27122636B20465D4393
S2140359E0636802FB15336360E7F740FBCAE70023EF
S2140359F02DE9F3474E790446B00758BF06F0010673
S214035A0008460D4648BF0326ADF8043058BF013696
S214035A10FFF7D2F8074607F01F03002BE36A15BF0C
S214035A204FF001084FF000084FF003094FF002094A
S214035A3099050CD59DF80430294666F3010368F3EF
S214035A4045138DF804302046019A00F08EF9284657
S214035A5007F09AFB82464946284607F069FB9DF8FD
S214035A600430AA7966F3010368F345138DF804300E
S214035A708DF805A0BDF804300C32AB529DF8043007
S214035A80A9189A066B7948BF8F7043F001036B71B0
S214035A90FCF738FD06462046294650F8A48F07F043
S214035AA0D5FB94F84631013384F84631A36A1B07C5
S214035AB00CD5B4F87C30012B02D92046FFF756FFED
S214035AC0304602B0BDE8F047FCF722BD656801F03A
S214035AD099FE0746E7F72EFC8442F1D1ED1BB5F598
S214035AE07A7FEDDDB8F1000F03D0D4F8A030002B99
S214035AF0E6D1E7F7F5FEE3E708B5022007F06BFC0F
S214035B0010B100F05BFE012008BD10B504464FF44B
S214035B1040712830FFF7C9FB2046BDE8104000213E
S214035B20E4F73ABD012310B5A1F12002C1F1200428
S214035B3023FA04F403FA02F222438B40D0E9084125
S214035B4023400A40134314BF0120002010BDC36A3C
S214035B5010B5044613F0080012D00123A1F1200269
S214035B60C1F1200023FA00F003FA02F202438B404D
S214035B70D4E9080103400A40134314BF0120002060
S214035B8010BD10B50C46C9B2FFF7E1FF70B1E5F7DB
S214035B90DBFDC4F12002A4F12003E04001FA02F287
S214035BA0104321FA03F3184300F0010010BD70B54B
S214035BB004460E46E5F7FAFEFCF7A4FC054602216A
S214035BC0204684F87760E4F735F820460021E7F7A7
S214035BD09BFA2846BDE87040FCF79ABC70B50446AD
S214035BE00D46FCF78FFC0646E7F7A4FB844201D17B
S214035BF0E7F756FE3046FCF78BFC29462046BDE801
S214035C007040FFF7D4BF0B68C0F84031704738B513
S214035C1040F64805D0F840310C460B609BB2AB42C9
S214035C2004D90B21FFF7ADFF08B9258038BD44F230
S214035C3090232380FAE708B500F0FBF8E4F762F94F
S214035C4000F05CFB00F008F8E5F7E8FDE6F7AEFBCE
S214035C50BDE80840E6F72ABC704770B515460E4601
S214035C601C46FFF7CDFB2B684EB103606B684360A1
S214035C702368C0F825302368C0F8153070BD8360EC
S214035C806B68C3602368C0F829302368C0F81930EE
S214035C90F4E770B50546FFF7B3FB0446FCF732FCA2
S214035CA006464FF480712846FFF7AEFB4FF40061BB
S214035CB02846FFF7B1FB3046FCF72AFC00232846AC
S214035CC023612375236284F82430FFF79BFB80232C
S214035CD010F0080F14BF237584F8243070BD10B578
S214035CE00446FFF712FF2046BDE810401021E3F7F5
S214035CF0A1BF10B504464FF46061FFF790FB204642
S214035D00BDE81040FFF701BF7FB506460C46FFF718
S214035D1077FB4FF4C06105463046FFF77DFB4FF433
S214035D2000613046FFF77BFB4FF48060E5F7B2FC7B
S214035D30224670B969462846E5F70EF86B4605F124
S214035D40100213F8011B02F8011DAA42F9D104B090
S214035D5070BD6C4602F1100623461068516808327F
S214035D6003C3B2421C46F7D1E8E7F0B587B00D4649
S214035D70ADF80C20FFF744FB0446284607F004FA68
S214035D80064600B32846E5F725F89DF80C3005AF20
S214035D9003F02303224631460093019704F12003C0
S214035DA0FCF7BBFF2846E5F72BF8042239462846BE
S214035DB007F00FFC236A0133236223B994F82430D7
S214035DC0013384F8243007B0F0BD30B585B00391B5
S214035DD0ADF80820FFF714FB0446039807F0D4F940
S214035DE0051F002D02DC002005B030BD0398E4F744
S214035DF0F1FF431901939DF80830224603F023036D
S214035E000093294604F11003FCF778FF0028EAD133
S214035E100398E4F7F5FF042103A807F057FA23696C
S214035E20013323610BB10120DEE7237D01332375A4
S214035E30F9E708B54FF40060E5F72CFC40B94FF4DA
S214035E408050E5F727FC40B9BDE80840E9F7B4BA47
S214035E50FFF7C9FA0028F2D008BDFFF7C8FA0028F2
S214035E60F2D0F9E741F0004141F4E02101607047C8
S214035E70002070477047704710B5DC1D04338373EA
S214035E804379C47123F0030343F003030E244371E1
S214035E90012344738371C3730182827410BDD31CC0
S214035EA0C3713E2343734379827323F0030343F0A2
S214035EB0030343710123C173837170470F23437335
S214035EC0042383734379A0F8111023F0030343F0EC
S214035ED00303437140F20173C3800123C273037447
S214035EE07047D31CC3714379417323F0030343F014
S214035EF003034371012382738371704708B500233C
S214035F00FFF7BAFFBDE80840E5F768B82DE9F843A0
S214035F1080460220894617461E4607F05CFAD0B133
S214035F200C2343730823837340F601334579C380F8
S214035F3025F003059DF8203045F003054571A0F8CC
S214035F40108080F81290A0F81370A0F81560C37341
S214035F50E5F744F80120BDE8F88308B5022007F00A
S214035F603AFA30B101221121FFF799FFE5F736F827
S214035F70012008BDF8B504460F46164613211D46F4
S214035F800922FFF78CFF83790C331C44A170E7705A
S214035F9026712B68C4F80530AB88A4F80930BDE831
S214035FA0F840E5F71BB870B5064602200D4607F025
S214035FB012FA044668B114210422FFF770FF8379AE
S214035FC00C331C44A170A4F803606571E5F706F86A
S214035FD0012070BD08B501F0C8FD08BD2DE9F041EC
S214035FE0074602200D4690461E4607F0F4F904467F
S214035FF0E0B109222121FFF752FF0A2283790C33ED
S2140360001C44BDF9183084F8038093FBF2F3237223
S2140360109DF81C30A7806372BDF92030A67193FBF0
S214036020F2F3E571A372E4F7D9FF0120BDE8F0812E
S21403603037B5044607F0A8F83E22A379C0B20C335E
S214036040E518E254831E6B700D23AB70AB791C38D6
S214036050012BE8768DF8073009D10023E91D1A468F
S2140360600DF10700FEF7CFFD9DF80730AB71204614
S214036070E4F7B4FF03B030BD704710B5E4F7E8FFAC
S214036080837900210C33C418E078E3F7D9F8616804
S214036090FEF7EBFF0446E4F7E1FF2246BDE81040B7
S2140360A000234FF61941FFF7E7BE10B5E4F7D0FF1C
S2140360B0837900210C33C418E078E3F7C1F86168EC
S2140360C0FEF7E1FF0446E4F7C9FF2246BDE81040A9
S2140360D000234FF61A41FFF7CFBE70B5E4F7B8FFBB
S2140360E0002186790446FE20E3F7AAF80546E6F77C
S2140360F0A3FB50B10C24E4F7B1FF2246BDE8704081
S214036100002342F20501FFF7B7BEE6F7DBFB0028E4
S214036110F0D10C363444237AE61C9B09022BE9D0D3
S214036120012B18D9237AA11C03F03F02073443F04E
S214036130C00311F8010F8C4242EA000203EA00038F
S214036140F7D1002AD6D0FF2BD4D055B93046E5F781
S214036150EDF90024CFE73146E5F7AEF90028E1D0A4
S214036160C8E731462846FEF79EFF0028EED1C1E772
S2140361702DE9F041E4F76CFF837900250C33C4184E
S214036180E678E4F765FF0768E4F762FFA6F1FE0327
S2140361905942594105603046E3F752F83B462946D3
S2140361A02279FEF7BCFE0446E4F758FF2B46224648
S2140361B0BDE8F04142F23701FFF75EBE2DE9F0413C
S2140361C0E4F746FF837900250C33C418E678E4F732
S2140361D03FFF0768E4F73CFFA6F1FE035942594127
S2140361E005603046E3F72CF83B4622790121FEF79B
S2140361F096FE0446E4F732FF2B462246BDE8F041FE
S21403620042F23801FFF738BE2DE9F047E4F720FFE6
S21403621083790C33C418277994F8038027B9B8F127
S214036220010F27D0E3F776FA00260534BE420ADBD1
S2140362300025E4F713FF2A46BDE8F047002342F2A1
S2140362403901FFF719BE2078B4F80150A0F1FE0318
S2140362505942594194F803900434E2F7F1FF58B1D8
S2140362602A464B464146E3F74FF905460028E0D158
S2140362700136DBE71225DCE74225DAE710B5E4F75B
S214036280E7FE837900210C33C418E078E2F7D8FFE1
S21403629080B1211DFEF707FF00280CBF0C24002445
S2140362A0E4F7DCFE2246BDE81040002342F2350147
S2140362B0FFF7E2BD4224F3E7FE282DE9F84306463E
S2140362C0894690461F4616D0022007F084F80446F7
S2140362D090B106221221FFF7E2FD1223A57920468C
S2140362E00C352544AB7085F803902E71A5F8058010
S2140362F0EF71E4F773FE0120BDE8F883704710B52D
S214036300E6F79AFA0446FEF771FC2043C0B210BDC6
S21403631038B5E4F79DFE8379C17903F10C02024494
S214036320CB1A02200021B2F8035007F07FF9044687
S21403633040B9E4F793FE0722BDE8384042F219015C
S214036340FFF7BCBD2846E3F74BFC38B12146E6F71A
S21403635041F80446E4F782FE2246EDE72046FBF7C3
S21403636083FB0224F6E770B5E4F772FE83791844DC
S214036370B0F80F60B0B2E3F733FC80B1002100F051
S21403638077FE0546E4F76AFE044602232A4642F2EF
S2140363901B01FFF771FDA3791C44668270BD0225BD
S2140363A0F0E770B5E4F754FE83790C33C418B4F8F9
S2140363B003502846E3F714FCA0B1611D00F058FE15
S2140363C00646E4F74BFE04460223324642F21A011F
S2140363D0FFF752FDE37923449D72E3792D0A1C44AB
S2140363E0E57270BD0226ECE710B5E4F731FE83795B
S2140363F00C3318444479B0F80300E3F7F1FB60B1BB
S2140364002146E5F7C3FD0446E4F728FEE2B240F270
S2140364100641BDE81040FFF751BD0224F4E770B50E
S214036420E4F716FE83791844B0F80F50FCF76AF8C1
S21403643004462846E3F7D4FB80B11621FFF7CEFBCC
S21403644000252046FCF764F8E4F708FE2A46BDE874
S214036450704000234FF60441FFF70EBD0225F0E718
S214036460F8B5E4F7F5FD847905460C340444B4F82E
S2140364700300E3F7B5FB064640B9E4F7EFFD022257
S214036480BDE8F84042F21301FFF718BDAB79E9798E
S21403649003F10C020220CB1A2A44002107F0C6F8A7
S2140364A0014618B9E4F7DAFD0722E9E783790333EF
S2140364B083713046B4F80D50B4F80F70E5F714FD49
S2140364C004463A4629463046FFF775F8E4F7C6FD14
S2140364D02246D5E738B5FCF715F80446FFF70FFF55
S2140364E000280CBF0C250025E4F7B8FD2A4642F227
S2140364F00E01FFF703FDE6F785FA2046BDE83840B0
S214036500FCF706B810B5E4F7A3FD83791844B0F892
S2140365100F00C0B2E3F7D2FEE4F7A0FDBDE81040DB
S214036520002342F224011A46FFF7A6BC2DE9F843DE
S21403653081460220884617461E4606F04CFF044650
S21403654090B10A220321FFF7AAFC0023A57920466F
S2140365500C352544EB70A5F80490A5F806802F812A
S2140365606E81E4F73BFD0120BDE8F8832DE9F04397
S214036570814685B002200E461F469DF844808DF85E
S2140365800F2006F028FF0546002844D022222921A2
S214036590FFF785FC0022AC7930460C342C4404F11A
S2140365A00E0304F11401C4F80E209A80626122835C
S2140365B000913A460DF10F01FEF726FB9DF8403099
S2140365C0A4F80490E37006F00103A3719DF80F305E
S2140365D016F0FD0FE3713B68A360BB88A3814FF6FB
S2140365E0FF7304D0032E08BF43464FF0FF08BDF8E1
S2140365F0302028466283BDF8342084F82180A283A5
S214036600BDF838206384E2839DF83C2084F820207C
S214036610E4F7E4FC012005B0BDE8F083F8B50746CF
S214036620022016461D4606F0D6FE044690B10C22FE
S2140366300421FFF734FCA1799DF818300C3121446E
S21403664020468F80C1F80660C1F80A50CB70E4F785
S214036650C5FC0120F8BD70B5064602200D4606F0BF
S214036660BAFE044668B103223021FFF73AFCA37949
S21403667020460C332344A3F803609D70E4F7AEFC76
S214036680012070BD70B5064602200D4606F0A3FE37
S214036690044688B104220821FFF723FCB5FA85F2E5
S2140366A0A37952090C3323442046A3F803605A7196
S2140366B09D70E4F793FC012070BD2DE9F8438146F5
S2140366C00220884617461E4606F085FE0446B0B1ED
S2140366D00B220721FFF7E3FBA579BDF820300C3525
S2140366E025442046A5F80390A5F80580A5F807706D
S2140366F0A5F80960A5F80B30E4F770FC0120BDE8A7
S214036700F883F8B5074602200E46154606F063FEE4
S2140367100446A0B10D220521FFF7C1FBA37920464D
S2140367200C332344A3F80370A3F80D602A68C3F858
S21403673005206A68C3F80920E4F750FC0120F8BD79
S2140367402DE9FF4116466A4680460F4615460A9CC3
S21403675003F1100E9446186859680833ACE8030032
S21403676073456246F6D124B9022006F034FE044689
S21403677008B31D22ED212046FFF791FBA3790C33C6
S2140367802344A3F80380A3F80D702EB13268C3F830
S21403679005207268C3F809200F3304AE2A4603CADD
S2140367A0B24218605960154603F10803F6D1204635
S2140367B0E4F714FC012004B0BDE8F08113B51321FF
S2140367C0827901900C32841881544FF44072C2804F
S2140367D0E4F79AF9A07020B901A806F069FC02B0A4
S2140367E010BD8000013060700198E4F7F7FBF6E710
S2140367F070B5064602200D4606F0EDFD044678B158
S21403680004220521FFF76DFB0022A37920460C33F3
S2140368102344A3F803605D719A70E4F7DFFB01205D
S21403682070BD13B5837901900C33C418C05CE3F7CD
S214036830D7F920B901A806F03BFC02B010BD637877
S214036840019913F0300F0CBF012200228B79043319
S2140368508B714B7962F300034B71E3F79DFEECE714
S2140368602DE9F041E4F7F4FB83790C33C418B4F84C
S21403687003801FFA88F0E3F7B3F9054600B3A2795D
S2140368806179FEF7A7FE0646E4F7E8FB0746022310
S214036890324642F27A01FFF7EFFABB7938463B44B9
S2140368A0A3F81280E4F79AFB46B9A37933B12846D6
S2140368B0FFF757F801462846FEF764FDBDE8F0816A
S2140368C00226E1E700F069BE50E8003F0B4340E8CC
S2140368D00032002AF8D17047704770B50E46154649
S2140368E0E3F73CFB044648B93046E2F7DDFF0446CF
S2140368F020B92846E8F780FC044640B10020E3F7B9
S2140369002DFB0020E2F7D0FF0020E8F775FC2046B9
S21403691070BD4FF40010E9F7D9BDE7F72DBEE4F7D5
S214036920E7BD4368143B4360A0230B6070471AB966
S2140369304268A2EB530242600A6802EB83020A60D3
S2140369407047884210B518D8052816D9B1F5486F90
S21403695013D8B3F5FA7F10D240F67644A2F10A00B4
S21403696080B2A04209D801339BB24B435B00B3EB22
S214036970C20F94BF0120002010BD0020FCE7C943CE
S21403698050E8003F0B4040E80032002AF8D1704739
S214036990002070472DE9F04104460F4600264FF0CD
S2140369A00108214686F00100FEF723FD4FF48051CF
S2140369B0FFF7E5FF836833B940460EB1BDE8F081C3
S2140369C001268046EDE7028ABA4206D1002201215B
S2140369D0204698470028EFD1EFE70268D205EBD5AB
S2140369E000221146F4E708B5FEF71CFD00230380DA
S2140369F0436008BD70B506460C46FBF783FD0546A7
S214036A003046FEF70FFD30B103781C4304704FF495
S214036A100070E9F75BFD2846BDE87040FBF778BDDC
S214036A20E3F7BABD07B542798DF8071022F00302E3
S214036A3042F00302427140F203320DF10701C280B5
S214036A40012206F018FB03B05DF804FBF8B5174601
S214036A5006460C461D46FEF7DDFC020713D502214B
S214036A603046FFF75FF870B111212046FFF7DAFFD3
S214036A702046E4F743FF4570877021463046BDE85D
S214036A80F840E3F789BD28204FF08861C5F120025E
S214036A90A5F12003E94000FA02F220FA03F31143BA
S214036AA01943CB07E0D40D212046FFF7BBFF204652
S214036AB0E4F724FF4770E0E770B50C460546072168
S214036AC020461646FFF7AEFF2046E4F717FF21469B
S214036AD046702846BDE87040E3F75EBD38B50C4601
S214036AE000210546FEF7AEFC47F6FE73241AA4B251
S214036AF09C4205D928462821FFF759F8002038BDBF
S214036B000120FCE738B504460D4601460020FEF793
S214036B1070FC03689B0505D429462046BDE838402B
S214036B20FFF7DCBF002038BD2DE9F04115461F46B0
S214036B309DF81880FEF75DFC0446FBF7E3FCB8F10E
S214036B40010F064623D154E8003F43F4807344E81C
S214036B500032002AF7D105B354E8002F42F400723E
S214036B6044E80023002BF7D1FF212046FFF707FF59
S214036B7054E8002F48EA020244E80023002BF7D12A
S214036B803046A5602782BDE8F041FBF7C1BC4FF451
S214036B9080712046FFF7F3FEDDE74FF400712046D1
S214036BA0FFF7EDFEE0E773B5064601200C46FEF759
S214036BB020FC002305461A46009321463046FFF77D
S214036BC0B3FF6B6863B14FF480712046E3F732F886
S214036BD055E8003F43F4007345E80032002AF7D136
S214036BE0FBF790FC05462046FEF71CFC28B10388FD
S214036BF01BB14FF40070E9F769FC284602B0BDE804
S214036C007040FBF785BC38B505460C46FEF7F1FB2E
S214036C1083684BB102212046002298472146284626
S214036C20BDE83840FFF7BFBF38BD012938B5054674
S214036C300C4608D0CC1E012C03D801460120FFF7D2
S214036C40E2FF012038BD2221FEF74BFC20462946F1
S214036C50FFF7D9FF0020F5E708B5FEF7CAFB006883
S214036C6000F0F00008BD10B5014604460120FFF70A
S214036C70F3FF20B92146BDE81040FFF7EDBF10BD76
S214036C8070B506460C4601460120FEF7B2FB3146B8
S214036C9005460020FEF7ADFB2B680268014643EA73
S214036CA00200C0051ED49B0502F4007203D49AB9F1
S214036CB04FF0FF3070BD2B8A1B1B98B27AB1098A3E
S214036CC0091B89B28842A8BF08464FF6FF7398424D
S214036CD008BF4FF0FF30EDE74FF6FF70EFE74FF6D4
S214036CE0FF71EFE70120E5E72DE9F3410446019143
S214036CF0014601201546FEF77CFB2146064600208A
S214036D00FEF777FB80462046FEF77CFB810606D51A
S214036D1001A806F0CDF90C2002B0BDE8F081FBF720
S214036D20F1FB336807469A0503D4D8F800309B0571
S214036D3009D50199301D8D6006F088FA3846FBF7B1
S214036D40E7FB0020E8E7FBF7E3FB20460199A847AB
S214036D50E2E738B5014604460120FEF74AFB05463E
S214036D600C3006F0A5F9281D06F0A2F921460020EE
S214036D70FEF73FFB04460C3006F09AF9201DBDE8EB
S214036D80384006F095B970B5014605460120FEF772
S214036D9030FB0646043006F0EFF9044670B14FF4B4
S214036DA000713046FFF7EBFD21462846A368984757
S214036DB020B12046BDE87040FAF756BE70BD0023EA
S214036DC08260C0E90031704708B50B460146184695
S214036DD0FEF70FFB0068C0F3402008BDFFF725BF92
S214036DE0CB1E012B70B504460D46164606D81A214F
S214036DF0FEF777FB40212046E2F71CFF3246294682
S214036E002046BDE87040FFF710BF38B504460D4670
S214036E10FEF753FB28B1012D04D122212046FEF7AD
S214036E2060FB002038BDF8B50C468B7907460B444B
S214036E30D3F80D60D3F811303246E3F78FFB092100
S214036E402046FFF7EFFD2046E4F758FDA579E4F763
S214036E507BFC0C3566F0FF0625440640C5F801604A
S214036E60E4F772FC3846C5F805102146FFF7D8FD4F
S214036E7002213846FFF7BEFDF8BD70B50E4605463F
S214036E8001460020FEF7B5FA012E044603D0022E73
S214036E9011D0012070BDC16828468B7919440D3185
S214036EA0FEF781FBE068FAF7DFFD00202946E06085
S214036EB0FFF779FEEDE7C068FAF7D6FD0023E36037
S214036EC0E7E738B50D46044601460120FEF791FA7A
S214036ED0012D08D100F112012046FEF764FB21467E
S214036EE02846FFF760FE012038BD08B5FEF78AFA8C
S214036EF0C0F3C00008BDF8B50C460546FFF7F5FF1E
S214036F0080F00107FFB229463846FEF772FA0646B6
S214036F10C068012C837903D0022C20D00120F8BD51
S214036F200C33C41823892846E288A188FEF713FC8D
S214036F306188627849005200284689B2FEF79DFAB6
S214036F40F068FAF791FD002328464FF48031F3608A
S214036F50FEF75DFA29463846FFF725FEDEE7FAF721
S214036F6083FD00234FF480312846F360FEF74FFA83
S214036F70D4E708B5FEF74EFA00F0010008BD38B5B1
S214036F800C4602210546FEF747FA0C212046FFF77A
S214036F9049FD2046E4F7B2FC4FF0FF33837002232B
S214036FA0C3700D2343706FF02F030371052321462F
S214036FB043712846BDE83840FFF732BD042910B5B3
S214036FC0044601D0002010BDFFF78FFFC0F102007A
S214036FD0E4F760FB0028F5D106F0FDF9014608B991
S214036FE00220F0E72046E4F7A3FF0028F8D10120AB
S214036FF0E9E708B5FEF706FAC0F3C00008BD2DE9B9
S214037000F0410F4604469046FFF7F3FF80F0010574
S214037010EDB221462846FEF7ECF9012F064603D0CB
S214037020032F0FD001200BE02046FEF762FE22213D
S2140370302046FEF756FA28462146FFF7E4FD0020D1
S214037040BDE8F081C068FAF70FFD00232046F36021
S214037050FEF74FFE20465FFA88F1FEF742FA204617
S2140370602021E2F7E7FD21462846FFF7CCFDD9E7C6
S21403707037B504460D46FEF7CDF903054CD5022079
S21403708006F0A9F90190002848D0204645B3FFF73B
S214037090B0FF50B105210198FFF7C4FC0198E4F74F
S2140370A02DFC20460199FFF7BBFC20462946FEF738
S2140370B02BFE2046FFF79DFF78B94FF4006120466C
S2140370C0FEF7A5F906210198FFF7ACFC0198E4F753
S2140370D015FC20460199FFF7A3FC002003B030BD42
S2140370E0FFF787FF68B10199032306222046FFF7BF
S2140370F0ADFC2046FEF7FDFD21462846FFF783FD3F
S214037100EBE701A805F0D4FF20463D21FEF74FFD2F
S2140371102046FEF7EEFDE0E70C20DFE70720DDE77D
S214037120F7B5014604460020FEF763F9054600F16D
S21403713012074FF48060E4F7ADFA50B92046E2F741
S21403714063FD3A46698B80B203B0BDE8F040FFF7B3
S214037150D8BA2046E2F758FD064620466D8BFEF762
S2140371604FF900220346009229463A46B0B2FFF78B
S214037170E7FA03B0F0BD83781A2B09D81B23837074
S2140371800288B2F5A47F07D24FF4A473038007E006
S214037190FB2BF5D9FB23F2E744F290239A42F5D86A
S2140371A07047F0B50446CA798B7987B043EA022361
S2140371B0ADF80C308B8803A88DF80E30CA788B7820
S2140371C040F6480543EA0223ADF810300B8805A9BC
S2140371D08DF81230FFF7CFFF04A8FFF7CCFF204649
S2140371E0FEF715FD0B212046FEF7CBFC44F2902359
S2140371F0002818BF1D46BDF80C709DF80E30BDF86C
S2140372001460BDF810209DF816009DF81210AF42CA
S214037210D4BF00970095FB2BA8BFFB23B242A8BFA1
S21403722032468142A8BF01462046FEF707FB07B059
S214037230F0BD37B5144605461046FFF7F3FB204668
S214037240E4F75CFB01A904462846FEF7E0FC0B21A5
S2140372502846FEF796FC6FF004036370002344F29F
S2140372609022A37040F64803002818BF1346A4F8DC
S21403727003309DF80630A4F80530BDF80430A4F8B2
S214037280073003B030BDFFF7D0BC022973B50546FF
S2140372900C4603D00024204602B070BD0521FEF73D
S2140372A041FC0028F6D0E3F70FF81B28F2D94FF479
S2140372B00040E4F7EFF90028ECD106F08CF8064618
S2140372C00028E8D0284601A9FEF7A1FC3146284647
S2140372D09DF80630BDF80420E5F7FEF80028D9D15E
S2140372E00124D8E730B190FAA0F00123B0FA80F079
S2140372F08340D8B2704770B50646FEF78BF880F029
S214037300400402060546C4F3801406D4082130461A
S214037310FEF71DFC08B144F00204EB0506D40B216E
S2140373203046FEF714FC08B144F00404204670BD52
S2140373302DE9F843044691460F46FEF76BF8C0F373
S21403734040152046FEF70AFB214680462846FEF7F0
S21403735050F8494606462046FEF7C3F898F801104B
S214037360384601F00F0100F0F4F9062814BF014671
S21403737000212A462046FEF795FA21462846FFF7BF
S21403738012FC20212046FEF74AF856E8003F43F455
S214037390805346E80032002AF7D1BDE8F883F8B5F3
S2140373A00E4604461546FEF735F8032EC0F340177F
S2140373B00DD0042E16D0012E12D122212046FEF720
S2140373C090F838462146FFF71EFC0020F8BDEAB2C7
S2140373D000212046FFF7ACFF21463846FFF713FC93
S2140373E00120F3E70C22F3E7012910B504460BD17D
S2140373F0FEF710F82146C0F34010FDF7FAFF00220F
S214037400817C2046FFF794FF012010BD2DE9F7434A
S2140374100F460546FDF7FEFF00F02009C0F34018AF
S2140374202846FEF79BFABB790C333B445E789B7881
S2140374301E400378C3F3030000EA13103040FFF73F
S21403744051FF044648B9B9F1000F06D12846FFF7A5
S21403745052FF3040FFF746FF04462846FEF781FA00
S214037460E5F7B6FFA04223D01CB302212846FDF75A
S214037470E9FF002106462846FEF70BF91821384691
S214037480FFF7D0FA3846E4F739FAB6B2394644700D
S2140374908470A0F803602846FFF7C2FA2346224604
S2140374A0294640460096E5F751F803B0BDE8F08359
S2140374B000242646E2E770B504460D46FFF7D3FBE5
S2140374C028B929462046BDE87040FFF79FBF4028ED
S2140374D029462046BDE870404FF0160314BF2A2203
S2140374E02322FFF7B3BA38B505460C46FDF792FFDD
S2140374F0830604D42046BDE83840FAF7B5BA2146D9
S2140375002846BDE83840FFF781BF73B58C79064639
S2140375100C340C440D46FDF77DFFA278C0F34010F3
S214037520032A14D0052A28BF00226378032B10D021
S214037530052B28BF0023B4F8031000913146E5F766
S21403754005F8284602B0BDE87040FAF78DBA002267
S214037550EBE70023EFE708B58B790B441B7B162B71
S21403756003D0172B05D0002008BDFFF7A4FF01208A
S214037570FAE7FFF7B8FFFAE708B58B790B441B7BEE
S214037580162B03D0182B05D0002008BDE5F708F806
S2140375900120FAE7FFF7B9FFFAE770471FB54A1E5F
S2140375A0042A03460C465FD8012902D1008804B09A
S2140375B010BD022905D100885B88984238BF18465B
S2140375C0F5E74A00014601A805F0FCF9032C07D1AC
S2140375D00023ADF80A304FF6FF73ADF80C3001E028
S2140375E0042CF8D0BDF80620BDF80430934284BFBF
S2140375F0ADF80630ADF80420BDF80A30BDF80C200F
S214037600934288BFADF80A20BDF80A2088BFADF8BC
S2140376100C30BDF80430934288BFADF80A30BDF88D
S2140376200620BDF80C309A4288BFADF80630BDF888
S2140376300820BDF80630934284BFADF80830ADF895
S2140376400620BDF80A30BDF808209A4288BFADF878
S2140376500830BDF80820BDF806309A4238BFADF8AA
S2140376600830BDF80800A2E74FF6FF709FE78307D0
S21403767005D410F0040F14BF032001207047022026
S2140376807047012804D0022804D030B9E6F714BBAB
S214037690E6F702BB0020E5F77BB9704710B1012877
S2140376A003D070470120E5F773B90020FBE7F7B571
S2140376B01F468B1E012B05460C46164613D8FDF7B0
S2140376C09DFA0023CDE90005F01A18BF01201A46DB
S2140376D03946FDF7A3FA80B1022C0BD12846E3F70F
S2140376E0FFFE002004E00029F8D0012902D0FF2085
S2140376F003B0F0BD2846E3F737FF0120F8E770B57F
S2140377000D4600219DF810600446817106F10C01B8
S2140377104173111E18BF012103F00F00237B40EABB
S214037720C11003F04003184320732B469DF8141032
S21403773004F10E00FFF7BBFF237B0E3660F38613C0
S21403774023732B686361AB882383A3793344E37184
S21403775070BD022808D0042803D0012818BF0620CD
S214037760704701F00101C81C704708B5E7F7BAF87F
S214037770BDE808400020E7F7DDBAC94350E8003FFC
S2140377800B4040E80032002AF8D17047E8F76ABC9D
S2140377900A2802D80130C0B27047242801D8023024
S2140377A0F9E7252805D0262805D0272818BFFF2067
S2140377B07047002070470C20704708B5E6F734FE84
S2140377C0BDE808404FF00060E8F780BE08B5E8F76C
S2140377D04FFC20B1BDE808401020FFF7EEBF08BD00
S2140377E07047704770477047704700207047704770
S2140377F07047704770477047104619467047002019
S2140378000021704704F008BCF2F770BF04F0BCBC5C
S21403781008B5E7F70BF820B1BDE808400420FFF7EA
S214037820CCBF08BD10B504460846E5F7F3FDB4F92A
S2140378300820824203D02081E7F782FA608110BDD8
S214037840F0B587B00D4616468DF8070002B9A3B308
S21403785029469DF80700FDF7E7F90446B8B9294617
S2140378609DF80700FDF7E6F940BB16B39DF8071031
S214037870003918BF012128460DF10F02E7F77CFCFB
S214037880F8B99DF80F40013418BF012416E004AF81
S214037890012239460DF10700FDF7CAF904464EB139
S2140378A09DF80730191E18BF0121002818BF3D4652
S2140378B0E1E70124FDF7A5F900B90124204607B046
S2140378C0F0BD4FF0FF34DEE7CB08C25C012301F0C6
S2140378D007018B401A4214BF0120002070477047EF
S2140378E07047024619460020E7F724BB002070477E
S2140378F00020704707B500214FF0FF336A4608465D
S21403790000938DF80430E7F7B9FC03B05DF804FB89
S21403791038B50546006805F05DFA0446287900F098
S2140379201F0005F057FA2044C0B2012894BF002078
S214037930012038BD70477047914270B50D46144616
S2140379401E4609D2FFF722FF641B013490FBF4F3B3
S21403795003FB14000544ACB23480FFF717FF3388EB
S2140379600133B0FBF3F202FB1300049B188070BDD7
S21403797070477047012810B50C4607D002280DD073
S21403798088B9BDE810400846E7F74CBDE5F7D2FCDA
S214037990844208D1BDE81040E6F7A4BF0846BDE818
S2140379A01040E7F727BE10BD002337B505460C4643
S2140379B001A841210193E6F71DFE019830B1E5F7D2
S2140379C033FA072805D001A805F072FB002003B0A0
S2140379D030BD2A4620460199E7F7B8FEF7E70428A4
S2140379E010B50C4608D10320FFF7DEFF40B920464A
S2140379F0BDE81040E7F7FEBDBDE81040E8F774BAEF
S214037A0010BD032838B504460D460ED0042810D002
S214037A1005384FF0010118BF0120E5F7ADF82946F8
S214037A202046BDE83840E8F75FBABDE83840E6F7D9
S214037A30CFB9FFF7B9FF10B92846E7F7DBFDBDE876
S214037A40384001210846E5F797B87047012070478C
S214037A5013B50C4601A9E0F703FD10B9019BC4E971
S214037A60003002B010BD08B5202000F0B4FE003888
S214037A7018BF012008BD08B5FFF7F5FF20B1BDE824
S214037A800840202000F0AFBE08BD73B506460D467D
S214037A901446D2B100F09CFEA84218D8304600F037
S214037AA0ACFE01460190A0B100232A46204605F00D
S214037AB0F5FA01A805F0FCFA2246022052F8041B48
S214037AC000F048FE002002B070BD2220FBE7212014
S214037AD0F9E72D20F7E70020704730B50446154632
S214037AE087B00846FEF71BFF122200210DF10600A1
S214037AF004F033FFA368ADF804500293E3680393DE
S214037B00E38BADF81030238CADF81230FFF7E3FFAC
S214037B10029B8DF8140043F41053029300F0C9FD42
S214037B2018B1029B43F00403029301A8E3F7C4FDD4
S214037B3010F0FF0516D1A38C0DF10201ADF800304D
S214037B40E38C6846ADF8023000F042FDE8F708FD26
S214037B50FEF7E3FE012104F069F9EAF7A7F92846E0
S214037B6007B030BD40F20C40FAE7E8F709BDC16044
S214037B70704741EA002008B540F49020FCF7A6FAC7
S214037B80014640B110F1880F05D0BDE8084040F229
S214037B900740ECF72BBF08BD0120704770B50C46B5
S214037BA0064611461D46E8F7B3FD58B144EA0620DB
S214037BB06FEA40406FEA50402A46BDE8704080B204
S214037BC0E8F7FABC40F2064070BD837901461A070F
S214037BD003D506220020E8F72BBE9B0602D5062215
S214037BE00120F8E74FF0FF3070478379532B01D11C
S214037BF0E8F750BEFFF7E9BF70B5064614461D46C4
S214037C00E8F786FD10B90024204670BD41EA062039
S214037C106FEA40406FEA50402A46214680B2E8F7B2
S214037C20E9FC0028F0D0EEE710B5EBF76FFC04464E
S214037C3028B10124204610BD436ADB06F9D4EBF7CE
S214037C4053FB0028F8D1F5E700207047532838B5D2
S214037C5005460C4604D1BDE838400846ECF74ABF53
S214037C600620FAF797F868B96379142D03F03F03F3
S214037C70637104D0722D08D163F03F036371002053
S214037C80A57138BD40F20740FBE72120F9E7002342
S214037C9003608380837170471FB550F80C4BADF8B3
S214037CA00A3094F87040069BADF806108DF808204D
S214037CB040F2035101AA8DF80440039305F02DF911
S214037CC010B906A805F0F4F904B010BD2DE9F0418B
S214037CD04FF0000886B004460E461546CDF80C80D5
S214037CE000F1440712B303A805F0E2F9384605F09D
S214037CF0DFF984F81C8000233246009318212B46B4
S214037D00204600F0F0FE05F58855204650F80C3B5B
S214037D1040F2055193F8703004AA8DF8103005959B
S214037D2005F0FBF8002006B0BDE8F08143691A07AA
S214037D3010D4A846384605F0D9F903460390C0B9CF
S214037D4003A805F0B5F9384605F0B2F90023237702
S214037D5055B1D0E723F00803436103A805F0A8F95B
S214037D60384605F0A5F92577204600F038FF0025AC
S214037D70CBE79979204601F10C021A44B2F8016068
S214037D800531B2F803209971314601F0F6FCCDF8BF
S214037D900C800028CED00546D2E72DE9F84F0E46D4
S214037DA091469A4605469DF828B010B1037C012BF0
S214037DB060D0284601F0FDF9304601F074FB00223E
S214037DC031468046284601F0DEFB0746304601F082
S214037DD060FE42F6052398421CD118F0300F26D1D8
S214037DE0BBF1000F33D018F0200F3FD0BA073FD5B2
S214037DF0EB8B002B38D153464A463146284600F0D3
S214037E0020FF0446E8B940F20A412846EE8301F013
S214037E10DEF916E0284601F081FA0028DDD0284670
S214037E2001F091FA0028D8D041F2121409E0B907FC
S214037E30D6D03146284601F042FC0028D0D000F5C3
S214037E408854284601F0BAF92046BDE8F88F18F0A2
S214037E50100F0BD0FB070BD553464A463146284630
S214037E6000F0CCFE0446ECE70524EAE72124E8E725
S214037E700224E6E70724E7E72DE9F047002586B066
S214037E809DF8389090F81CA004460F4690460F9E27
S214037E900577B9F1000F09D00A464B4651460096BE
S214037EA000F021FE284606B0BDE8F087BAF1080FB9
S214037EB0ADF8169026D145893246043DADB29D42B3
S214037EC04FF002014FF00900A8BF1D4600F09CFDCD
S214037ED00222814605A93046ADF8147005F079FBF9
S214037EE02A464146304605F074FB0546831C314658
S214037EF0204689F80130EBF793F8ADF81650BDF835
S214037F001600D0E7BAF10A0F0DF116020CBF0B21CB
S214037F100D21CDE9016200930122434600F007FEDE
S214037F201A28ECD111233A4651462046CDF8009044
S214037F30ADF8169000F0D7FDE1E7F0B5002589B05F
S214037F401746012204460E460393ADF8165001F079
S214037F5049FB8DF81500002846D1304601F0BFF9DD
S214037F6010B1304601F07BFA304601F0ACFAB8B1F6
S214037F7003A805F09DF8204650F80C2B237F92F8B3
S214037F80702040F202518DF8182006AAADF81A6048
S214037F908DF81C30ADF81E7004F0BFFF09B0F0BDBD
S214037FA00DF115030DF116023146204601F0B7FB1D
S214037FB09DF8153002465BB9BDF81630BB4235BF97
S214037FC00723DB1B8DF81530D21928BFADF8163002
S214037FD0039B314601939DF8153020460093BDF868
S214037FE01630FFF749FFD9E72A46F1E770B504468E
S214037FF00D46164601F073F940B933462A46214624
S21403800001F0BBFB08B100F5885070BD41F20310C8
S214038010FBE71FB550F80C4BADF80A3094F87040E8
S214038020069BADF806108DF8082040F2015101AA10
S2140380308DF80440039304F070FF10B906A805F00A
S21403804037F804B010BD1FB550F80C4BADF80A3026
S21403805094F87040BDF81830ADF806108DF8082077
S21403806040F2045101AA8DF80440ADF80C3004F038
S21403807054FF04B010BDF0B5122785B003920777FE
S214038080022205460E4601F0ADFA044668B103A87F
S21403809005F00EF800232B770023324600931221B7
S2140380A02346284600F01FFD0FE0039A30469379D7
S2140380B00333937101F007FA48B1039B3A460093E2
S2140380C0314623462846FFF7E7FD05B0F0BD42F6E6
S2140380D0293001F045FCB04220D1039830B903A8FB
S2140380E004F0E6FF00230D242B77D5E705F04CF8C4
S2140380F080B20128F3D1039B28469A791344197B4F
S21403810001F047F9044603A804F0D2FF00232B77B7
S214038110002CC1D1284600F029FDD6E72246314679
S2140381202846039B01F029FB0446EFE72DE9FF41B0
S2140381300392042204460D4601F054FA074628B17A
S21403814003A804F0B5FF04B0BDE8F0814FF0520871
S214038150039A284693790333937184F81C8001F0BD
S214038160B2F9064640B1039B4246009329463B4676
S2140381702046FFF791FDE6E742F6293001F0F0FBD3
S214038180A842039B0BD19A7920461344197B01F02E
S21403819000F903A804F08CFF00232377D3E73246C5
S2140381A02946204601F0E9FAF6E72DE9FF418B79E7
S2140381B004460C330B44B3F801700E463846B3F846
S2140381C0038001F068F9002858D002223946204679
S2140381D001F008FA0546E8B9384601F074F968B1C3
S2140381E016222277B37939460533B37120464346C0
S2140381F00096FFF751FD04B0BDE8F081F9F7DCFB0C
S21403820033461B680135EDB2002BFAD10635A8427A
S2140382101DDC092504F1440004F04AFF2B463A46C8
S21403822016212046009600F05EFC092DE3D1204679
S21403823050F80C3B40F2055193F8703002AA8DF8C3
S214038240083041F20913039304F067FED3E70121D4
S214038250304605F089F901460028DAD004F14400D7
S21403826004F0F4FFB37942460533B3713946334617
S214038270204604B0BDE8F04100F087BC0125C9E7FD
S21403828013B5044641B9443004F012FF204602B049
S214038290BDE8104000F0A3BC18224369027713F030
S2140382A0080306D0002319460093FFF7F5FC02B037
S2140382B010BD1A46194602B0BDE81040FFF706BDCA
S2140382C07FB5C58B04462DB342F6052001F048FB67
S2140382D0A84207D10021204601F03CF8636923F049
S2140382E001036361002640F20A41204600F075FF51
S2140382F029460DF10E022046ADF80E6001F043F953
S214038300BDF80E2003460092294602222046FFF7B8
S2140383109AFEE68304B070BD2DE9F0470E469046FC
S2140383201F460446BDF8209018B941F20110BDE877
S214038330F087084601F0AFF80028F6D06589033DBC
S214038340ADB24D4509D34B463A4631462046CDF8A5
S2140383502080BDE8F047FFF720BD4920E7E7F7B5E3
S21403836004461F460E46154600F023FF237C012BCA
S21403837058D0237F182B2CD063691B0713D5217F76
S21403838016292DD008D8122914D00225204600F02D
S21403839015FF284603B0F0BD18291AD05229F4D188
S2140383A00023237713E0304601F08DF80028E6D14A
S2140383B02125EBE70023237735B1009332462B467E
S2140383C0204600F090FB02E0204600F0CFFB00259D
S2140383D0DCE72A4631462046FFF778FC0546D5E714
S2140383E000232377002DE8D105211720BDF824307C
S2140383F0089A009500F02CFB20B91123324612216F
S2140384000095DDE700F0E1FA6269034642F00802F0
S214038410626182793146053282713A46204600F01F
S214038420B4FBD4E70725B1E72DE9F041054688B04C
S21403843042F6052001F094FA064604A8EBF758FC2A
S214038440102205F121010DEB020004F05CFA50B195
S2140384500121284600F07EFF284601F033FB6B69B6
S21403846023F001036B6142F60303022003A9ADF870
S2140384700C30EBF785FD012407464FF00008204635
S2140384803A464FF6FF7101F030FA044610B908B0C9
S214038490BDE8F08100F0FFFF0134A4B20028EED05F
S2140384A0A64203D131462846E8F726FE214628464B
S2140384B00DF10E02ADF80E8001F065F803460028B4
S2140384C0DDD0BDF80E202146009228460122FFF794
S2140384D0BAFDD4E708B5EBF7F9FB0020E9F79AFAFB
S2140384E0002008BD10B90120E9F788BB70470220B9
S2140384F0E9F77ABB0020E9F777BB38B50C460546A3
S214038500E2F7A6FD4379C47523F0030343F00303A0
S21403851043710923837104F10C03C371A0F815504A
S214038520153038BD2DE9F3410D4616468046E2F771
S2140385308FFD05F10C03C3714379044623F003034F
S21403854043F003034371092301908371A0F8158058
S21403855000F11507304604F017FE33460544E5756B
S2140385603BB901A8314604F071FE384602B0BDE8B7
S214038570F0815A7922F0030242F002025A711B6814
S214038580EEE708B5E2F76AFD83790C33184408BDB5
S21403859008B5E9F781FAECF755F8E8F7B5FCEBF719
S2140385A069FABDE80840FFF7A5BF38B505460C468F
S2140385B0E9F71EFC28B928462146BDE83840F9F7F6
S2140385C003B928462146F9F7FFF8FFF790FFEFE7D0
S2140385D073B50E4605F0A5F8044600BB42F6072021
S2140385E001F0BEF90546D0B10A22B6F900300021E3
S2140385F0002BCBBF0533053BB3FBF2F393FBF2F340
S2140386005BB28DF8073001230DF10702184605F01B
S2140386100DF8002203462946104601F0AEF8204620
S21403862002B070BD430803F05503C01A00F03303CD
S214038630C0F3850000F03300184400EB101000F080
S2140386400F007047002110B5421D441E14F8010F99
S214038650FFF7E8FF94420144F8D1084610BD0078BE
S214038660EAF75EBD13B50C460DF107020DF10601E0
S21403867000F037FB30B19DF80600031B5842584103
S21403868002B010BD0120FBE77047EAF729BF704729
S21403869008B5EBF78DFD002008BDECF735B9EAF712
S2140386A023B97047704770477047E8F74FB870476D
S2140386B0704700207047704770477047F8B5044608
S2140386C00F46164613680A461D0A0021043504F0B1
S2140386D044F9EDB221222046394604F037FC204601
S2140386E0294604F0BCFCA27933681444E360F8BD61
S2140386F070477047704770477047704702464FF49D
S21403870082712020FFF7C1B9014608B500F0380092
S214038710EAF71AFA78B1D0E901324078C1F3074193
S21403872010F0020F08BF1346043B53F8040F10B1B2
S21403873002788A42F9D108BD38B505460C4604B915
S21403874038BD013C55F824301B69002BF7D09847F9
S214038750F5E770477047F8B543780546DB0701D45D
S214038760EAF730FA00266B786F6823F00C0343F0C1
S21403877002036B7057F826402CB9202005F10C0134
S214038780F9F7BCF90FE0A3680136002BF2D098473F
S21403879004460028EED031463846FFF7CDFF6B7807
S2140387A023F002036B702046F8BD4078C0F3400008
S2140387B07047437813F00E0F0CBF0120002070475C
S2140387C010B5EAF769FA0446EAF77EFA204610BDC2
S2140387D04FF48270704708B5EAF7B6F9C0680038F8
S2140387E018BF012008BD08B5EAF7AEF920B1BDE809
S2140387F00840C06804F08DBC08BD38B5EAF7A4F994
S214038800044650B1F9F77EFE054604F10C0004F069
S2140388106DFC04462846F9F77BFE204638BD37B57F
S2140388208379019003440446D86800F03800EAF7D9
S2140388308BF9054628B901A804F03AFC022003B0D8
S21403884030BD204604F03EFCF9F75CFE0446019971
S21403885005F10C0004F0FAFC2046F9F759FEE7F799
S2140388609DFD0020EBE72DE9F04104461F46250257
S214038870C4F3072305F4E06524F47F441D4324F082
S214038880C704EE1944F080048B7944EA16243602B2
S214038890B6B20C333443084601EB0308CC501146FA
S2140388A0FFF7BDFF20B94544EF704046BDE8F081B1
S2140388B04FF00008F9E7427810B50432044601F099
S2140388C00400D2B2002140F0290004F045FE18B19E
S2140388D0837922680344DA6010BD10B50021FFF7E0
S2140388E0EAFF044608B9002010BD0179FFF797FF99
S2140388F00028F8D1A3790C33E018F5E72DE9F04109
S21403890017461A46036801F004011C0204F4E064E7
S214038910C3F307231C4341F02905043406463B46AC
S2140389202146284604F082FE804650B1E1B204F0A8
S214038930FFFB3B462A4641463068BDE8F041FFF759
S21403894092BFBDE8F0812DE9F341002401F0040154
S2140389500768064641F02905106829461460019009
S21403896004F0B0FB019804F00FFC390201F4E06157
S214038970C7F30727394380460122043101A804F0D0
S21403898067FD30B101A804F093FB204602B0BDE8B2
S214038990F08143462A4601993068FFF764FFF5E7FE
S2140389A0A0F86E10704701238B4090F8711019439E
S2140389B080F87110704708B50120F9F715F8C0B2B2
S2140389C008BD83790C33184470471438704710B5C4
S2140389D00446A1F1140004F0D7FB201A20EAE07045
S2140389E080B210BD70B51C460D461646FFF7EFFF66
S2140389F0A04207D322463146A5F1140004F0E9FD50
S214038A00012070BD0020FCE770B506460D461446EF
S214038A107AB90A462046082104F09EFD044690B91A
S214038A202A460821292004F097FD044658B9204613
S214038A3070BD104604F03CFB204604F0C0FC08233F
S214038A401D44A371E571A3790C331C442670EEE72D
S214038A502DE9F0411646069A074688461D46FFF757
S214038A60D3FF0446F0B114382A463146069004F084
S214038A70B0FD854217D9069B06A81C7904F020048E
S214038A8004F016FB74B942460821292004F064FD5D
S214038A902A463146069004F09CFD854206D906A870
S214038AA004F006FB00242046BDE8F081069A93797D
S214038AB00C33D418D754F6E711B11439EAF7B0BA21
S214038AC01A20704738B5002204460D4602200321BB
S214038AD0FFF79AFF014608B1A0F801502046BDE80B
S214038AE03840FFF7E9BFF8B504460F46164605219A
S214038AF00120069A1D46FFF787FF014638B14770E7
S214038B00468005712046BDE8F840FFF7D5BFF8BD9F
S214038B1038B50D46032104460846FFF775FFA0F84F
S214038B20015001462046BDE83840FFF7C5BF73B580
S214038B300546084611466C891A46641ABDF818306D
S214038B40A4B29C4228BF1C46079B089E009323465C
S214038B50FFF77EFF014630B12846348002B0BDE8F9
S214038B607040FFF7A9BF1A2002B070BD012110B5EF
S214038B70002204461320FFF747FF014620B1204694
S214038B80BDE81040FFF798BF10BDF7B5448905460A
S214038B9018460F461646019304F0F6FA053CA4B2AF
S214038BA0844203DA011B01A804F090FB0521019817
S214038BB004F015FC014628B901A804F079FA1A2036
S214038BC003B0F0BD83790C33C2181720C854284667
S214038BD0A2F80170A2F80360EAF722FAF0E701218F
S214038BE010B5002204461920FFF70EFF014620B1F8
S214038BF02046BDE81040FFF75FBF10BD73B50E46B5
S214038C00002144890546033CA4B2A342009128BF31
S214038C10234603211B20FFF71BFF014670B10122E9
S214038C2010F80F3CA0F8016062F3071300F80F3C3E
S214038C30284602B0BDE87040FFF73EBF1A2002B0D8
S214038C4070BD73B50E46002144890546033CA4B2A5
S214038C50A342009128BF234603211D20FFF7F8FEF9
S214038C60014638B1A0F80160284602B0BDE870405E
S214038C70FFF722BF1A2002B070BD4B88042B07D122
S214038C80836C08885B8998428CBF0020012070475C
S214038C900020704710B50446806920B10021EAF72A
S214038CA0FBF80023A36110BD07B501A9EAF79AFAFA
S214038CB030B9019B586AC0F3C02003B05DF804FBCB
S214038CC00020FAE7002008B5EAF70EFB08B9FF20F4
S214038CD006E0C37B012BF7D1436ADB06F4D50078A5
S214038CE008BD73B50E4601A91546EAF77BFA90B997
S214038CF0019A546A14F010030FD0C4F3003434708E
S214038D00D37B5A1E042A02D8D81E18BF0120287007
S214038D10012002B070BD0020FBE71846F9E738B51E
S214038D20436A04465B0705D5002300781A461946AE
S214038D30EBF766FC636A9D0706D52046EAF766FAF4
S214038D40636A23F002036362636A18070DD521463C
S214038D50E27911F8010BC2F3C002EBF7EFFB05460D
S214038D60E8B9636A23F008036362204600F0FAF961
S214038D700546A0B9626AD10611D5D30404D52046A8
S214038D80FEF762FF40B11BE01206E37B09D4E37BE8
S214038D90626A023B012B15D9616A48071FD428462D
S214038DA038BD03F0FB03012BF6D021692078EBF7DF
S214038DB0EBFB636A256123F0800363620028E6D039
S214038DC00546ECE7D305E7D561692078EBF7FAFBB0
S214038DD000236361636A23F480736362D2E7E37BF1
S214038DE0A28D012B03D1A2B1802A28BF802211F0C5
S214038DF0400F94F830304FF0010118BF012320785C
S214038E00EBF7FEFB0028DBD1636A23F004036362FF
S214038E10C5E74022EBE7F7B50E4601A91546EAF784
S214038E20E1F9F8B9019C2F689EB904F1100004F02B
S214038E303FF9606A276140F080000023606210F00B
S214038E4010002B600ED0204603B0BDE8F040FFF7BD
S214038E5066BF04F1140004F02BF9606A676140F4FE
S214038E608070EAE703B0F0BD37B50D46002104462F
S214038E7001915BB92046294601AAFFF7CCFF0446B9
S214038E8001A804F015F9204603B030BD084604F0E7
S214038E90CDFB01900028EDD11A24F4E7002010B58D
S214038EA0EAF722FA044600B910BD636ADA060BD560
S214038EB05B0409D42046EAF7FFF8636A204643F0CA
S214038EC006036362FFF72BFF2046E9E790F8393085
S214038ED037B55B0704460D462AD4EAF7EDF86B1E52
S214038EE0042B14D8032D12D0E379142B22D0A369B4
S214038EF06BB96846FEF7CBFEE8F780F86946E9F7F4
S214038F0041FF18B91A25284603B030BDA061636A2D
S214038F10E57343F016036362E8F716F82046FFF797
S214038F20FEFE05460028EED02046FFF7B3FEEAE72E
S214038F300225E8E72125E6E707B501A9EAF752F98E
S214038F4030B90198C17B03B05DF804EBFFF7BEBFF1
S214038F5003B05DF804FB37B50C4601A9EAF742F9FE
S214038F6018B9052C019D02D9212003B030BD28690C
S214038F7004F00AF91F28F7D8686904F005F91F28D2
S214038F80F2D8012CF0D0231F012BEDD92146284619
S214038F906B6A23F482536B6203B0BDE83040FFF77D
S214038FA095BF13B501A9EAF71DF978B9019C636A61
S214038FB0204623F0500343F004036362FFF76AFE80
S214038FC0204602B0BDE81040FFF7A9BE02B010BDB0
S214038FD037B5FFF777FEFF28044613D001A9EAF753
S214038FE001F978B9019D6B6A284623F010036B627A
S214038FF0FFF750FE204605F1340103B0BDE83040CC
S214039000E8F7A6BF03B030BD002337B580F872304B
S21403901040F6FF73A0F86E3083680446DA040D4604
S214039020C16010D443F480636A46A36040F2032110
S2140390302046CDE9004503F070FF00212046E9F7FE
S2140390402BFF03B030BD90F87600FFF775FFA368DB
S21403905023F48053E8E773B56E4604464A793046F0
S2140390600D460631E8F70EF896E80300A4F850100C
S214039070090C11F0800FE06484F8521004F15303D6
S21403908012D00122184605F11201E7F7FBFF0C3553
S2140390902846FFF7D7FA28B10122294604F15A00D9
S2140390A0E7F7F0FF02B070BDB4F8501094F8522002
S2140390B0C4F8530099809A71E9E71FB590F87420B5
S2140390C0044602F0010301908DF808300BB102F05C
S2140390D002038DF8093094F8753020468DF80A306F
S2140390E0039101F0FAFB4FF4017101AA204603F045
S2140390F014FF2046E9F75CFF04B010BD10B5044624
S214039100E7F77CFF2146BDE81040E9F73BBEE9F7E9
S2140391109BBEFFF750BC0A460021EBF75DB813224F
S2140391200121EBF759B8826838B5C2F3803204469A
S214039130B0F86E000D46EBF7F5F820B9A3681DB13D
S21403914043F40053A36038BD23F40053FAE783794E
S2140391501A0705D413F0100F0CBFFF200120704729
S214039160002070470020704710B5044660B1806C3D
S21403917050B1EAF78DFCA06C0028FAD12046BDE872
S21403918010400321E9F788BE10BD438907B58B421B
S2140391900CD050F80C2B40F2014192F87020ADF839
S2140391A006308DF8042001AA03F0B7FE03B05DF87D
S2140391B004FB436943F0040343617047436923F0A8
S2140391C00403436170474069C0F38000704747F269
S2140391D0305300220068F8F7B9BA006803F02CBED3
S2140391E038B5436904469B070D4603D540F209414B
S2140391F0FFF7F3FFE9F732FF08B1A3691D702046B6
S214039200BDE8384040F20941FFF7E1BF07B5027CED
S214039210012A09D00122027440F20942914206D083
S21403922040F20A4291420ED003B05DF804FB4FF4BD
S214039230816150F80C3B01AA93F870308DF8043026
S21403924003F06BFEF0E750F80C3B01AA93F870307E
S2140392508DF80430F4E738B522F000430D46114686
S21403926040F20322934204461AD0B3F5017F09D293
S21403927040F20122934213D040F20222934209D0D5
S214039280002038BD6FF481621344012BF8D8FFF732
S214039290BDFFF5E700F020F92046FFF7C5F8EFE736
S2140392A063699B0704D540F209412046FFF795FF03
S2140392B02846FFF759FFE3E708B5E9F7AFFD00B126
S2140392C0806C08BD08B500B10068E9F7B5FD08B9BC
S2140392D0034602E0836C002BF7D0184608BD10B592
S2140392E0044642F62A3000F03BFB031B5842584123
S2140392F010BD022806D142F62A330888C31A5842FC
S214039300584170470020704710B5044642F629308E
S21403931000F026FB031B5842584110BD90F820006E
S21403932000F0010070471FB504466846EAF7E0FC04
S2140393301022694604F1210003F0E5FAB0FA80F042
S214039340400904B010BD08B5FFF7EDFFB0FA80F092
S214039350400908BD70B5044600F1210591B92846B9
S214039360EAF7C6FC236893F97500E7F7D1F978B1F5
S21403937020682B46BDE8704010220D2190F9750039
S214039380FEF70CBC10220021284603F0E6FAE9E7B4
S21403939070BD38B50446002390F8202041FA03F048
S2140393A0C50703D442FA03F0C0071ED40133082BC3
S2140393B0F4D101F0010523682A4384F8202093F9A9
S2140393C07500E7F7A5F940B1234653F8200B0122B1
S2140393D00C2190F97500FEF7E1FB0DB9002038BDAE
S2140393E000212046FFF7B6FFF8E71320F7E768B13A
S2140393F03F290AD800EBA10090F8310001F00301E1
S2140394004900084100F0030070470020704710B57C
S2140394100368044693F97500E7F77AF950B12346D3
S214039420BDE8104053F8310B10220B2190F975005C
S214039430FEF7B4BB10BD10B590F87430DB0706D446
S21403944090F97530013314BF0F20052010BD847CBE
S214039450EBF722FA844234BF0C200020F6E730B53F
S214039460044685B06846EAF743FC1021684604F0D4
S214039470F2F82046EAF74EFE6B46C26804AD0632A3
S2140394801C4603CCAC4210605160234602F108022E
S214039490F6D105B030BD08B5EAF73CFE08B1EAF7E9
S2140394A00DFEC0B208BD013810B580B2EAF732FE31
S2140394B0044608B9002010BD408800F07CFB002855
S2140394C0F8D0207BF7E708B5EAF724FE18B1007A50
S2140394D0C31F5842584108BD70B5054655F8213B91
S2140394E0044693F97500E7F713F920B92846BDE853
S2140394F07040EAF7FDBB234653F8310B10220B21CD
S21403950090F97500FEF778FB234653F8200B0122EB
S2140395100C2190F97500FEF76FFB20682B46BDE81B
S214039520704010220D2190F97500FEF765BB0130DF
S2140395302DE9F04185B228460E46EAF7EBFD42F6E2
S2140395400217044642F603089CB12046EAF7B6FD26
S21403955078B1204600F03EFBB84205D10EB1238811
S2140395603380607BBDE8F081204600F033FB404546
S21403957002D14FF0FF30F5E70135ADB22846EAF7E2
S214039580C9FD0446E0E72DE9F04707460E46904638
S2140395900D4642F6021942F6030A0135ADB22846D5
S2140395A0EAF7B8FD044678B1EAF788FD60B12046CD
S2140395B000F010FB484505D1237A072B04D103207E
S2140395C0BDE8F0875045E8D141463046FFF7AFFF88
S2140395D0431C014604D03846BDE8F047FFF707BFF3
S2140395E00020EDE770B5054608461646EAF792FDF5
S2140395F0044608B9012070BDEAF760FD0028F9D0DB
S214039600F00713D4B10734D4720702D5A3885B07D7
S21403961032D516F0060F31D116F40060EBD0A388CE
S21403962013F4006F14BF00200620E4E7A388DA07CC
S21403963043D513F0700F0AD1980610D45806E1D517
S2140396402B6893F975300133DCD10820D3E72868FB
S214039650FFF7F1FEA388990608D50028CBD12A6820
S21403966092F874209207E9D40520C4E70028C2D1F3
S214039670E4E7A3889907C7D40320BCE7A38813F4B9
S214039680E06F09D198050FD45B05C5D52B6893F910
S21403969075300133C0D1D8E72868FFF7CCFEA3881E
S2140396A0990507D50028A6D12A6892F87420920750
S2140396B0EAD4D9E700289ED1E6E702209BE738B52F
S2140396C004460846EAF726FD054608B9012038BDD4
S2140396D0EAF7F4FC0028F9D0AB8813F4E04F0CD17A
S2140396E0980412D413F48040F1D0236893F97500DC
S2140396F0431C58425841C000E9E72068FFF79BFE29
S214039700AB88990408D50028E1D1226892F8742022
S2140397109207E7D40520DAE70028D8D1E2E72DE957
S214039720F0474FF00009044683F800900846A2F875
S2140397300090884616461D46EAF7ECFC074620B915
S214039740012300202B70BDE8F08774B1EAF7B6FC5E
S2140397500028F5D04046FFF7D7FD30B1012385F842
S214039760009004F120003380EDE72B46324639465D
S2140397702046BDE8F047EAF747BA2DE9FF4107461A
S2140397800846884616460393EAF7C4FC044638B9E7
S21403979003A803F08DFC0125284604B0BDE8F0813C
S2140397A01FB1EAF78BFC0028F2D0237A072B05D8E3
S2140397B0DFE803F017262F381C17172126BB03985C
S2140397C0002835D13246257A022D62D0032D64D087
S2140397D0012D3BD0002F7FD1002503A803F068FCA2
S2140397E0DAE703A803F064FC0325D5E703A803F030
S2140397F05FFC0625D0E703A803F05AFC8025CBE7D9
S214039800E3685D88B54209DA03A803F051FC07252F
S214039810C2E7E3689A88B242F6D35D88039840B9F4
S214039820024609E0022EEFDC039868B90246CAE74F
S214039830354603F0A9FC82B29319AB42C3DD03A8F5
S21403984003F036FC0D25A7E70225F2E7E0680630AD
S21403985000230399304403F021FC002FBCD0237A65
S214039860032B39D103A803F023FC00212046EAF793
S2140398700BFC68B30588617B3846FFF7B8FD012209
S214039880034629463846CDF80080FEF7DCFB002564
S21403989082E7E068B3188380D9E7039B9A79D9797E
S2140398A0891AC9B2481E012810D8134402291A7B04
S2140398B004BF5B7B42EA0322237B32EA03038CD199
S2140398C001233846617BEAF775F9C6E70D2584E779
S2140398D008F1FF35ADB2CEE7039B41460093384609
S2140398E033463A7FFEF795FBD1E7884270B50446C8
S2140398F00D46164611D8012838BF01242046EAF73C
S21403990009FC10B14388B34208D00134A4B2204600
S214039910EAF7E4FB08B1A542F0D20024204670BD66
S21403992070B50C4616461D460146B8B1B3B1022CB7
S21403993001D0102C12D1E0B2EAF722FB4FF6FF71EA
S2140399408842024602D141F20A1070BD3046FFF744
S214039950CCFF0028F7D028800020F6E72120F4E784
S214039960002307B50122ADF80400ADF80630022146
S2140399700DF1060301A8FFF7D3FFBDF8060003B0F9
S2140399805DF804FBF8B50F461646441CA4B2204601
S214039990EAF7C0FB10B9013CA0B2F8BD00F01AF913
S2140399A00546304600F0F2F820B1284600F0EEF8FF
S2140399B00028F0D1304600F0E2F820B1284600F047
S2140399C0DEF80028E7D10134A4B22046EAF786FB86
S2140399D008B1BC42DBD94FF6FF70DEE72DE9F04F46
S2140399E09A4687B08B880D460C88814604A90220C8
S2140399F0ADF810309046EAF7C3FAAB680090A88833
S214039A00AF89059300F0BBF838B1102F05D105A830
S214039A10EAF79CFA022808BF02274FF6FF7B33E0DB
S214039A202046009AFFF761FF064680B3AA88698836
S214039A30FFF7A8FF04463046FFF72DFD00B30DF1F0
S214039A400F03314648460DF11202FFF768FE9DF8F4
S214039A500F302BB1A8F80060184607B0BDE8F08FAA
S214039A60BDF81220BA420BD13A460599019302F08B
S214039A704AFF019B20B9A8F80060AAF80040EBE76C
S214039A805C4504D00134A4B26988A142C8D80A232D
S214039A90E2E708B5EAF73EFBBDE8084000F09AB8EF
S214039AA038B505460846EAF735FB044610B94FF6BF
S214039AB0FF7038BD0DB96088FBE7EAF7FFFA0028A8
S214039AC0F9D1F4E770B5044642F60520FFF748FFE0
S214039AD0B0B10021FFF72BFD054601462046FFF7F0
S214039AE086FC06461022002104F1310002F035FF01
S214039AF0324629462046BDE870400023EAF75AB8A6
S214039B0070BD7FB504460D4610220021684602F05C
S214039B1024FF0026AB575A1C1BD031462046FFF7BE
S214039B2066FC1946002BB8BFD91C04AA02EBA10198
S214039B3000F00302584200F0030003F0030358BF8B
S214039B4043425B0002FA03F311F8102C134301F8A7
S214039B50103C0136402EDDD16B4604F1310504AED0
S214039B601A4603CAB24228606960134605F108051F
S214039B70F6D1204604B0BDE87040FFF748BCA0F518
S214039B80205001288CBF00200120704742F60303B3
S214039B90C31A58425841704708B5030409D4EAF774
S214039BA0BBF9A0F5205080B201288CBF002001200D
S214039BB008BD0020FCE7020408B507D4EAF7ACF9B1
S214039BC042F60303C31A5842584108BD0020FCE777
S214039BD0C00B70470346B3F902304088002B01DB05
S214039BE0EAF79AB90020704708B5FFF7F3FFA0F528
S214039BF0205080B201288CBF0020012008BD13B579
S214039C008B7904460B441B7B0A4613F00100019133
S214039C100AD01D2B0AD101211E20FEF7F5FE0146B0
S214039C202046FEF749FF012002B010BD01A803F04D
S214039C303FFAF8E710B504468069143003F038FAA3
S214039C40A069BDE81040183003F032BA2DE9F041A0
S214039C500F46144605461E46FFF7ECFF23463A46D4
S214039C6008210020D5F8188003F0E0FCAA69C8F89C
S214039C701400536923B1002054811682BDE8F08195
S214039C801A20FBE770B50446084603F07DFAA1697F
S214039C9086B28A894D8912B1521B96420CDA6389C1
S214039CA0581E80B225B90A78082A04BF043B98B226
S214039CB0831B5842584170BD0020FCE730B504466C
S214039CC054F80C0B8DB09DF8405090F8700042EAA3
S214039CD001428DF804001946029203A82A46079506
S214039CE002F070FE40F20241204601AA03F015F985
S214039CF00DB030BD10B550F80C4B86B094F87040DC
S214039D00ADF80E10ADF8102040F2064103AA0193F9
S214039D108DF80C40059303F000F910B901A803F081
S214039D20C7F906B010BD37B504460D46FFF782FFE8
S214039D30204640F20941FFF750FA00222046A36965
S214039D4040F207411A7050F80C3B6A4693F870309D
S214039D5001958DF8003003F0E0F803B030BD13B57D
S214039D6001910021044601F037FB0422002320461C
S214039D700DEB0201FFF76AFF02B010BDF0B5044613
S214039D800F461E46154685B052B983691B78072BC6
S214039D9030D0082B14BF15460925002E18BF0D25F5
S214039DA00A9803F0F1F9A3699A894AB15B8981B2EB
S214039DB0D21A914204DD92B2891A0AA803F086FAEF
S214039DC0204650F80C3B40F2054193F8703001AA48
S214039DD08DF804300A9BADF806708DF80850ADF880
S214039DE00A60039303F099F810B90AA803F060F920
S214039DF005B0F0BD0B25D0E7B0F80AC02DE9F04159
S214039E00ACF1020C9C4505460E4617461C4603DD80
S214039E10BDE8F04101F08DBA83692246198100231B
S214039E203946FFF713FF044658B9AB690246314675
S214039E3028460E3301F096FA044610B12846FFF77B
S214039E40F9FE2046BDE8F0812DE9F043202A8FB0C5
S214039E50054617461C4603910BD941F204142146C6
S214039E602846FFF760FF03A803F022F90FB0BDE80A
S214039E70F083002B46D10846A2F1060803F084F9C6
S214039E804FF6FF765FFA88F81FFA80F94C4510D331
S214039E90AB69DA88B24239D942F60203ADF8143018
S214039EA00223711C0093284605AB89B201F0EAF938
S214039EB025E023463A46039906A803F0EFF8AB6974
S214039EC0BDF818609A88B242C7D8DA88B242C4D3BB
S214039ED0BDF81A10BDF81C20B8F1000F09D02846AB
S214039EE0CDF800800DF11E033C44FFF7E7FEA4B255
S214039EF0CCE728469E8019815A8101F0DCF9044696
S214039F000028B0D041F20A139C42A8D10024A6E749
S214039F102DE9F0471C4696B0836901921B780646E6
S214039F20062B03D0102B60D001A81CE00129104695
S214039F3014BF4FF010084FF002080392002C4CD1C8
S214039F4003F022F94FF6FF7508F1020987B2A7421C
S214039F500ED8B369DA88AA4237D800242146304699
S214039F60FFF7E1FE03A803F0A3F816B0BDE8F087F9
S214039F7023464A46039904A803F090F8B369BDF84C
S214039F8010509A88AA422DD8DB88AB422AD39DF874
S214039F901330282BE1D0B2465AF80C3B424693F8CE
S214039FA070300DF112010DA88DF83030ADF8325037
S214039FB0CDF844804C4402F005FD40F2044150467F
S214039FC00CAA02F0AAFFA4B2C1E7691C304689B204
S214039FD001F028F904460028C4D041F20A139C4233
S214039FE0BBD0BBE741F20414B8E70129104614BFFF
S214039FF012270427049284BB03F0C6F842F602181D
S21403A0004FF6FF7185B2A5420DD8B369DB888B4244
S21403A01021D901314FF6FF72304689B201F002F9B9
S21403A0200446A0B119E023463A4604990CA803F067
S21403A03035F8BDF83220BDF8301042459DF8333070
S21403A04007D1B269022330460A32FFF7D5FE04A8C9
S21403A05089E7282B06D141F20A1421463046FFF73A
S21403A06062FEF4E73C44A4B2CDE7F0B5836987B05B
S21403A07003911B780546022B144653D108460491D8
S21403A080002A47D103F080F84FF6FF7687B2A7423F
S21403A0900DD8A869C288B2422BD800242146284688
S21403A0A0FFF741FE04A803F003F807B0F0BD04224F
S21403A0B00499234605A802F0F1FFAA69BDF8141017
S21403A0C09088BDF81660814229D3D388994226D852
S21403A0D0864224D39E4222D85069927A83790434E6
S21403A0E00C330092034432462846FFF7E7FDA4B23A
S21403A0F0CDE743694089711C0190987989B20C3089
S21403A1000344009328464FF4205301F09FF8044677
S21403A1100028C7D041F20A139C42BFD1BDE741F2E3
S21403A1200414BBE703A8BEE7F0B587B00546174699
S21403A1301C46039153B9FFF7A5FD38B10123224608
S21403A1402846039900F084F807B0F0BDA9690B7898
S21403A150082B05D8062B44D8032B0FD003A83DE0C5
S21403A1600E2BFBD1039B0593002C6DD1002B6BD0DC
S21403A170224628460989FFF7BDFD59E00398059056
S21403A18018B3ECB9102683794A890C33098903443A
S21403A19000962846FFF792FDAB699988DA889142C4
S21403A1A017D242F60203ADF81030022301310093B2
S21403A1B028460DEB060389B201F064F8044660B145
S21403A1C041F20A139C4204D101E0002CF8D141F27B
S21403A1D01F0421462846FFF7A6FD05A802F068FFE0
S21403A1E0B2E7039805907CBB70B302F0CDFF0FB3C4
S21403A1F086B2B7421ED2394605A803F089F938B9A4
S21403A20005A802F055FF1A212846FFF78CFD9BE7A9
S21403A2108379F61BC218023391898371AB690022D6
S21403A2205B89B6B200902846FFF7A8FDB742E2D98D
S21403A2302146E9E7AA69284653891189059A0092B7
S21403A2400022FFF79BFDF3E705A802F031FFEFE7D7
S21403A250F0B585B006461F461446039132BB084642
S21403A26002F092FF054608B3B1690B784A89082BBA
S21403A2700BD8062B0BD9039B09893046009313464C
S21403A2802246FFF77BFD039401E00E2B19D0B1693C
S21403A2904B89EA1892B2B2F5007F4A8117D82FB1DC
S21403A2A03046098901F018F8044628B100222346EF
S21403A2B011463046FFF738FF03A802F0F9FE05B053
S21403A2C0F0BD3046039B0989FFF714FDDBE741F237
S21403A2D00414EBE773B5836901911B780446082BD6
S21403A2E015460ED8062B0ED9019E20463146FFF79B
S21403A2F0C9FC2A46034631462046FFF7A9FF02B0AB
S21403A30070BD0E2BF0D001A802F0D2FEF7E730B5F1
S21403A310836987B003911B780546092B144611D130
S21403A32005915AB9134600910F222146FFF726FDE1
S21403A33021462846FFF7F7FC07B030BD05A802F014
S21403A340B7FEF5E703A802F0B3FEF5E72DE9F04FF5
S21403A35087699FB003913F780546052F16461C462E
S21403A36004D8032F16D810D003A867E0082FFBD114
S21403A37008461391002B00F0C28013A802F098FE43
S21403A38021462846FFF7CFFC01E0FFF75DFD1FB02F
S21403A390BDE8F08F202A0846049148D8002B40F0E9
S21403A3A0A880571F02F0F0FE4FF6FF78FFB21FFAA1
S21403A3B080FA0DF11C0BA24506D8AB69DA88424534
S21403A3C000F28780002434E02346324604990BA823
S21403A3D002F064FEAB69BDF82C809A88424526D805
S21403A3E0DA88424523D35969F1B9A94659F80C1BB3
S21403A3F0BDF82F2091F870109DF82E308DF84C1074
S21403A400ADF84E200DF131013A4615A88DF85030BF
S21403A410199702F0D7FA40F20341484613AA02F00E
S21403A4207CFD3444A4B2C6E75A89102A09D941F2FE
S21403A430041421462846FFF776FC04A802F038FEEB
S21403A440A5E70023584602F029FEAB690DF131015A
S21403A450102FCDE9051B93F80A902BD1B9F1020F03
S21403A46034D105A8E9F772FD0228DAD14A46DDE9B8
S21403A470051002F048FA0028D3D12B4653F80C0BEC
S21403A480BDF82F1090F870009DF82E208DF84C0024
S21403A490ADF84E108DF8502059464A4615A802933B
S21403A4A0CDF8649002F08EFA029B40F20341184600
S21403A4B013AAB4E7022F09D1B9F1100F06D106A8E3
S21403A4C0E9F744FD0228ACD13A46D0E73A46584667
S21403A4D0CFE742F60303ADF84C30022308F101013F
S21403A4E00093284613AB89B200F0CCFE044600283E
S21403A4F0A3D041F20A139C423FF464AF99E759B9DB
S21403A50000210023AA692846938153811181139958
S21403A5103246FFF709FE3AE702F036FE16B180B27E
S21403A5208642EDD1139A9379D118023389899371B0
S21403A530E7E72DE9F0431C468FB0836903911B7848
S21403A5400546012B17465BD10846059102F01CFE13
S21403A550202F0BD941F2041421462846FFF7E3FBCC
S21403A56005A802F0A5FD0FB0BDE8F083002C42D18C
S21403A570059802F009FE4FF6FF76A7F104081FFAC6
S21403A58088F81FFA80F95FFA88F8A14505D8AB6901
S21403A590DA88B24220D80024DEE723463A460599F5
S21403A5A006A802F07BFDAB69BDF818109A88BDF8C3
S21403A5B01A609142CED3DB889942CBD89642C9D350
S21403A5C09E42C7D832462846CDF8008007AB3C44A7
S21403A5D0FFF774FBA4B2D8E74FF42053ADF810305E
S21403A5E00223711C0093284604AB89B200F088FE50
S21403A5F004460028B4D041F20A139C42CBD0ABE702
S21403A60003A8AEE783691B780A2B02D00F3B012B06
S21403A61001D8FFF788BB7047F0B585B0019383690F
S21403A62017461A7804460A3A0A9E072A42D8DFE8EB
S21403A63002F004413041410441290198039002F09D
S21403A640A3FD85B203A802F033FD26B131462046AA
S21403A650FFF785FB0FE0A1697A194B8992B2934203
S21403A6600BD90A8201F10E032046098900F07AFE0F
S21403A67001460028EBD105B0F0BD0121204600F0CD
S21403A680ABFEF5E72EB91A8A0198BA420BD04FF4FF
S21403A6908166019B03A8039302F00AFD3146204618
S21403A6A0FFF741FBE7E7DA89596902F078FD0028EE
S21403A6B0EDD1EEE701A802F0FBFCDCE738B58269D2
S21403A6C0044613780D460D2B12D00F2B01D00A2B00
S21403A6D012D1536933B1997902F114000B44DD6842
S21403A6E002F0E6FC29462046BDE83840FFF78ABF5D
S21403A6F0BDE83840FFF717BB38BD07B50023009207
S21403A7001B22FFF73BFB03B05DF804FB07B5836929
S21403A7105980009200231D22FFF730FB03B05DF83B
S21403A72004FB4B88052B05D108880E288CBF002018
S21403A7300120704700207047F8B505460F461646B9
S21403A74004210A22002002F007FF0246B8B18479EA
S21403A75005210C3403194FF0060C00209970D870AD
S21403A76002F804C013241C7102245F715870D87158
S21403A7709C7128461E81BDE8F840E7F7B7BAF8BDD6
S21403A78073B50546104601920C4602F0FDFC042103
S21403A79086B2019802F023FE024628B901A802F009
S21403A7A087FC1A2002B070BD837901900C33C11860
S21403A7B04C80C65221462846E7F798FA0020F1E770
S21403A7C02DE9F04106468846174604210A22002052
S21403A7D002F0C2FE0246B8B1857900240C3543194F
S21403A7E0052106209970DC7050550120187102204F
S21403A7F05C70987183F805803046DC711F81E7F73B
S21403A80075FA2046BDE8F0811A20FBE70020704762
S21403A8100020704707B501A8019202F049FC03B077
S21403A8205DF804FB7047002070470F2070470F2029
S21403A8307047704710B588B0E8F7F0FA044600286A
S21403A84047D090F87200022845D1A36813F4407FDE
S21403A8502AD094F87330012B2FD194F97500E5F7BD
S21403A86057FF10B9A368DB0527D594F8743013F0A7
S21403A870010322D1CDE90133CDE90433CDE9063313
S21403A880ADF80C30A36813F4807F01AB0ED0A06A3A
S21403A890E16A228E03C31A802046BDF8042004AB67
S21403A8A00DF10601E9F70EFD08B010BD0A220221DC
S21403A8B094F97500FDF7A0F9EEE7002345F21702B9
S21403A8C01946204600F03CF9B0FA80F040094000F3
S21403A8D0EAE72120E8E70220E6E738B545F21B025F
S21403A8E00C460B460021054600F02AF930B92CB178
S21403A8F021462846BDE83840EAF75AB838BD00F086
S21403A9004EB900F066BC00F06FBC10B504464C3080
S21403A910FDF76BF984F875002046BDE8104000F09B
S21403A92033BC10B50446FDF737F902280DD194F869
S21403A930733094F97000012B14BF0521032184F8AA
S21403A9403210BDE8104000F06CBCA36843F40073FB
S21403A950A36010BD00F054B938B5037804463E2B07
S21403A9600D4604D18378052B02D0ED2B0FD038BDCE
S21403A970B0F80300E8F744FA20B1B4F80D10621DEE
S21403A98000F0A4F92846BDE8384002F091BBB0F8C1
S21403A9900300E8F735FA0028F4D0B4F80D1004F1F4
S21403A9A00F03621D00F095F9ECE7CB0448BF41F4B2
S21403A9B08061C160704710B5044645F21A0102F083
S21403A9C03BFA2046BDE8104047F23053002245F2DA
S21403A9D01A01F6F7BBBE10B50A4604460821002046
S21403A9E002F0BAFD10B1837903441C7310BD38B569
S21403A9F005460C460D201121FFF7EDFF024688B1F0
S21403AA002146837903440D3304F1100051F8044BB7
S21403AA10814243F8044BF9D12846BDE83840062165
S21403AA20FFF7AEBE38BD38B505460C4604201121E7
S21403AA30FFF7D1FF024688B12146837903440D33DD
S21403AA4004F1100051F8044B814243F8044BF9D14A
S21403AA502846BDE838400621FFF792BE38BD38B514
S21403AA6005460C4603201121FFF7B5FF024688B1C1
S21403AA702146837903440D3304F1100051F8044B47
S21403AA80814243F8044BF9D12846BDE838400621F5
S21403AA90FFF776BE38BD37B50022054608211046B7
S21403AAA002F05AFD0446C0B10C2301220DF1070142
S21403AAB08DF8073002F08DFD296C20225431204694
S21403AAC002F087FD296C20227431204602F081FDB6
S21403AAD0224606212846FFF753FE03B030BD08B5CD
S21403AAE0D0B2E8F79BF928B190F8773003F07F03EC
S21403AAF080F87730012008BD70B50546EAF74AF8B6
S21403AB000C4606460A46284645F20101B0472B6C1A
S21403AB1003B11C60324628462346BDE870404FF416
S21403AB20A041184770B51546044638B1EAF732F81F
S21403AB302A4603462046BDE870401847022070BDEB
S21403AB40114608B51A4621F00041FFF7EBFFB0FAAD
S21403AB5080F0400908BD10B4C4691CB95DF8044B05
S21403AB600180704700235DF8044B1A46F9F717BEB9
S21403AB7008B50B4601461846F7F70CF9003818BF18
S21403AB80012008BD10B50446006838B11A2102F04A
S21403AB9070FD206802F0A6FD0023236010BD30B5CB
S21403ABA08BB00D46002201A9EAF7A6F9044620BB9E
S21403ABB001460D220DF10B0001F0CFFEB5F8032080
S21403ABC06B79ADF8082006A9019A02A88DF80A3019
S21403ABD0E9F7F8FF40F20343BDF81820002818BF32
S21403ABE01C469DF81A30102102A82A80AB7002F08A
S21403ABF040FD102106A802F03CFD20460BB030BDF8
S21403AC0010B50446E9F7A4FF04F13400FFF7BAFFD2
S21403AC10A3685A0606D523F0400300212046A36006
S21403AC20E7F732F8236C63B1D3F89400F9F74EFADA
S21403AC300421206C02F01DFD206C02F053FD00235E
S21403AC40236410BDF7B50D4669461646EAF754F970
S21403AC50044698B929461022009801ABF9F795FAED
S21403AC6007461021284602F0F6FC2FB1102128468D
S21403AC7002F0FFFC40F2074406B13760204603B0FB
S21403AC80F0BD38B50446C51C03212846FFF770FF00
S21403AC90C8B9E27863797AB922791A43F4D003F013
S21403ACA07F0343F0400363715323A3712146BDE83A
S21403ACB03840FF20FFF773BFFF2AF0D122791A40EE
S21403ACC0FF2AE1D0EBE740F2074038BD0021E6F764
S21403ACD0DBBFF8B51D46836804465B060F4616467B
S21403ACE02DD41A2002F0FCFC0146606320B92046EE
S21403ACF0BDE8F840E6F7C8BF034623F8027B326890
S21403AD0005F11001C0F8022072685A602A46636B88
S21403AD100A3352F8040B8A4243F8040BF9D1102184
S21403AD20284602F0A6FCA36843F0400213F4407FD3
S21403AD30A26004D02046BDE8F840EAF7D7B9F8BDCC
S21403AD402DE9F0419CB0154608AA1C4606460B465C
S21403AD509046239F01F1200E9446186859680833DD
S21403AD60ACE8030073456246F6D12021404602F064
S21403AD7072FC10AB2A469C4605F1200E1D46106851
S21403AD805168083203C572452B46F7D16046202129
S21403AD9002F061FC18AA9446229B03F1100E154696
S21403ADA018685968083303C573452A46F7D16046C1
S21403ADB0102102F050FC04AA2346154604F1100C99
S21403ADC0144618685968083303C463452246F7D106
S21403ADD01021284602F03FFC6B4650224146284687
S21403ADE0E9F7E8FF04461021284602F042FC50210A
S21403ADF0404602F03EFC34B108213046EAF776FAC4
S21403AE001CB0BDE8F081039B38463B60042102F08A
S21403AE1022FC6846102102F02CFC224645F214015F
S21403AE203046FFF77FFEEBE72DE9F04796B01D4669
S21403AE30DDE9229705AB06460C469E46DDF8908074
S21403AE4002F1100A9C46106851680832ACE8030009
S21403AE5052456346F6D17046102102F0FCFB09AA60
S21403AE602B46944605F1100E1546186859680833A4
S21403AE7003C573452A46F7D16046102102F0EBFB63
S21403AE800DAA94461E9B03F1100E154618685968C2
S21403AE90083303C573452A46F7D16046102102F0EE
S21403AEA0DAFB9DF87C30D9F800008DF844309DF825
S21403AEB0803006218DF845309DF8843012908DF849
S21403AEC0463099F8063012A883F00803C3F3C0038C
S21403AED08DF84730B9F80430ADF84C3002F0BBFBC0
S21403AEE0BB79062183F00803C3F3C0038DF84E3005
S21403AEF03B680DF14F00CDF84F30BB8804F11007C7
S21403AF00ADF8533002F0A7FB01AA234615461446B4
S21403AF1018685968083303C4BB422246F7D1102188
S21403AF20284602F098FB4346412205A92846E9F73E
S21403AF3041FF04461021284602F09BFB412105A849
S21403AF4002F097FB34B108213046EAF7CFF916B082
S21403AF50BDE8F0874046102102F07DFB224645F20D
S21403AF6013013046FFF7DEFDF1E72DE9F3411D46F9
S21403AF70089B04468846164690F873705BB110210A
S21403AF801046FFF7F5FD30B10821204602B0BDE8B4
S21403AF90F041EAF7ABB9236C013EDA1C681E1333A3
S21403AFA012F8011F16F801CF9A4281EA0C0100F845
S21403AFB0011FF5D10023404601A90193E9F750FF8D
S21403AFC048B10198F9F782F808212046EAF78EF986
S21403AFD002B0BDE8F08129462846019AE9F7F2FD5A
S21403AFE00028EED1022F0CBF0023062304F15902DA
S21403AFF02B4404F15F0012F8016F1978904281EA3E
S21403B000060103F8011BF6D1022F14BF0023062303
S21403B01004F152022B4404F1580012F8016F197818
S21403B020904281EA060103F8011BF6D12946284619
S21403B030019AE9F7C7FD05460198002DC2D1F9F735
S21403B04045F82A4645F210012046FFF76BFDBFE799
S21403B0502DE9F04196B0154605AA1C4606460B4652
S21403B06090461D9F01F1200E9446186859680833D0
S21403B070ACE8030073456246F6D12021404602F051
S21403B080EAFA0DAB2A469C4605F1200E1D461068CB
S21403B0905168083203C572452B46F7D12021604616
S21403B0A002F0D9FAAEB3336C93F85D31013B022B51
S21403B0B02FD89DF8703043F0800301AA8DF85430E2
S21403B0C01546234604F1100C1446186859680833CD
S21403B0D003C463452246F7D11021284602F0BBFA83
S21403B0E03B46412241462846E9F764FE04461021C2
S21403B0F0284602F0BEFA4121404602F0BAFA54B19D
S21403B1001EB108213046EAF7F1F8204616B0BDE82E
S21403B110F0810023D1E71021384602F09CFA002E76
S21403B120F3D0224645F211013046FFF7FBFCECE76D
S21403B130EBF7C2BEB1F5A04F70B504460D461646F2
S21403B1400AD045F20603994216D0324629462046CF
S21403B150BDE87040EAF700BF836843F0800383606E
S21403B16090F87330012B03D1BDE87040EAF714BDA5
S21403B170BDE87040EAF742BF93791344597C41F423
S21403B1809051E9F715FCE0E7002310B50364044685
S21403B19090F97500431C13D0E5F78EFE082204F1E0
S21403B1A01003114694F97500FCF726FD94F9133045
S21403B1B0012B07D194F8743043F0020384F87430FB
S21403B1C0002010BD022BFBD194F8743043F00A0321
S21403B1D0F4E74B88062B05D1088841288CBF00204E
S21403B1E0012070470020704707B58B790A460B4449
S21403B1F00191197C4B1E0D2B04D801F5A04101319A
S21403B200FFF790FC01A801F053FF03B05DF804FBC1
S21403B21008B5D8F7D1FD002814BF1420002008BDB8
S21403B2207047704770B504460E4615460521002242
S21403B2300420FDF7E9FB014618B1A0F80160A0F869
S21403B24003502046BDE87040FDF736BCF7B51D46F3
S21403B2500023044600930F46164607210620BDF832
S21403B2602430089AFDF7F4FB014628B1A0F80170D4
S21403B270A0F80360A0F80550204603B0BDE8F040F0
S21403B280FDF71ABC73B515461A4600230446009309
S21403B2900E46082005219DF81830FDF7D9FB014618
S21403B2A018B1A0F80160A0F80350204602B0BDE82C
S21403B2B07040FDF701BC38B5002204460D460A204F
S21403B2C00321FDF7A1FB014608B1A0F80150204673
S21403B2D0BDE83840FDF7F0BB70B504460E4615468C
S21403B2E0052100220C20FDF78FFB014618B1A0F8BC
S21403B2F00160A0F803502046BDE87040FDF7DCBBB4
S21403B30073B515461A460023044600930E461020CE
S21403B31005219DF81830FDF79BFB014618B1A0F8F0
S21403B3200160A0F80350204602B0BDE87040FDF768
S21403B330C3BB73B50E46002144890546033CA4B23D
S21403B340A342009128BF234603211220FDF780FB6A
S21403B350014608B1A0F80160284602B0BDE8704077
S21403B360FDF7AABB2DE9F3410546984683690F46C8
S21403B3705869164601F008FF6C8980B2053CA4B2F2
S21403B380844228BF0446A8692146143002F0C0F858
S21403B390009048B105220821002002F0DDF8019054
S21403B3A030B9684601F084FE1A2002B0BDE8F08189
S21403B3B0009901A801F04AFF1620019A93790C33ED
S21403B3C0D118D054A8F800402846A1F80170A1F877
S21403B3D00360FDF771FBE8E738B5002204460D4627
S21403B3E018200221FDF710FB014600B145702046E8
S21403B3F0BDE83840FDF760BB70B5857904460C356B
S21403B400461901F0C1FE625D431E013A9BB21C2A37
S21403B41010D8DFE802F0110F160F180F290F2F0FA1
S21403B420400F400F400F330F250F0F0F390F250F17
S21403B4303E0F3E00002070BD042B14BF01200320E6
S21403B440F9E7022BF9E743B37278022A0AD0012AF6
S21403B45023D10222013B0232B3FBF2F102FB11338A
S21403B460002BEAE71022F5E713F0030F14BF0120C1
S21403B4700320E0E78BB17278013BEDE76BB172789E
S21403B480032A0AD9013BE7E7042B34BF0120032034
S21403B490D1E7022BF9E70320CDE70120CBE7436989
S21403B4A0406CDA1C1438B2FBF0F203EBC203CA1D7D
S21403B4B00333B2FBF0F2B3FBF0F30132023301EBDA
S21403B4C0C20100FB0310704738B5446905462146A0
S21403B4D0FFF7E5FF6A6CE31D143AB3FBF2F301339F
S21403B4E004EBC304204438BD73B506460D4600245A
S21403B4F0F36B012201A928195B699847019B013365
S21403B50009D10434736C62195B426A401A42EFD065
S21403B510204602B070BD0024FAE770B505460C4617
S21403B520D8F774FFEB6B2046DB68BDE8704018471E
S21403B53070B5002586B004460562E369AB4202D8BF
S21403B540206A06B070BD666C0522206801A9E36B0D
S21403B55006FB05005B69984701A800F010FC00F0A5
S21403B56033FC10B1236A013323620135E5E738B5AE
S21403B5700446456C006804F1400305FB0101E06BDB
S21403B58000F02FFC05462046FFF7D2FF284638BDBD
S21403B590F0B5054687B00026EC69013CB44203D8F3
S21403B5A00C46204607B0F0BD01B14C1E6F6C052259
S21403B5B0286801A9EB6B07FB04005B69984701A8A1
S21403B5C000F0DDFB00F000FC0028EAD1013621463E
S21403B5D0E2E7F0B5044687B0466C0D4600680522E0
S21403B5E0E36B01A906FB05005B69984701A800F019
S21403B5F0C6FB00F0E9FB20B101A800F097FB07B0FB
S21403B600F0BD29462046FFF7C3FF676C0646E36B8B
S21403B610206805225B6901A907FB0600984701A875
S21403B62000F084FB431CEAD0B54238BF0130E6E79E
S21403B6302DE9F043D0F824804FF6FF7987B004460F
S21403B6400E46C84514BF454600250027E369BB429E
S21403B65002D807B0BDE8F083E26B01A92368606CEB
S21403B660D2F814C0052200FB0530E04701A800F01D
S21403B67086FB022806D0C8450CD1721C29462046F4
S21403B680FFF775FF0135E3690137B5FBF3F203FBFB
S21403B6901255DBE729462046FFF79BFFB0F1FF3F35
S21403B6A014BF024632460132E8E70368F0B5CC1A07
S21403B6B0436C87B006460025B4FBF3F4F36937689A
S21403B6C05A1E706C954208D3706C336800FB0430C6
S21403B6D007B0BDE8F04000F082BB013401A9B4FB1B
S21403B6E0F3F203FB1244F36B05225B6900FB047061
S21403B6F0984701A800F043FB00F066FB0028E3D15F
S21403B7000135DBE710B423F003049B07436C2244A4
S21403B710C3F100030A4418BF043282EA0104234239
S21403B72003D05DF8044BFFF7C0BF10465DF8044B2B
S21403B73070472DE9F041D0E90A3686B004469E42AA
S21403B74028D1C3691422456802FB1355284606B060
S21403B750BDE8F081206801A9676C331AE26BB3FB7E
S21403B760F7F3D2F8148007FB03000522C04701A8AD
S21403B77000F005FB012804D0636C1D44013B3340F5
S21403B780ED1A31462046FFF790FF0646A36AB342FA
S21403B790E0D1DBE70025F9E7F0B5002587B00446DE
S21403B7A02E46E369B34202D8284607B0F0BD636C61
S21403B7B00522276801A903FB0677E36B38465B6916
S21403B7C0984701A800F0DBFA00F0FEFA58B13846B5
S21403B7D000F005FB01462046FFF786FE636C143B2C
S21403B7E0834208BF01350136DBE708B50830134648
S21403B7F0D1E90012EEF7A4F8012008BD13B50C46F4
S21403B800002121760093134661682246ECF722FE58
S21403B81018B1E37D03B1A07EA075A07D02B010BD74
S21403B82073B500F1080516460C460DF107020968C4
S21403B830284600F0A1F9032E06D16368834203D19C
S21403B8402168284600F07FF9012002B070BDD01EA3
S21403B850009B42424241187E824211D11A688A42B4
S21403B8600ED85A688A420BD35A6901325A61D3E911
S21403B870030282423FBF986840F8221001321A61E1
S21403B88001207047032A10B5029C07D1A26A5340D1
S21403B890626C5242134201D100F055F9012010BDEB
S21403B8A008B5C36800209847BDE80840D8F7B6BD7A
S21403B8B0012870B514BF04200220002442431C70E4
S21403B8C0CC7D101D02F002024CB91AB1012220F001
S21403B8D003001A7000F108034868184470BD1AB1D3
S21403B8E0012220F003001A700C7E002301F12005CC
S21403B8F0DAB2944201D80020F0E735F833205E1C14
S21403B900824206D901EBC30300F10802D86910444A
S21403B910E4E7801A3346EBE773B590F842600546D2
S21403B9201C460DF103033046FFF7C2FFEB6B012EF7
S21403B9305B690DD1324601A998479DF8033013B1D0
S21403B940BDF806300193BDF80430236002B070BD25
S21403B9500122214602B0BDE870401847F0B50546FF
S21403B960002487B04868EB6B27460E4601225B69C6
S21403B97002A908300294984795F84230012B40F00C
S21403B9808480632C02D9029807B0F0BD612C08D8D6
S21403B99005AB224631462846FFF7BEFF9DF8143016
S21403B9A01BB305AB2246314628468DF81070FFF7C9
S21403B9B0B3FF95F84230012B059B55D14FF6FF7226
S21403B9C0934200F09680082205A904A800F05EF9C9
S21403B9D0059B9DF81010C3F30722914240F089801F
S21403B9E0DBB2029A1A44029283E095F84230012BA6
S21403B9F030D103AB224631462846FFF78DFF04AB12
S21403BA00621C31462846FFF787FF05ABA21C31466A
S21403BA102846FFF781FF102208230DF107000DEBE0
S21403BA2002018DF8073000F031F9102205A90DF157
S21403BA30070000F02BF9039BDAB2002A52D19DF8D7
S21403BA400720B2EB132F4DD1DDE9043203EB02439B
S21403BA50029347E0302C2BD944E09DF80720B2EB45
S21403BA60134F3FD1049BF3E7013342D0102205A9BD
S21403BA700DEB020000F00AF9059B9DF81010C3F3C6
S21403BA800742914235D19BB2ABE7312C3FF67BAFF1
S21403BA9087D005AB224631462846FFF73DFFBDF863
S21403BAA01430002B7FF47DAF95F84230012BA0D0E5
S21403BAB003AB224631462846FFF72EFF04AB621C33
S21403BAC031462846FFF728FF102320220DF10700F2
S21403BAD00DEB03018DF8073000F0D8F8039B9AB2FC
S21403BAE0002ABAD095F84230012B14BF0123022353
S21403BAF01C44013440E713B500240194049C0094CD
S21403BB00EDF73CF802B010BD13B501240194049C74
S21403BB100094EDF733F802B010BD30B50023446847
S21403BB204FF0FF329C4202D10023037230BD0168FE
S21403BB3001EBC30541F8332001336A60F2E7C0E93D
S21403BB400012FFF7EABFF0B5002345689D4210D008
S21403BB500468DF0054F8332004EBC306B2F1FF3F5A
S21403BB6008D0C2F31302914204D14FF0FF33E351DE
S21403BB707360F0BD0133E9E7F0B5002345689D42E5
S21403BB8002D14FF0FF300EE00468DE0054F8334075
S21403BB90671C09D0C4F31307B94205D1240D1470EA
S21403BBA0036833445868F0BD0133E8E713B5002350
S21403BBB0044601461B220DF107008DF8073000F0FE
S21403BBC065F822689DF80730B3EBD26F0CBF0120EF
S21403BBD0002002B010BD13B5002304460146202200
S21403BBE00DF107008DF8073000F050F80DF107004F
S21403BBF01A22211D00F04AF862689DF80730B3EB5D
S21403BC00926F0CBF0120002002B010BD0068431CD9
S21403BC10584258417047006810F07E0F0CBFC0F3BF
S21403BC20C160002070470068C0F3D31070470068F7
S21403BC3000F07F0001288CBF0020012070470368B6
S21403BC4013F07E0F14BF042008207047036813F018
S21403BC507E0F03D1406820F07C40704713F07800D5
S21403BC601CBF03F07F03D81F7047006800F07F00F7
S21403BC707047032809D0022803D1C1F10201C8B2D4
S21403BC80704700290CBF0720002070471F2A0B6847
S21403BC909EBF4FF0FF3191408B43590801F0553159
S21403BCA05B1A03F033319B0803F033330B440178FC
S21403BCB003EB13130A444FF0013103F00F334B43E6
S21403BCC0A2EB13620270704737B501F10C04054608
S21403BCD043696946012220469847BDF80030012291
S21403BCE001A901932046AB69984703B030BD37B529
S21403BCF001F10C044369012269460546204698472C
S21403BD00009B4FF6FF7299B291420DD11B0C012294
S21403BD1001A920461B0443F4254343F0A5030193DE
S21403BD20AB69984703B030BD0020FBE737B5044640
S21403BD3000251B22011D0DF107008DF80750FFF7A4
S21403BD40A5FF60689DF80720B2EBD06F03D120F003
S21403BD50784003B030BD0DF107001B2204F1080143
S21403BD608DF80750FFF792FFA0689DF80730B3EBF6
S21403BD70D06F01D1C043EAE74FF0FF30E9E703682D
S21403BD804BF29A22B2EB134F10B5044613D19BB273
S21403BD90012B13D1FFF7CAFF01300CD0E0684FF632
S21403BDA0FF72B2EB104F4FEA104309D180B2C01AAC
S21403BDB018BF012010BD2368013303D00420F9E720
S21403BDC00220F7E70320F5E701288CBF00200120B7
S21403BDD07047033801288CBF0020012070471430B9
S21403BDE070472DE9F04105469846036908460E4616
S21403BDF017469847044638B943463A4631462846D6
S21403BE00EDF77AFE044618B131462846FFF75CFF85
S21403BE102046BDE8F08102207047002070470120CD
S21403BE2070470020704700207047704737B50446B8
S21403BE300D4601A8EFF70CFF01A8FFF7F6FF204613
S21403BE4001A98DF80650EDF757FF03B030BD08463D
S21403BE501146012200F021B800F0D7BA00F0DEBA8E
S21403BE6000F065B87047431E012B03D9031F5842E1
S21403BE70584170470120704700F0BCBB4FF4C472B2
S21403BE80002100F06ABD10B50446002100F05EF8FC
S21403BE902046BDE81040EFF729BE10B50C46114604
S21403BEA0EEF788FFF0F7A8F8012801D1002010BDAF
S21403BEB0002CF7D10420FAE7EFF7DEB9EFF7E2B983
S21403BEC0408B70470A7838B505461046FFF7CBFF18
S21403BED060B14C782046FFF7C6FF38B122435307BC
S21403BEE004D42846BDE83840EFF7ECB9012038BD46
S21403BEF0FFF7E8BF10B504460878FFF7B4FF58B15C
S21403BF004A781046FFF7AFFF30B1042A04D0204624
S21403BF10BDE81040EFF70CBA012010BDFFF7EABFEB
S21403BF20EEF7C8BE0846F0F77FBBEFF773B870B5F9
S21403BF3004460D461646EEF7F3F830B93246294660
S21403BF402046BDE87040F3F721BC70BDF0F72EB86D
S21403BF5038B5044600200D4600F04EFBD4F8D43026
S21403BF602BB929462046BDE83840EFF7B3BA02207E
S21403BF7038BD38B5044648880D4600F03DFBD4F876
S21403BF80D4302BB929462046BDE83840EFF706BA29
S21403BF90022038BD00F032BB00F080B9F1F73ABAA0
S21403BFA038B505460C46F6F7A6FA6B6B1C402B6BAA
S21403BFB023432B63F6F7A3FA211E18BF01210020A3
S21403BFC0490238BD00F0F6B9EEF788BF00F0A5B910
S21403BFD000F0C4B908461146F0F79CBDEFF7E0BB86
S21403BFE000F070B938B50446154609B100F0D4F927
S21403BFF015B12046EFF7C2FC002038BD0846F1F71E
S21403C000E5BA10B5044600F08BF820B92046BDE823
S21403C0101040EEF765BA10BD00F027BBF1F7F4BC8D
S21403C0202DE9FF41984604460E461746F6F76AFA88
S21403C03005462046FFF7E5FF0A9B3A460293002390
S21403C0403146CDE900832046EEF798FA04462846A3
S21403C050F6F75EFA204604B0BDE8F08138B504462C
S21403C060F6F750FA05462046FFF7CBFF2046EEF7D5
S21403C07063FA04462846F6F74BFAB4FA84F0400906
S21403C08038BD38B50446F6F73DFA05462046FFF7B1
S21403C090B8FF204600F053F804462846F6F738FA69
S21403C0A0204638BD38B50446F6F72CFA0546204632
S21403C0B0FFF7A7FF204600F048F804462846F6F7A1
S21403C0C027FA204638BD70B504460E46F6F71AFA28
S21403C0D005462046FFF795FF31462046EEF79CFAC5
S21403C0E004462846F6F714FA204670BD134607B5ED
S21403C0F000228DF807100DF10700194600F047FAE5
S21403C10003B05DF804FB084611461A4600F03FBA32
S21403C110002070470120704700F0D4B90020704714
S21403C120EEF718B910B5F6F7EDF9044600F015F872
S21403C130EEF736F92046BDE81040F6F7E9B90246B1
S21403C14008B5EEF707F9507D08BD024608B5EEF7C9
S21403C15001F9507D80F0010008BD00F086BAEFF7C4
S21403C16007B800F071B8437C03B108470220704754
S21403C17010B50446F0F7A8F82046BDE810400321A2
S21403C180EEF7F2BDFFF7F4BF437C0BB1F0F778B8D8
S21403C19002207047437C0BB100F070B90220704751
S21403C1A038B5447C0D46BCB1053C012C8CBF00243D
S21403C1B001244968224600F063F9286890FAA0F043
S21403C1C0000AF1F7C3FFA97A2889224681F0010104
S21403C1D0F0F7B4F8002038BD0220FCE71FB5ADF831
S21403C1E008309DF81830CDE9001269468DF80A30FC
S21403C1F0FFF7D6FF05B05DF804FB30B4BDF810407A
S21403C2009DF81450CDE9044530BCF0F7C9B80020BA
S21403C2107047002070477047836B03F06003402B22
S21403C2200DD0602B03D0203B58425841704749B18C
S21403C2300B68012B06D9486940F00100704740F2AD
S21403C24001107047002070470220F1F7C7BBD0F8F3
S21403C250C8304BB11A68022A06D993F8250028B1CC
S21403C2601B6AB3FBF0F07047FFF726BE7047D0F8A3
S21403C270C8207AB11368022B0CD9536A13F47F4F84
S21403C280C3F3072106D0126ADBB253438B42B3FBD8
S21403C290F1F201D2FFF712BE104670470346D0F8FC
S21403C2A010010860B3F8143100208B80704790F8B3
S21403C2B010310C2B14BFC07DFF2070474FF48071E4
S21403C2C0F4F73ABAF8B506460D468F88EEF7E0FF60
S21403C2D0767C0446053EF6B2012E01468CBF00204E
S21403C2E00120F2F7C3FEFB00012E98BF0333184468
S21403C2F00323AB717CB1B0F5803F0CD84FF22442D8
S21403C300630902FB00332409B3FBF4F300202A6815
S21403C310D21A2A60F8BD0220FCE73F2B084610B568
S21403C320114619D9B3FA83F3C3F11902D2B2062A16
S21403C33001D8192B0ED0062A28BF06220124931DE6
S21403C340DBB29C40A4B2A14228BF2146F0F7D8F93D
S21403C350204610BD0022F1E70024F9E713880846BB
S21403C3603F2B10B516D9B3FA83F3C3F11901C9B23B
S21403C370062901D8192B0BD0062928BF062101232D
S21403C3808C1DE4B2A3401380F0F7DAF9002010BD49
S21403C3900021F4E70120FAE7EEF7DEBB10B51446FA
S21403C3A008460121F1F778FD2046BDE8104001213B
S21403C3B0F1F772BD38B50D46EFF71EFE01280446A9
S21403C3C009D12846D8F796FC054610B9D8F7D0FC0D
S21403C3D02C46204638BD0224FBE7F8B504460E4635
S21403C3E01746F6F788F83A4605463146204600F0E3
S21403C3F0E9F904462846F6F782F82046F8BD0220F7
S21403C400704703207047F1F7E1BA10B5EFF7A0FCC9
S21403C410044608B9F3F7A4F9204610BD38B5044618
S21403C4201D46EFF795FC28B929462046BDE8384057
S21403C430F3F77EBA38BD70478021F4F77DB938B577
S21403C4400546EEF7ABFC04462846EEF785FC0728C0
S21403C45011D1D5F8C43024F47F41DB6921F00801FB
S21403C46003B15B7841EA032141F020012846BDE889
S21403C4703840EEF799BC24F02001F7E70320704715
S21403C480D0F8203170B58B4204460D46164603D1CC
S21403C49090F81C31202B0ED0324629462046EFF763
S21403C4A027FE202384F81C310023C4F82051C4F847
S21403C4B02431EFF741F9324629462046BDE870405D
S21403C4C0EFF750BE0120704738B5054610460C46B8
S21403C4D0F0F73EF8D5B1D5F8C430BBB15B69ABB164
S21403C4E0421ED2B2FD2A13D90A68013204BF6FF086
S21403C4F001020A600A68FF281A6007D162680132DF
S21403C50002D16FF00102626062685A60002038BD93
S21403C5100128F2E72DE9F74F01251C469DF8303038
S21403C520064601930368174603F0070306339D4048
S21403C53005F1FF380B46A1B1416804EA080BA5EBE9
S21403C5400B0A41F00059524509EB0B0114D9524628
S21403C550184600F037FA49467A1B5A44504400F00E
S21403C56031FA019B2BB13C4448EA050804EA080467
S21403C570F46003B0BDE8F08F1846F0E737B5002542
S21403C58014460095FFF7C6FF204603B030BD70B5CE
S21403C5900E461546044608B9002070BD0378042BE2
S21403C5A018D02078F0F79EFCB0B923780C2BF3D183
S21403C5B00EB1FF233370CDB1FF232B7016E0207826
S21403C5C00130C0B203282070EBD8F0F78BFC0028AC
S21403C5D0F5D0E6E70020F5E71EB12078F0F7E0FC9B
S21403C5E030701DB1207800F036F828700120D4E7AB
S21403C5F0EFF7B2BC0020704700207047002070475A
S21403C600704730B549000446056812B102291FD9A0
S21403C6100339C90395B9E1B1B1FA81F3C3F1200334
S21403C620C3F10F00012838BF012003F01F03D940D0
S21403C630A94201D901384908216030BDB5FA85F30E
S21403C64039B1B1FA81F29B1A002BE9DC0F20EFE730
S21403C65000210F20F0E7012805D9023818BF4FF054
S21403C660FF30C0B270470120704708B5F1F7F6F9FE
S21403C670BDE80840F1F71ABA38B50446FFF7F5FFE8
S21403C6800546FFF7F2FF431BA342FAD338BD38B57E
S21403C6900D460446F1F7E2F935B1844200D9013973
S21403C6A0204601F0030138BD844238BF0131F7E765
S21403C6B008B50121FFF7EBFFBDE80840F1F7F6B92F
S21403C6C00B0CB3F5384FF7B506460D468FB216D0AA
S21403C6D04BF60102934214D04BF60202934212D059
S21403C6E0B3F5304F14BF04240324D6F8C4300BB17B
S21403C6F0196851B9D6F8C0309BB928680FE00024F2
S21403C700F3E70124F1E70224EFE7234668463A46B7
S21403C710F1F710FA9DF804300098002BEAD103B025
S21403C720F0BD19680029E8D0234668463A46F1F773
S21403C73001FA9DF804300098002BDED1EFE7D7F717
S21403C74099BA00F03003202B10B513D110F4E02F64
S21403C750C0F302440AD0C0F3C423B3FBF4F410F4CA
S21403C760C01F18BF6400052C0ED86408F1F75EFCE2
S21403C770604310BD6FF01204C0F382131C4104F033
S21403C7800104C4F10204F1E70424EFE708B51C2012
S21403C790D8F75EF84FF0B042936813F0080F4FF0E7
S21403C7A0010302BF9268C2F303129340B0FBF3F097
S21403C7B008BD4FF0384359699A6903F500530A4098
S21403C7C05A617047F7B505460F4668461146F1F7B6
S21403C7D005FD064698B197B1DDE900311B0A43EA29
S21403C7E00163A5FB0343090A05FB0135FFF7A7FF12
S21403C7F00023024629462046F3F7A8FF3860304652
S21403C80003B0F0BD03207047F3F71CBBF3F71ABB66
S21403C810F3F718BBF3F716BBF3F714BB00228A42F1
S21403C82002D14FF0FF30704750F8223093FAA3F34B
S21403C8300BB90132F3E7B3FA83F000EB421070470B
S21403C840002070472DE9F84307468846144600261D
S21403C850D4E90195B9F1010905D52468002CF7D16F
S21403C8603046BDE8F883AB89012B07D9B5F90E30FE
S21403C870013303D029463846C04706436835E9E7FF
S21403C88010B50C46B1F90E10F4F786FA0028ABBFC4
S21403C890636DA3891B1823F48053ACBF6365A38120
S21403C8A010BD2DE9F0411F468B8905460C46DB0576
S21403C8B0164605D502230022B1F90E10F4F75AFAEC
S21403C8C0A3893246B4F90E10284623F48053A38175
S21403C8D03B46BDE8F041F4F771BA10B50C46B1F922
S21403C8E00E10F4F747FA431CA38915BF606523F4BB
S21403C8F0805343F48053A38118BFA38110BDB1F9BD
S21403C9000E10F4F727BA0139024410B5904201D14C
S21403C910002005E0037811F8014FA34201D0181B4D
S21403C92010BD0130F2E7884210B501EB020402D9CC
S21403C9308442234607D8431EA14208D011F8012B90
S21403C94003F8012FF8E7024401468A4200D110BDDE
S21403C95013F8014D02F8014DF7E7024403469342EC
S21403C96000D1704703F8011BF9E7024610B51478A7
S21403C97013460132002CFAD1013B11F8012B03F8C0
S21403C980012F002AF9D110BD0139034610B532B183
S21403C99011F8014F013A03F8014B002CF7D11A4462
S21403C9A00021934200D110BD03F8011BF9E770473D
S21403C9B070477047034611F8012B03F8012B002A32
S21403C9C0F9D170470A44431E914200D1704710B50F
S21403C9D011F8014B914203F8014FF9D110BD0346FC
S21403C9E013F8012B002AFBD1181A013870479368F5
S21403C9F0013B002B936010B408DA9469A34201DB71
S21403CA000A2903D15DF8044B00F098B91368581C43
S21403CA101060084619705DF8044B7047F8B5064673
S21403CA200F461446D518AC4201D1002007E03A461B
S21403CA3014F8011B3046FFF7DAFF431CF3D1F8BDA9
S21403CA402DE9F047164698468A6807460B690C4652
S21403CA50DDF820909342B8BF1346336091F8432025
S21403CA600AB1013333602368990642BF3368023341
S21403CA703360256815F0060506D104F1190AE36844
S21403CA8032689B1AAB422BDC94F843302268003B97
S21403CA9018BF0123920630D404F1430241463846B8
S21403CAA0C847013023D023681A3454F80A2C03F0FD
S21403CAB00603042B0ABF54F80E5C002533684FF0B8
S21403CAC0000608BFED1A54F8123C08BF25EAE575C0
S21403CAD09342C4BF9B1AED18B5421AD1002008E052
S21403CAE00123524641463846C847013003D14FF02A
S21403CAF0FF30BDE8F0870135C1E7E1185A1C302046
S21403CB000233224481F8430094F8451082F8431018
S21403CB10C2E70123224641463846C8470130E6D0DD
S21403CB200136D9E7B1F90C202DE9F0411707054680
S21403CB300C4656D44B68002B02DC0B6C002B3DDDF9
S21403CB40E66A002E3AD0002312F480522F68216A38
S21403CB502B6025D0626DA389580705D56368D21A62
S21403CB60636B0BB1236CD21A216A0023E66A28464C
S21403CB70B047411C24D00023636023692360A38944
S21403CB80DA0400D56065616B2F60B9B104F1440324
S21403CB90994202D02846F6F72BFF002363630DE085
S21403CBA001232846B047461C0246D4D12B68002BE7
S21403CBB0D1D01D2B01D0162B2AD12F6000202EE0BA
S21403CBC02A68B4F90C3042B11D2A01D0162A21D1A5
S21403CBD00023636023692360D5E7626022692260CD
S21403CBE0CEE70F69002FE9D093070E680F600CBFDE
S21403CBF04B690023A6EB07088B60B8F1000FDDDD59
S21403CC0043463A46216A2846A66AB047002808DC07
S21403CC10B4F90C3043F040034FF0FF30A381BDE876
S21403CC20F0810744A8EB0008E7E738B50B6905462B
S21403CC300C4613B90025284638BD18B1036A0BB94C
S21403CC40F3F7B2FFB4F90C30002BF3D0626ED007C3
S21403CC5004D4990502D4A06DFFF7AAFE2846214600
S21403CC60FFF760FF636E0546DA07E4D4A3899B05E6
S21403CC70E1D4A06DFFF79DFEDDE770B50C46B1F974
S21403CC800E1096B0154600291E460CDAA38900211D
S21403CC9013F0800F14BF40234FF4806300203160ED
S21403CCA02B6016B070BD6A46F4F760FB0028EDDB18
S21403CCB0019901F47041A1F50053594259414FF4CB
S21403CCC08063EBE78B89F7B59D0706460C4607D5C9
S21403CCD004F14703236023610123636103B0F0BDBE
S21403CCE001AB6A46FFF7C9FF009F05463046394643
S21403CCF0F6F77BFE48B9B4F90C309A05EED423F068
S21403CD00030343F00203A381E2E7A389206043F011
S21403CD108003A381019BC4E904075BB1B4F90E1039
S21403CD203046F4F735FB28B1A38923F0030343F019
S21403CD300103A381A3891D43A581CFE7F8B50E465A
S21403CD401446054618B1036A0BB9F3F72DFFA3691A
S21403CD50A360A3891A0701D5236943B92146284648
S21403CD60F4F7AEFA18B14FF0FF373846F8BD23682C
S21403CD70F6B222693746981A6369834205DC214670
S21403CD802846FFF752FF0028EDD1A368013BA360B6
S21403CD9023685A1C22601E70431C62699A4204D0A0
S21403CDA0A389DB07E1D50A2EDFD121462846FFF704
S21403CDB03CFF0028D9D0D6E7C9B20346024410B5D3
S21403CDC09342184601D1002003E0047801338C42D5
S21403CDD0F6D110BD430803F05533C01A00F03333C1
S21403CDE0800800F0333018444FF0013300EB101086
S21403CDF000F00F305843000E704710B5044688B154
S21403CE00836A016A7BB180689847002394F82400FC
S21403CE1023621028636005D82146F4F7D5FD112355
S21403CE2084F8243010BD0029EFD08368002BECDB98
S21403CE30084600F057FCE8E7002307B51A460191B9
S21403CE4001A9F4F713FC03B05DF804FB002330B527
S21403CE5087B004939DF83430DDE90A4503930C9BB1
S21403CE60CDE900450293F4F77FFB07B030BD0723F7
S21403CE7030B585B003930A9BDDE908450293CDE9F7
S21403CE800045FFF7E3FF05B030BD30B500230024AF
S21403CE90002585B0CDE900450293FFF7E8FF05B00E
S21403CEA030BD03680B60016070472DE9F0410E4604
S21403CEB0174600240546006808B9BDE8F081D0E9A6
S21403CEC00083B3420BD18368BB4208D154B9C5F87B
S21403CED00080C368DB0701D500F004FC2046044647
S21403CEE04046E9E7C4F80080F3E7D1E90112FFF70B
S21403CEF0DCBF002370B51A46194605460468F4F7E6
S21403CF00B5FB0CB92C6070BDE3682668DB0702D559
S21403CF10204600F0E7FB3446F3E72DE9F8430E46D8
S21403CF201746054610B90020BDE8F8830468002CB0
S21403CF30F9D0D4E900893B4632462946A068C8475B
S21403CF400028F1D14446F2E73020704738B505464D
S21403CF5014460A460021FFF700FD24F01C046B79F3
S21403CF6044F0100443F004032C716B7138BD2DE9B3
S21403CF70F74F1F469DF830308A46804600930028B8
S21403CF8050D0002967D00C68002C66D04FF0000BF9
S21403CF90E679A179761AF6B2BE4208D30C31394443
S21403CFA008EB020945462144F61BC84537E02068CE
S21403CFB0A346BF1B002835D00446E9E7AB199945BD
S21403CFC038BFA9EB050632462846FFF7FBFC009B55
S21403CFD0002B3DD0E279A079F3B237BB1844A07199
S21403CFE0E279A37927689A4232D1DAF80030A3426D
S21403CFF008BFCAF80070BBF1000F01D0CBF8007071
S21403D0002046F4F731FD3C4635444CB10027A3795E
S21403D010E67903F10C01F61A2144F6B24D45CDD359
S21403D020A5EB080003B0BDE8F08F121AD2B2F918C8
S21403D030914209DA0C302044D21BD21A01443844F8
S21403D0400193FFF770FC019BE279D31AE371C7E7FC
S21403D050A3462468D8E70846E4E72046E2E710B587
S21403D060C4790246C4F14503D8B2884228BF0846AD
S21403D0700444D47110BD38B50546C079C0F14504E3
S21403D080E4B2944288BFD4B20C3022462844FFF759
S21403D09099FCEB7920462344EB7138BD1FB5039109
S21403D0A00021009103A9FFF762FF05B05DF804FBBA
S21403D0B038B50446206800B938BD0568F4F7D4FCD3
S21403D0C02560F7E7034610B501F0EC0103B910BD80
S21403D0D01A7902F013020A431A711A1A5442544177
S21403D0E05A7964F300025A711B68EFE710B558B11A
S21403D0F0016802685AB1136823B15C79E40704D562
S21403D100002414600360084610BD0360F1E713466D
S21403D110F8E7034658B10020DA7999791B68521A62
S21403D12050FA82F01BB15A79D207F5D5704770478B
S21403D13070B50D460446E8B186798E4203D3751A58
S21403D1408571012070BDC27906F145039B1ADBB2D7
S21403D15099420FD806F10C010144921BA81BD2B2C8
S21403D1600844FFF7E0FB0023A371E3791D44AD1BDE
S21403D170E571E6E70020E5E70346006818B10268B4
S21403D1801A600023036070470346002003B9704704
S21403D190DA7999791B68521A50FA82F0F6E72DE984
S21403D1A0F84F894614468246FFF7EEFF0546484683
S21403D1B0FFF7EAFFA542074601D3A04208D2BD42C5
S21403D1C008D10024A346A046264647B9384604E0BD
S21403D1D02746F6E738D24FF0FF30BDE8F88F5EB942
S21403D1E09AF806809AF80760A6EB080608F10C087A
S21403D1F0D044DAF800A0F6B2BBF1000F0BD199F8D1
S21403D200064099F807B0ABEB040B0C344C44D9F842
S21403D21000905FFA8BFB5E45354628BF5D46BD42F0
S21403D22028BF3D4621462A464046FFF76CFB0028AA
S21403D230D3D1A8442C447F1BEDB2761BABEB05057C
S21403D240F6B25FFA85FBC0E70120C6E703680BB9B1
S21403D250016070471A461B68002BFBD111607047AC
S21403D260036803B10B600160704739B10B461A4679
S21403D2701B68002BFBD1036813600160704770B511
S21403D280046806460D4644B12046FFF77DFFA842D4
S21403D29011D8236813B9E379A37170BD20463360B0
S21403D2A0F4F7E2FB3468F4E7ED1A236820463360AC
S21403D2B0F4F7DAFB3468002DEFD0A279E3799B1AF2
S21403D2C0DBB2AB42F0D92A44A271E6E7F8B50668AA
S21403D2D005460C4646B13046FFF756FFA0421DD81A
S21403D2E0336813B9F379B371F8BD30462B60F4F79E
S21403D2F0BBFB2E68F4E7064638460768002FFAD1CC
S21403D300C2798379D31ADBB2A34202D9121BC27144
S21403D310EAE7E41AF4F7A8FB3EB13760002CE3D043
S21403D32028680028E0D00026E7E72E60F6E7F8B581
S21403D33004460F46BC4200D1F8BDA179E5796D1AC3
S21403D340EDB2C5F14506B6B20EB92468F2E749B1A7
S21403D3500C312A46214404F10C00FFF7E4FA0023BB
S21403D360E571A3712368BB42EFD05A79D207ECD498
S21403D3709979DD79A0796D1AEDB2B54228BF3546A5
S21403D380E2790C3010440C312A4619442044FFF746
S21403D39019FBE379206853FA85F3E3718379761BE7
S21403D3A053FA85F5C379EDB2AB42B6B2857103D1B4
S21403D3B003682360F4F758FB002ED3D1C5E748B1C2
S21403D3C0002302794360036083604379027143F06C
S21403D3D004034371704700221146F4F7A1BB38B526
S21403D3E004460D46FFF7A4FE98B984B12079FFF7EB
S21403D3F0F2FF58B163794279C3F3400363F3410202
S21403D40045235D1B04604271C371857138BD0120DD
S21403D410EDE72046FAE738B5036804460D469BB1A8
S21403D4201879FFF7D8FF88B12368427903605B79E0
S21403D430C3F3400363F3410245235D1B4271C3718B
S21403D44085712060002038BD0120EAE71920FAE73D
S21403D45038B50C46054640B3006830B309B900201A
S21403D46038BD4AB9C9B2FFF763FE0028F7D12B6867
S21403D4709A799871A41A06E0452918D8C9B2FFF715
S21403D48057FE0028EBD1442C07D8002CE7D02846BB
S21403D490E1B2BDE83840FFF7BEBF45212846FFF797
S21403D4A0BAFF0028DCD1453CEDE72220D8E721204F
S21403D4B0D6E72DE9F84390F8078090F806900446DF
S21403D4C0A8EB0907FFB2B9420D4602D30020BDE818
S21403D4D0F8830079FFF77FFF06460028F6D0A17988
S21403D4E080790C317F1B29440C30BAB22144304476
S21403D4F0FFF768FAF37901203B44F371E379994423
S21403D5004D442368A5EB0805E57133602660DEE726
S21403D510F8B5076806460D463C46002305B12CB908
S21403D5200BB100221A6034603846F8BDE379A2795D
S21403D5309B1ADBB2AB4207D8E379A2799B1ADBB21C
S21403D540ED1A23462468E9E72046E9B2FFF7B1FF60
S21403D5500028F1D10746E7E75318452B02DCC9B28A
S21403D560F4F7DEBA00207047F7B5002605460F46E7
S21403D57001960DB9019C09E0002238461146F4F7DE
S21403D580CFFA044628B901A8FFF792FD204603B058
S21403D590F0BDAB798371EA79C27168796179D21A81
S21403D5A060F30001617169796079C1F3400161F349
S21403D5B04100607103F10C002918D2B22044FFF732
S21403D5C001FA019B03B9019406B1346026462D681F
S21403D5D0CFE72DE9F8430D461446064610B319B3B4
S21403D5E0DAB1034699461B68002BFBD12746C8468B
S21403D5F03A4629464046FFF73EFDC145A7EB0007DE
S21403D600054418BFC9F8008037B10022B1793079D4
S21403D610F4F786FAC14618B9E41B2046BDE8F8833A
S21403D6208046E5E70446F8E70C46F6E737B51546C1
S21403D630C9B200221C46F4F773FA019040B12246A1
S21403D6402946FFF7C6FF844202D901A8FFF730FD3B
S21403D650019803B030BD034610B501391A1A91423A
S21403D66000D810BD445C1A7803F8014B42540139C4
S21403D670F4E700230144884200D1704700F8013BD9
S21403D680F9E738B505460C4604B938BD013C55F8EC
S21403D69034305B68002BF7D09847F5E72DE9F04167
S21403D6A00446002654F836302BB904F10408B34276
S21403D6B003D100250FE00136F4E754F833205F1C4E
S21403D6C012685AB158F833009047054630B13946C8
S21403D6D02046FFF7D6FF2846BDE8F0813B46E6E73F
S21403D6E0F4F728BBF6F759B938B50446FAF7FEF847
S21403D6F0054658B9C820E1F75DFCC8220221284632
S21403D700E1F718FC8442A8BF044624B22046E1F79A
S21403D71051FCFAF7EBF8BDE83840C8220221E1F7DE
S21403D72009BCB0F90020B1F900302DE9F0479A4260
S21403D73004460D4648DCF4F7E5FE8046DCF7B0FC0D
S21403D74000283ED1E1F7ECFB8246FAF7CFF8C82271
S21403D7500221E1F7EFFB47F6FF73B5F90020814698
S21403D7609A4202D1E1F700FC288047F6FF73B4F92A
S21403D77000209A4202D1E1F7F1FB2080B5F90000C0
S21403D780FFF7B2FFB4F9003007468342C8BF2080D4
S21403D790B4F90000E1F7EEFBF7F7E8FD064658B1EB
S21403D7A05046E1F7E7FB4846E1F704FC4046F4F74A
S21403D7B0AFFE3046BDE8F087E1F7B2FB20802F804E
S21403D7C0F4E741F20C06F1E72126F2E70000000039
S21403D7D00000000000000000000000000000000041
S21403D7E0F8B500BFF8BC08BC9E467047F8B500BF46
S21403D7F0F8BC08BC9E4670475FF800F0D12F0020A7
S21403D8005FF800F06D3000205B435D20002E2E2F66
S21403D8106170702E630025733A2564203A25733AA7
S21403D82020007363005374617475733A2025732064
S21403D8303D20307825303478200041737365727448
S21403D840696F6E206661696C6564006E69676761FF
S21403D8500053797374656D20426F6F7465642E2070
S21403D860437573746F6D204164766572746973696A
S21403D8706E6720737461727465642E0D0A00436FBD
S21403D8806E6E6563746564212048616E646C653AE8
S21403D8902025640D0A00446973636F6E6E656374B6
S21403D8A065642E2052657374617274696E672041D5
S21403D8B064766572746973696E672E2E2E0D0A0080
S21403D8C0736C5F62745F6F6E5F6576656E7400611E
S21403D8D070705F696E69740043612035202D204E99
S21403D8E0686F6D20313000464554454C2048434D03
S21403D8F055530048756D3A200054656D703A200004
S21403D90010D9030020030164080802000100000088
S21403D91000186C6C10CE3808600C00000000000085
S21403D9207C307C7CC6FE7CFE7C7C000070001C7C0D
S21403D9307C7C7E7C7EFEFE7CC63C78C606C6C67CA9
S21403D9407E7C7E7C7EC6C6C6C6C6FE7C007C100079
S21403D9500C00060060003800060000060C000000FD
S21403D96000000000000000000000003018188C00C3
S21403D9700000000000186CFEFC6A2C1830186C18A7
S21403D980000000C0C638C6C6C606C6C0C6C6181837
S21403D990387C38C6C6C6C6C6C60606C6C6183066A9
S21403D9A006EECEC6C6C6C6C618C6C6C6C6C6C00C0D
S21403D9B0066038000C00060060000C0006183006EF
S21403D9C00C00000000000000180000000000001813
S21403D9D01830D60000000000001848FE162E2C183B
S21403D9E01830381800000060C63060C0C6060660EF
S21403D9F0C6C618181C7C70C6F6C6C606C606060635
S21403DA00C618303606FEDEC6C6C6C60618C6C6C660
S21403DA106CC6600C0C606C00043C3E3C7C3C3C3C9E
S21403DA203E0000660C6E3E3C3E3C363C186666C6C0
S21403DA3066667E1818306200000000000018006C4E
S21403DA407C10DC001830FE7E1C7E0030C630307042
S21403DA50FE7E7E307CFC00000E00E070F6FE7E0646
S21403DA60C61E1EF6FE18301E06D6F6C67EC67E7C7C
S21403DA7018C6C6D638FC300C1860C60000606606AA
S21403DA8066660C66661830360CD6666666666E067E
S21403DA907C6666C63C66300C006000000000000032
S21403DAA0000000FED0E866001830387E1C7E1C1886
S21403DAB0C63018C0C0C0C618C6C018181C7C703044
S21403DAC076C6C606C60606C6C618303606C6E6C6F2
S21403DAD006B6C6C018C6C6FE6CC0180C306000007A
S21403DAE0007C6606667E0C7C6618301E0CD6666660
S21403DAF03E56063C186666D6187C18181830000082
S21403DB0000000000001800FE7EAC660030186C189B
S21403DB1018001C0CC6300CC6C0C6C60CC6C61818E1
S21403DB20387C380006C6C6C6C60606C6C618366697
S21403DB3006C6C6C60666C6C618C66CEEC6C00C0CB7
S21403DB40606000FE0066660666060C60661836367B
S21403DB500CC666660626066018663CD63C600C183D
S21403DB6018300000000000000018006C10E6DC000F
S21403DB70600C00180C001C067C78FE7CC07C7C06BF
S21403DB807C7C000C70001C307CC67E7C7EFE06FC13
S21403DB90C63C1CC6FEC6C67C06DCC67C187C38C6DD
S21403DBA0C67EFE7CC07C00FE007C3E3C7C3C0C3E7D
S21403DBB066701C6638C6663C065C063E707C18FCBF
S21403DBC0663E7E30181800000000000000000000CB
S21403DBD0000000000000000000000000000000003D
S21403DBE0000000000000000000000000000000002D
S21403DBF0000000000000000000000000000000001D
S21403DC00000000000000000000000000000000000C
S21403DC1000000000000000000000000000000000FC
S21403DC2000000000000000000000000000000000EC
S21403DC308000800001010000E0C810003C060200DE
S21403DC4000000000050000000000000040420F0036
S21403DC5005010000000000000000000000000000B6
S21403DC6074656D703A2025642E25642C2068756DC6
S21403DC7069643A2025642E25642C2074696D653A00
S21403DC8020310D0A000000000000425244343138AF
S21403DC903042002E2E2F736C5F676174745F73655A
S21403DCA072766963655F6465766963655F696E66E8
S21403DCB06F726D6174696F6E2E6300413033003886
S21403DCC02E322E3000736C5F676174745F736572F7
S21403DCD0766963655F6465766963655F696E666FBB
S21403DCE0726D6174696F6E5F6F6E5F6576656E7475
S21403DCF00000000014DD03002100210064DF0300A0
S21403DD001000100054DF0300010001000300FFFFB2
S21403DD10FFFF0000010000000108FFFF00000000F5
S21403DD2024DF0300020002000108FFFF05000000D5
S21403DD3020000C0003000C000008FFFF0100000099
S21403DD408832002004000F000308FFFF03000000D2
S21403DD5002000000050002000108FFFF05000000A6
S21403DD6002000D0006000D000108FFFF0100000081
S21403DD7092320020070002000108FFFF05000000A2
S21403DD800A000E0008000E000308FFFF0100000053
S21403DD90A8320020090000000108FFFF0000000071
S21403DDA028DF03000A0002000108FFFF0500000049
S21403DDB00A0003000B0003000308FFFF0100000036
S21403DDC0B03200200C0002000108FFFF050000002F
S21403DDD0020004000D0004000108FFFF000000001D
S21403DDE02CDF03000E0000000108FFFF0000000008
S21403DDF030DF03000F0002000108FFFF05000000EC
S21403DE0002000500100005000108FFFF00000000E7
S21403DE1034DF0300110002000108FFFF05000000C5
S21403DE2002000600120006000108FFFF01000000C2
S21403DE30C4320020130002000108FFFF05000000A3
S21403DE4002000700140007000108FFFF010000009E
S21403DE50D2320020150002000108FFFF0500000073
S21403DE6002000800160008000108FFFF010000007A
S21403DE70DC320020170002000108FFFF0500000047
S21403DE8002000900180009000108FFFF0100000056
S21403DE90E8320020190002000108FFFF0500000019
S21403DEA012000A001A000A000108FFFF0100000022
S21403DEB0F63200201B000F000308FFFF03000000DC
S21403DEC0010100001C0002000108FFFF050000001E
S21403DED012000B001D000B000108FFFF01000000ED
S21403DEE0FE3200201E000F000308FFFF03000000A1
S21403DEF0010200001F0000000108FFFF00000000F1
S21403DF0042DF0300200002000108FFFF05000000B7
S21403DF1008000080210000800208FFFF07000000C1
S21403DF2000000000020001180200001802000000B2
S21403DF3002000A180C0053696C69636F6E204C610B
S21403DF4062731000F01921B4478FA4BFA14F63FD7D
S21403DF50EED6141D636032E0375EA488534E6DFB25
S21403DF606435BFF7002801280328002A012A292A36
S21403DF70242A272A262A232A6E2A6F2A052A2A2BA8
S21403DF80292B0229050000000000000000C2010042
S21403DF900005000000100000000000000000000064
S21403DFA0433A2F55736572732F646174336B2F4432
S21403DFB06F776E6C6F6164732F73696D706C6963D2
S21403DFC06974795F73646B5F73756974655F7632C2
S21403DFD03032345F365F322D3030312D3030322FD1
S21403DFE073696D706C69636974795F73646B5F35AD
S21403DFF02F6170702F626C7565746F6F74682F6312
S21403E0006F6D6D6F6E2F696E5F706C6163655F6FAA
S21403E01074615F6466752F736C5F62745F696E5FAD
S21403E020706C6163655F6F74615F6466752E630011
S21403E03064656C61795F74696D65725F63620073B2
S21403E0406C5F62745F696E5F706C6163655F6F744B
S21403E050615F6466755F6F6E5F6576656E74003FBD
S21403E060002800292000000013B779FAC925DDB778
S21403E070ADF3CFE0F1B614B80102000000000000D3
S21403E080FFFFFFFF2000000001000000000000006B
S21403E0900000000000000000000000000000000078
S21403E0A00000000000000000000000000000000068
S21403E0B000000000000000001E000003AF25030060
S21403E0C0AB2503008925030087250300C943010008
S21403E0D0B92503008D4301002C000000020405034C
S21403E0E000010200000801B48CE103000008015A95
S21403E0F048E103000008004004E1030000000000BC
S21403E100000000000000FCFEFFFF0000000000000F
S21403E110FFFF000000000000FFFF000000000000FB
S21403E120FFFF00000000000040001806F4D20000C5
S21403E1302C00B0023DBE00001700F2000C7C00006D
S21403E1400C0041009E4200006400FCFEFFFF00003E
S21403E15000000000FFFF0000000000005A00F30666
S21403E160A554FEFF2100A301A1FEFFFF1100A60098
S21403E170832700000A006100DC26000006003B003F
S21403E180F820000003001500AD130000C800FCFED5
S21403E190B4008B087BC0FBFF4D00E402E756FFFF8D
S21403E1A02C00A20183EBFFFF1A000301B31A000041
S21403E1B01100A300552900000A005E005A2800003B
S21403E1C006003A002122000004001800731600001F
S21403E1D0747C5864E81024FFFFFFFFFFFFFFFFFF78
S21403E1E0FFFFFFFFFFFFFF0000000000012000000D
S21403E1F000200000FFFFFFFF00000000FFFFFFFFFF
S21403E200FFFFFFFFBCE6FAADA7179E84F3B9CAC2A9
S21403E210FC632551012600000400000000000000F6
S21403E22000010000000000000B0000000B000000CF
S21403E2300200000000002020000000000300000091
S21403E2408C8C3C0000000000000000000000000072
S21403E250000000581200000000000000FFFFFFFF50
S21403E260FFFFFFFFFFFFFFFF010410400100000058
S21403E2700500020000030000FCE40300D8E40300EA
S21403E2804CE403006CE4030080E4030024E503008D
S21403E290BCE40300A8E403000000000010E503004C
S21403E2A000000000ECE4030000000000E0E30300CD
S21403E2B00000000094E40300000000009CE4030058
S21403E2C00000000060E403000CE3030038E50300ED
S21403E2D00EE30300D0E4030000000000000000008B
S21403E2E000000000000000004E0C000000000000CC
S21403E2F000000000F4DC0300000000000000000043
S21403E3000400000000000000E2FF500001000400CB
S21403E310FB000000000000009188010014140000B8
S21403E3201C2030401C2000001C203040505341006D
S21403E3304B45590000010102010202030102070BCB
S21403E3400B0701160C00000108080000050108FF72
S21403E350FF02FFFF0808020204FF010022FFFFFF7F
S21403E360FFFFFF030404FFFFFFFF2AFFFF14191933
S21403E3701B011C15120400480C1404131510801AF4
S21403E380801280800001020404000000F4010000F3
S21403E390FA00000096000000640000004B00000036
S21403E3A0320000001E000000140000000000000001
S21403E3B001015000400008005000240004009001B2
S21403E3C0500240009001AE0110000F0E0C080C081E
S21403E3D00D1810424C455F535441434B0000000058
S21403E3E0C10B020000000000004972531449720773
S21403E3F0FF000102030405FF145300724907CDF61C
S21403E400092002007D1F0200E9330200898603000B
S21403E410FB860300F58603007537020059A903003F
S21403E420AF860300F7860300F9860300A38603007E
S21403E430F1860300791A0200E5840300CD1B02006F
S21403E44001020C00000004000000080004000000A5
S21403E45000000000000000000000000000000000B4
S21403E4605F86030000000000A001040156000000C0
S21403E4700000000000000000000000000000000094
S21403E480050000000000000000000000000000007F
S21403E49000000000F51F0200000000008B8603004A
S21403E4A000000000A01305000A00000000000000A2
S21403E4B0000000000000000000000000090000004B
S21403E4C00000000000000000000000000000000044
S21403E4D091860300000000000F000000000000000B
S21403E4E00000000000000000000000009B86030000
S21403E4F00000000000000000000000000100000013
S21403E5000000000000000000000000000000000003
S21403E5107122020000000000A0010107A000010410
S21403E52002040800060000000000000000000000CF
S21403E530B52302007D230200E5230200000000004D
S21403E540A0030601A0090609A0020608A0050607FF
S21403E550A0050606A0070605A0020604A0010610ED
S21403E560A00A0602A00D0600000004020503060129
S21403E57007010108090A0000A0015C02A0035C0170
S21403E580A0025C00A0020F09A0030F04A0030F0360
S21403E590A0050F02A0010F01A0050F00A0040108AB
S21403E5A0A0030106A0120100010102042001040ACF
S21403E5B0391F0200200C0403E51E0200200004019C
S21403E5C0111F020020025602D91F02002003560024
S21403E5D0A11F0200200106053526020020040A0FAB
S21403E5E03122020020040A04FD21020020050A024B
S21403E5F0CD210200200001154123020062676170ED
S21403E600695F62756666657273000100020000004A
S21403E61000000000030000000D00030002000100DC
S21403E62005006761747420636F6E6E656374696F4B
S21403E6306E00000000FB349B5F800000800010002B
S21403E640000000000000000023A703007B8C0300EB
S21403E65003A903000DA80300E69D350E480103CC6D
S21403E660DBFDF4AC1191F4EFB9A5F9E9A7832C5EB1
S21403E6702CBE97F2D203B020008BD28915D08E1C05
S21403E680742430ED8FC24563765C15525ABF9A32B6
S21403E690636DEB2A65499C80DC006C888391AAF540
S21403E6A0A53860370BDB5A6083BE0000000100010B
S21403E6B0000501000502020300020000000000023C
S21403E6C0050100050000010001000001000102022F
S21403E6D003000200000000000202010002BF01FB6B
S21403E6E09D4EF3BC36D874F5394138684C8BD289C5
S21403E6F015D08E1C742430ED8FC24563765C15529C
S21403E7005ABF9A32636DEB2A65499C80DCE69D35D9
S21403E7100E480103CCDBFDF4AC1191F4EFB9A5F977
S21403E720E9A7832C5E2CBE97F2D203B0203F49F6AE
S21403E730D4A3C55F3874C9B3E3D2103F504AFF6011
S21403E7407BEB40B7995899B8A6CD3C1ABD0000009C
S21403E750A0010A05A0030A04A0080A03A0070A02E8
S21403E760A0060A01A0070A00A0030906A0060905D9
S21403E770A0070904A0040903A0050902A0060901CD
S21403E780A00309000202030000000000299C020007
S21403E790719C0200119C02007D9C0200659C020095
S21403E7A021C003005DC0030083C00300A5C00300AF
S21403E7B0C7C00300B5B1020065B1020071B1020023
S21403E7C05DB2020049C2030017BE03001BBE03006E
S21403E7D027BE03001FBE030023BE03000000000085
S21403E7E088010000880B0020008064000100008080
S21403E7F0FF7F00000080FF7F0C025241494C00005F
S21403E800A00000005DA70200500000003DA8020023
S21403E81000000001000001010001010129AB020014
S21403E8200DAB0200C9E30200F5E402008DE402002A
S21403E83001010203000000011F150F15150F151F18
S21403E840FFFFFFFFFFFFFFFFFFFFFFFFFFFFFFFFD0
S21403E850FFFFFFFFFFFFFFFFFFFFFFFFFFFFFFFFC0
S21403E860000102020303040506080C0C0C00010257
S21403E87003040707C8C8C8C8C8C8C8C8C8C8C8C81B
S21403E88000B801B802B800B0C4040400DC040400F5
S21403E890F40404000C05040003040408080500003F
S21403E8A00000000000000000000000000000000060
S21403E8B0040700004870AC0F44706E0E3070D61319
S21403E8C00298F6173870940F3470BA0F3070A01091
S21403E8D02C70A010287028122470401220709E0FEF
S21403E8E01C70E8121870641314709A0FB110086045
S21403E8F001D80A7104B87F78020C7E78641000C6CB
S21403E900881F00A01DB8707803B018600F3027B3B7
S21403E9100F330111C0480698780229B0086001D861
S21403E920087109DD047109BB11101660A048086060
S21403E93004100112FF3221500860D0480860008896
S21403E9400698901400C42C1F00A000BA03DF1071B1
S21403E95009DF0672029832031DB8507800A04413EC
S21403E960281441158110086002D81471108806987F
S21403E9707C1900C014C000B80698EE1B00910698D8
S21403E9808E020160B83020D806711EBC637C084D29
S21403E9905412F03240DE0472404804DB08720DDD88
S21403E9A00C72044BEF3014480698FA0400C4E04097
S21403E9B000544412086201322140087C811140D978
S21403E9C01C72B1123032CF4A013AB1DA107208D84B
S21403E9D0067104D80871804C237C4470684C44123A
S21403E9E0FF328722047580B8E84C81D8367140D947
S21403E9F00472237C084B0698FA0404BA1CB9767989
S21403EA0000C1204001B835797F216121007906B91C
S21403EA1006A901D806710298FE01804C307C029844
S21403EA20600208D86A7100C1544000B8141110D9A6
S21403EA305E71584C441280BDA26DFF25784C44127B
S21403EA40FC22513A2814104C00C20CC101B82412FF
S21403EA502814086228140862281408622814304C04
S21403EA60304C00C11C4000B814111814086100C5CE
S21403EA70284001B85415FF35047110491814B04CDA
S21403EA80441208620132067102980401804C08D8C9
S21403EA900C7107BA24D8047106BA187004D80C711E
S21403EAA001BA40D80E7102BA0A7005BA20D80472A9
S21403EAB003BA204C4411C04C181408611814911161
S21403EAC091150088069836050090DF31514138319C
S21403EAD011429111186110D90472EF3200C1084037
S21403EAE001B8141110311E6111422814A1110861D6
S21403EAF018140698D41B181400C1084001B8141142
S21403EB001861FF31181400C1448001B81411181499
S21403EB10086118143088024806989003009308DBAF
S21403EB20047101F800A027B00F3000A01088B111BF
S21403EB30186180D90A7100C1884000B80811009195
S21403EB4000A000C4684000B8441000A000C088407D
S21403EB50005004118261041082601050F07200A00D
S21403EB6054155045127106980A0506989A0407B874
S21403EB70707802B841781EBA5B7A5C7A5D7A00C216
S21403EB8020C001B824120698861900C5301F00A0BD
S21403EB905415511400C3FF010000313D09647F344E
S21403EBA006989802015851280475015841280E7595
S21403EBB08111086102D90472FF0FCC7007B872780E
S21403EBC000F8EBBD00C02C1F00A00411113D10D9A6
S21403EBD01271FF33186300C1781002B8381107B9F1
S21403EBE07479581000A006988E020D3004720448FB
S21403EBF009DC0472084800C11CC101B8141100C323
S21403EC00B81E00A0911504351A7218131CBB08D839
S21403EC1004716C7B04D804716A7B1DBB2F7C5B7B01
S21403EC201670044B18131CBB08D804716F7B04D8EA
S21403EC3004716D7B217C0C3002600698860406986E
S21403EC40240C00B8B111186140D90672029860040A
S21403EC5001BC00C2084001B800DC0A712415026535
S21403EC60604A0A702C4A241508654C4A043508D9AC
S21403EC700471202400C1241F00A01412008800DCA5
S21403EC80327120D8067101B80C70F0DA0C720CDB06
S21403EC90087102B806988E04482400C3384101B8A8
S21403ECA034138F7B0E7102B9911308DB047203B918
S21403ECB028700C4914111110FD300DDC1C7200C0B5
S21403ECC08C1E00A0041080D8107100C0448001B8C8
S21403ECD00410E5200475804900C3884000B8FFB8D7
S21403ECE0012011410871014118130824014200C193
S21403ECF0284000B8141101411C655141911500903C
S21403ED0000DC06710698360520351E65514118133A
S21403ED102813481300C3844000B8341003D8167170
S21403ED20073005DC1071B1108F780A7200C384C4F3
S21403ED300350217B1DB8507800B800C1241F00A0E3
S21403ED4014121C602150F0300152281100A04024F8
S21403ED50076400C0FFFF0100013C17B00220015802
S21403ED604028067518AC01EC00A0208800C020C01F
S21403ED7001B8041217B4211304123052F87119643F
S21403ED80402400C35C1F00A0341014110698560ECE
S21403ED901961009211592129067600BB115906986C
S21403EDA0360E8762313B0472215A412A00A000C204
S21403EDB0686000B8B8B91F610D49181200A0308802
S21403EDC001B9116100C30000C0FF3110312800BC37
S21403EDD0002D0C75115418AC01EC312DF470196428
S21403EDE051134155312C009300A0511010D80C72CA
S21403EDF00698AA1701D804710E6500A000C3C00FB9
S21403EE00FEFF50B2313A014250AA00A006986C07A2
S21403EE10FFB0867808715CB86B786E7800C2548051
S21403EE2001B800C0D81F00A004100812B822217A27
S21403EE30237A52B8417801B80C6021A809B8196042
S21403EE404CA800C0FFD1C1FF4FB2013A00C0002E4C
S21403EE50300001424FAA24B86E78ACB9FFB004D88C
S21403EE6004714CB923A90698C20500C0139001008B
S21403EE700698480500A000C0401F00A017B1181050
S21403EE8006980A0519B81460FFB28C620F32826ABC
S21403EE9021400698480549BC21B952B849B207DE55
S21403EEA02A7105DE0871627C607C1D0C61796778C7
S21403EEB064786B786278657863786078617C010C37
S21403EEC0010C6878020C69786C78020C00C22C80FE
S21403EED001B8277A287A267A6A78050C41790A0CCB
S21403EEE0B11040D806710298DE06784A2B7A327A39
S21403EEF0584A247A00C400011100404A00C0108416
S21403EF0000000812508800C584100100FBAD10BD38
S21403EF1001BB8A6B21B9FAA9C44A1812217A227A4C
S21403EF2000C01C1F00A00410FCA8826441103030EF
S21403EF300129F9A9F8ADFBB08260FBA80330A065F0
S21403EF402110044820EC237A0410037A184A24116B
S21403EF50DC4A01580029241004753150F8B11150C9
S21403EF6081632A71514031400812FCB18461FCA9C7
S21403EF700F310E7117B0112817B111591028FA76F0
S21403EF80C44AF9B11812217A227AA07000950812A1
S21403EF90F8A800C20C8001B8207A844A00B8081288
S21403EFA0020CA44A087A020C21B84178784A0B7AF4
S21403EFB0127A00C2C81F00A0FFB008D80472184A0D
S21403EFC0241000DC0A7140A80422241041A80698E5
S21403EFD0980200C2301F00A02410015100C4FF0194
S21403EFE0000041391150081200A006986C0700BCB7
S21403EFF000C20C8001B8217A52B84978020C4878CE
S21403F000020C49B8417852AC21AC204A087A067AF9
S21403F010077A49AC00C0481F00A017B1181000A01B
S21403F02059B840785AB101D9FC72427857B840783B
S21403F03058B101D9FC72427800A000C20C8001B816
S21403F040217A227A21B8547852B8BC4A2411997985
S21403F050127107B915614CA9617800BB03BC0C6437
S21403F060147009B919614CA9417801BB126300C435
S21403F070002E300000C0FFD1C1FF4FB1013941411E
S21403F0804FA9E44AC8B8081224AB4CB823A806987C
S21403F090C20500C0541F00A017B1181000C004908A
S21403F0A00100FFB18679047108480698480500C038
S21403F0B08009004040A809B8FFB108D9047103B815
S21403F0C053A8B11004D80C7156BB607B57BA627A4A
S21403F0D0607A02D80C7156BB607B59BA627A607A42
S21403F0E004B86E783DB8607800C05638000000C19A
S21403F0F0B08001B814119979087200C0D6040000D4
S21403F10000C124C000B814119F79047208484CA8A3
S21403F1102EB8FFB108D906714AA804704BA80FB8D9
S21403F12034A800C00C5E000046B2014246AA00C1E5
S21403F1302C4001B8141108610631087100B906980D
S21403F140A81106989614B11101D90E710698FA1BE8
S21403F15002D906720698000D069890145114069864
S21403F1609A0400C0501F00A017B118100698821109
S21403F1700698C01700A00698AA1701D80A711CB8EB
S21403F1805B7807B8757800B84CA84AA84BA800C0A7
S21403F190F321FFFF46B1013946A904B86F7800A0F2
S21403F1A000C0441F00A017B11810FABC1964415CD4
S21403F1B0512C00C0581F00A00410012C0675069899
S21403F1C09A040698D80FB110186005D8327140BA61
S21403F1D00698661404B86578911004D816711CB89E
S21403F1E06E7800C0684000B821780698D0110140B8
S21403F1F00A721DB842780698A2140298BE0B1DB870
S21403F200717804B86C7841B8427863784478FFB173
S21403F21004D906720298160A00C004900100FFB1D2
S21403F2208679047108480698480500C3141F00A091
S21403F23000C274C000B82414481300BC48120C4B18
S21403F2401C4A2414481300BC4812384B584A24144A
S21403F250481301BC48124ABA447A427A4BBA447AF3
S21403F260427AFFB086780472617A4CBA647A657A19
S21403F2703DBA607A4DB942B83FBB5B79667961792E
S21403F280020C6479050C63796079050C62796579FB
S21403F2905A7900C2340102B8241305B81960314004
S21403F2A0081242B86A78020C4A78020C40BCFFB2D5
S21403F2B008DA06714ABA06704BBA627A657A677AD2
S21403F2C0667A6A79667B0298F00A00C3141F00A068
S21403F2D000C274C000B8241448130C4B1C4A2414F0
S21403F2E048133FBC48121C4A00BC4812384B444AD9
S21403F2F02414481301BC48124ABA647A627A4BBA99
S21403F300647A627AFFB3867B0472617A4CBA647A53
S21403F310657A3DBA607A01D94E71647800C170800F
S21403F32001B800C08000080008110698E60B42B832
S21403F33061784DB97F797E796A7868786278020C4D
S21403F3407B790F0C7A79140C747941786078757927
S21403F350050CFFB208DA06714AB804704BB8657834
S21403F36001BC1664407002D93C710698E60B42B89D
S21403F3704DB96878407841787F797E797B790F0C30
S21403F3807A79140CFFB208DA087171794ABA0670F2
S21403F39070794BBA7279657A6A78020C4A78050CEA
S21403F3A001BC1664020C417940790C0C00C04C0178
S21403F3B002B848100698FA0400C4784000B8007CE7
S21403F3C000C08C1E00A0041180D93271911104D99B
S21403F3D02C727F201D200411FD310DDD207200C02C
S21403F3E0448001B80411E521147600C0244001B816
S21403F3F004118A790871207C104C207C2AB8627824
S21403F400511400C0581F00A00410012C17B001119E
S21403F4108768015841280E7605218769415C412D8E
S21403F420112D067006989A0400C0541F00A017B149
S21403F430181042B84DBB7C7B6478020C29B86878F8
S21403F44051144044067506989A0442B844782AB87C
S21403F4504278FFB101D90C7100C1548001B8CBB812
S21403F460081100C04C1F00A017B11810911004D843
S21403F470147100C08C1E00A0041080D8067107B853
S21403F480537800F807B800C1B41E00A000C220C01D
S21403F49001B824122811777800F8B11094783871DF
S21403F4A006989802E4B911591128067600B80C702C
S21403F4B0A0B9115901290475A0B8826000C3C01F02
S21403F4C000A03413012B341000C3FFFF00FF42B12A
S21403F4D03139114042A800A01DB09178FA7142B8A4
S21403F4E06478020C00BA29AA00C4548001B842B852
S21403F4F04DB900C3C04001B83413977B047240EC87
S21403F500020C44785C7953AA0A0C281442B84DB905
S21403F510FFB301DB2671244C00C3FF0FFF01381431
S21403F5205479407841785579020C5B795A79140CF2
S21403F5305F795E794A784278347002DB14715279C7
S21403F54051795079020C5B795A795F795E791E702E
S21403F55004DB1A7100C4FF07000000C3342102B89D
S21403F56048133FBB467B020C5B795A793DBB407B15
S21403F5704CBB447B457B00C3181F00A03414403C9F
S21403F580207100C068C000B8481028130C4B1C48F4
S21403F590341448102813344B4448341448102813A2
S21403F5A04AAA4BAA04B86D781DB851785CB84B7854
S21403F5B04E7800A000C074C000B80411108800B9CB
S21403F5C0181068480411108801B90B6118102C48EC
S21403F5D004111088008800C1231C000018104AB8C4
S21403F5E064784BB86478260C28B000C1FFFF0FF090
S21403F5F0113871B90B61114028A828B97379747949
S21403F60000C21010303045AA54790E0C00C0E840F2
S21403F61001B8041100C23030101045AA0E0C0410B5
S21403F620008810880698C20D0091009020888F618C
S21403F6308F600698C20D0090886A21400112906A76
S21403F640035800C13F3F00001138FFBC0224412885
S21403F6501138014245AA28B953794AB844784BB8B9
S21403F660447800900091181000912C4818100091CF
S21403F6706848181000A09168436091694361115B64
S21403F680012B112841603128315B00BA30280676F9
S21403F6903128204A4163302806763128104A4163D0
S21403F6A0302806763128084A416330280676312802
S21403F6B0044A4163302806763128024A41633028DB
S21403F6C00476014A00A0115910D906710860086033
S21403F6D008D90471086004D90471046002D904715E
S21403F6E0026001D90471016000A000BA01D8067156
S21403F6F00148112A1F61016001D8F6720138F672BB
S21403F70000A000C220C001B8241211592129127387
S21403F71000210E7100C238C001B82412012121292C
S21403F72000A002B020D8147100C0981E00A00410D8
S21403F73002B945790698CE13EA7003B09F7808722B
S21403F74000B806A800F806986C0700C5641F00A05A
S21403F7505088044D1CBC00C09C1E00A0811101D91A
S21403F7601E71407C009501153C4D5088044DFFBB2F
S21403F7701863315B041106984E0E3129F875069806
S21403F780D01A54150698FA1B01D9087206988607EC
S21403F790067006982C081CBB547B0698AA1701D83B
S21403F7A0067202987A0FFFB901211038F672811299
S21403F7B09B7AF07100C2448001B8241400C0A81ECE
S21403F7C000A0041001130020041040500C7200B96E
S21403F7D00698880F18B90A7018B90698880F00B9E2
S21403F7E000B806987E0F704A08B806987E0F00C2C7
S21403F7F0284000B814B806987E0F00C2EC4001B843
S21403F8000CB806987E0F202210B806987E0F108834
S21403F810308806988607009300910698880F00C0E4
S21403F820AC1E00A00412FFB9012121411810009557
S21403F83000F8312811280410081200A004B8312853
S21403F8401128F8B1181000A00698C2080E70069882
S21403F850240C0698C2080698CA1206983607911210
S21403F860211900C02C4001B80A78097800F810B9AD
S21403F87001BA06985C14069882110698C01700C54C
S21403F880641F00A081109D78FC7200F89112033269
S21403F8901CB900C38C1E00A0341300C4B04000542F
S21403F8A01DB84278707903DE067144783A70717930
S21403F8B0A11020D806710298AC1080DB1C7102D808
S21403F8C0187205B80814A11010300248081400B8BE
S21403F8D008149110086008141DB86278A11000DCA3
S21403F8E00676517900BA911120311D61911004D822
S21403F8F00E7200C1381F00A0141101D90A712088A6
S21403F9000698A811009200C1204000B801DB1871C8
S21403F910084C03DE0471904C441400C3FF1F000020
S21403F920413BFF233811944900C3384101B83413CF
S21403F930086380DB0C7103BA18620698941008708B
S21403F9401862069894100C49087909791410214016
S21403F950081100A000BD0698720210B903DC0471FA
S21403F96000B901BA06985C1402D9067100404E72BB
S21403F97003B118610F310698D011FFD82872811091
S21403F98008D8187106DD0A710698720203DC0C7239
S21403F990069814120698A2140C7006DD10710698C9
S21403F9A01A12487020B804A806DD10720698C2081A
S21403F9B00698360701F840B804A800F800C08C1E65
S21403F9C000A00413086301DB227191100111186172
S21403F9D011381DB910D8087144790298AC1002DBAF
S21403F9E0FA72A11328DBF47203BD06987611069803
S21403F9F0C2081DBA7F7A0698FA0400C5681F00A0DD
S21403FA000698720200BA03DC1672044DA11002D8DF
S21403FA1004711C4D00C10CC101B80698B6045415F8
S21403FA20212D069858050298EC08911001550335C8
S21403FA305150011900A000C1341F00A0141001D8B2
S21403FA40427101480860FE200E75811020D80871A7
S21403FA5000C1381F00A0141101D9287100C02C4022
S21403FA6001B80412215108610F3118611152281090
S21403FA7000C0084001B804119112215120311152DF
S21403FA80211900A0811380DB067201B800A000C311
S21403FA9014C001B8341006302E726C4B34121C4B53
S21403FAA03410186002302072811080D8DE71341052
S21403FAB0014A08620460803021508C480A717F2313
S21403FAC04D233410013000A000BD069876111CB8F3
S21403FAD047784578437802B8447800A00698C20869
S21403FAE00698141200C5741F00A0541506985805EE
S21403FAF00298EC08B1138F7B0A7200C384C40350C8
S21403FB00017B0698961400C1384101B814118F7909
S21403FB100E7100C1B84000B800BA0698941050BAE7
S21403FB20069866140698D011FFD84A71911004D827
S21403FB304872811008601CD8407220D9387211129E
S21403FB40FF322151347180218021111400C0C01E60
S21403FB5000A00413FFBA3151113A215111531DB9B4
S21403FB6038107B7940440E7200B900C2941E00A080
S21403FB701812067004B860780698901400F800B956
S21403FB8000C2A44000541812644A0AB918121CBAD8
S21403FB90507A517A1DB942795F7900A006987202AD
S21403FBA007DC1072911000200A750698CA12029894
S21403FBB0C60F0698360701B9911004D8047100B928
S21403FBC010BA06985C1400BA0040347100C08C1E4C
S21403FBD000A00411086101D9127104D9E2728110E0
S21403FBE0086001D8DA711DB8647800C11CC101B879
S21403FBF00698B60401B81160002A047600BA06987F
S21403FC00CA1200C5781F00A05415212D0698860732
S21403FC1000C57C1F00A000F800BC811108D916722D
S21403FC2080D9207201B910BA06985C1400400E7190
S21403FC3001BC1070069814120698A21420B804A8E3
S21403FC4000F80698CA1281110231127100B900C277
S21403FC50144000541812244A02B9181206981412B3
S21403FC6000C5801F00A054150698581B0298EC0880
S21403FC700411012114711CBA737A0420041228118A
S21403FC80042004110121F47200A00698FA0401F876
S21403FC900698AA1701D81671FFB9012110380E72FB
S21403FCA081109B78087104B9677900F8911010D811
S21403FCB0287100C51CC101B8541106984E0E00C524
S21403FCC0B01E00A054155129EA7507B876781DB8FA
S21403FCD0447801B804A800F8B110186010D82E7143
S21403FCE000C05040005400C3084000B83114984C7C
S21403FCF044113411086101D9FA71441228100862BC
S21403FD0028100862281008622810E8700298AC02CF
S21403FD1006988E02113804721E6202BB00C1C01E12
S21403FD2000A0141120390C72911210DA0672417B6E
S21403FD3000A00698961400C28C1E00A0241220DA97
S21403FD400472617B1CBA527A00A01CBA727A8112C2
S21403FD5004DAFC7200A01CB86B7800C0684000B8D8
S21403FD602F7800A00698BC110698AA1701D83A71F6
S21403FD7000C22C4001B824100360911120310151B8
S21403FD80383111501D6008121DB9537900C24480E2
S21403FD9001B8241200C0A81E00A0041018200020DA
S21403FDA0041020500471737910631EB9637900B987
S21403FDB002EC00CD114502EC00CC01DB087100BB60
S21403FDC002982E1903B841110731FA211C76062131
S21403FDD0911210DA087102DD10721E7020B80698B0
S21403FDE0120E3038147208B80698860400C02C40E9
S21403FDF000B82978207800F8056020D806710298A4
S21403FE00681602EC00CA05B823DA187104DBDA7147
S21403FE1020DAD67110DAD2721EB8617800B801DA29
S21403FE20067202EC00C8911110D9267100C1A01EFB
S21403FE3000A014111150FF300C720761A11011506D
S21403FE4002300A7180DB0A720AB89E701DB97C798B
S21403FE501860911111402111C031114001191EB8CB
S21403FE60411108D90471667820D904726578A11007
S21403FE7002D80672C0DA1E711EB8273123DD087257
S21403FE8010DB1072607825DD0A7121DD087208DB4D
S21403FE900471627803B8411107310872A115203541
S21403FEA0AA7102DD2072A11120D9A07102D916729F
S21403FEB0CCDA9872411140D9927206B8054D5A723F
S21403FEC002980A1521114049C0D94C71A031411539
S21403FED04035026551410461086308DA1E7204DA8C
S21403FEE036721049A1150235067110DB0E72013405
S21403FEF00A7108DB22711EB86778CC3211101A30EB
S21403FF000ADC0872CCDE0471FD3100C00D0F0C0D47
S21403FF10216001D85C7207B80298341500BA411103
S21403FF2008D90C7102EC00CA05B830DAEC72073453
S21403FF30F031036101DA0471014900C0F300A3E361
S21403FF40216001D8D27100C0981440682160403007
S21403FF50014440DA0471204C04320262204A111034
S21403FF6006301F60014218311D6111420298521576
S21403FF70204A00C00517085021601130014220882E
S21403FF80FFBB0DDA507100C1DE1B250180BC04DA0D
S21403FF90107208DA0A7200C120841000E024A0243C
S21403FFA008634143026401DA06711E49024B00C02E
S21403FFB0081F00A008633810BC2002DA127101B9CA
S21403FFC01159A11380DB087100C100FCFF01181052
S21403FFD00298BA1800C48C1E00A0441080D87C7106
S21403FFE00092D0DA06710DDA0C711EBD437DEFBDAB
S21403FFF00698100304620DDA8672A11105D95C71A6
S21404000000C24040005424121024281401D9067259
S21404001002D9327140D91E7102EC00CA211018327E
S2140400200471FA2220D804720822FE22087502EC13
S21404003000C8F87001D90E7102EC00C802D9067225
S21404004004DC187200C08C1E00A004101D6001D8C9
S21404005006711EB8647807B8737802982E1900C023
S2140400608C1E00A0041080300A7100C0AC1E00A0D4
S214040070041000A00698AA1701D82E71911010D863
S21404008028728110A0D8227203B084781C7200C132
S2140400902C4001B814100DBA487A697A6B7A0811A4
S2140400A01CB87B7807B8757800A0641000C6881F53
S2140400B000A0C3B80698780200C42C1F00A014BA87
S2140400C0281400B8011AB1108F780A7200C084C4CC
S2140400D00350017891101030011905BA0698661479
S2140400E002D9067101B804A800C08C1E00A004132F
S2140400F080DB06710298B0141DBA7C7A01DB6A7143
S21404010000C20C1F00A024111114FF3402EC00C816
S214040110FF24FA7608610698220E046111380F301F
S21404012004611114011141100698220E01D80872B8
S21404013003B8029834151C4A01DB227124101128D6
S2140401401128041202300471106200C0FFFF000080
S214040150213800C2204000B8FF2008124110086071
S2140401600698220E01D87C7120BC1033767100BB31
S21404017000C1081F00A01415C021112C51121862CA
S2140401800F320E7140885114069856194143009454
S214040190511208651C620F320E71411151140698F3
S2140401A056191C6441430865513B00C1C41E00A097
S2140401B01411111231100F30127100BA056101D8F2
S2140401C00471114201600FD8F472311003601E30BE
S2140401D0047201B8003A087204B8029834150298FA
S2140401E0201700C0384101B804118F7914717F209C
S2140401F0692004110861303110DD06711DBA637A76
S2140402000698BC1106980E0300F830885088FF3410
S214040210087102ECFF24F87002EC00CD141059505B
S21404022001440421FF22F2720F4C0095009300A0B3
S21404023000C1901E00A0141100A030880698AA1BC6
S2140402408111086102D9067202986E1A1CBB557B8E
S214040250086120D9067102985E1A0088A1101860F9
S21404026006987C1908211415FC251EBB5C7B5D7B57
S21404027000C1084001B814110731FE21307608D8B1
S2140402802A725113FC23341304DB20711863FF33E2
S214040290315B00C110C000B81411086180490C71AC
S2140402A0FF31302960751EBB7B7B1C707B7B7C7B9F
S2140402B000DD04717D7B01BB381581131863403360
S2140402C0067107BB717BEC25541300DF54710425BB
S2140402D005DF547154152111208806984E0E00929D
S2140402E051293E7500C1084001B8141102DB0C7197
S2140402F00731315B31292A760C7004DF08720161FC
S21404030080D91E7206987C1900C010C000B80698E2
S214040310EE1B06987C191411FFD960720298B41A61
S2140403200090009300A05415A111186110D9A6726C
S214040330082508D8A071082510D89A71208821119C
S21404034006984E0EFC255412112AF82554110C2535
S21404035020D80871F0255411102520290476215937
S214040360181500920298201A07B97179811010D8CE
S2140403700A711CB8447802B841781CB9747904B977
S214040380677900F88110A0D808711CB9497900A0D3
S214040390086002D8FA7106987C1910880698961494
S2140403A0106210DA087108211415F025541100C2E1
S2140403B00020FEFF202912750698FA1B01D90A723E
S2140403C00698C2080698360700941CBB41100C20F9
S2140403D00698BC134111082114100698BC13312842
S2140403E0441111120861FF31FF32012210521072BB
S2140403F01861181404244413042438140C70186167
S21404040021411814082408140298901440441471C6
S21404041000C1941E00A0141551131C630FDB0C724C
S214040420196506980A05411500A000C3784000B86F
S2140404303413807B0672069836070698961408BB13
S21404044051140698181B4415FC25541500C378400F
S21404045000B83413807B047100A0029858051CB9B8
S21404046000C38C1E00A03413086308DB1A718113C2
S214040470A0DB0671497910706979086302DB08729B
S21404048004B9677900F800A08111086102D91071D7
S2140404901CB9757906987C191411FF3100A0FFB9B0
S2140404A000A0041008211411F421081100A08111E1
S2140404B0106110310E7106987C1908211411F82168
S2140404C0141100A0680B04000000000024050400BA
S2140404D0010000000000000000F04902680B040060
S2140404E000000000480504000100000000000000B1
S2140404F000F04902680B0400000000006C050400CC
S214040500060000000000000000F04902680B04002A
S2140405100000000044060400010000000000000083
S21404052000F0490268060400809C2B8F80841E001D
S214040530000000002700FF7F243200200000000097
S2140405400000000000000000A8070400809C2B8F19
S21404055080841E00000000002700FF7F2432002055
S214040560000000000000000000000000E80804008E
S214040570809C2B8F80841E00000000002200FF7FDA
S21404058024320020000000000000000000000000EC
S214040590E8080400809C2B8F80841E000000230043
S2140405A02300B600243200200000000000000000F3
S2140405B000000000E8080400809C2B8F80841E0046
S2140405C00000240024009D002432002000000000C7
S2140405D00000000000000000E8080400809C2B8F48
S2140405E080841E000000250025007D0024320020A3
S2140405F0000000000000000000000000E8080400FE
S214040600809C2B8F80841E0000002600260053004A
S214040610243200200000000000000000000000005B
S214040620E8080400809C2B8F80841E0000002700AE
S2140406302700FF7F24320020000000000000000096
S21404064000000000280A0400809C2B8F80841E0073
S214040650000000002700FF7F243200200000000076
S2140406600000000000000000FC1F0103140D04003D
S2140406703C40010010000000484001002017000024
S21404068050400100010400005C4002000D0F000011
S21404069001010000B440010003C0010054C0010081
S2140406A00E2D09E620400401300000461FC8010054
S2140406B000200010008000005840040118000500C7
S2140406C0400800000900000091000A0080400C0168
S2140406D08C002C0200000000120012005B808C1BB1
S2140406E0000000000002050E1C2F43536269686177
S2140406F05543320416E4B8C68A674533224A920440
S214040700EC40070180B0B18C00000000640483074D
S2140407108813C83A9C200A0001612080B756351217
S21404072010410201A01B0429088840002841010149
S21404073000000000304109016406660C0C0100004C
S2140407404CD4E83B04196F300A10161C22282E34A9
S2140407503A4010325476980A1D5F80A4684103011B
S21404076064048307881382000000000030420201FC
S214040770000000000008000EA0800201703803008C
S214040780D0000000A8800111F0010000A88001310B
S214040790055AFD01AC800111F0010000AC80013166
S2140407A0053EFD00FFFFFFFFFC1F0103640D040070
S2140407B03C400100100000004840010020070000F3
S2140407C050400100000400005C4002000D0F0000D1
S2140407D001010000B440010003C0010054C0010040
S2140407E00E2D09E620400401300000461FC8010013
S2140407F00020001000800000584004011800050086
S214040800400800000900000091000A0080400C0126
S2140408108C002C0200000000120012005B808C1B6F
S214040820000000000002050E1C2F43536269686135
S2140408305543320416E4B8C68A674533224A9204FE
S214040840EC40070180B0B18C00000000640483070C
S2140408508813C83A9C200A0001612080B7563512D6
S21404086010410201A01B0429088840002841010108
S21404087000000000304109016406660C0C0100000B
S2140408804CD4E83B04196F30080E141A20262C3278
S214040890383E10325476980A1D5F00006841030102
S2140408A064048307881382000000000030420201BB
S2140408B0000000000008000EA0800201703803004B
S2140408C0D0000000A8800111F0010000A8800131CA
S2140408D0055AFD01AC800111F0010000AC80013125
S2140408E0053EFD00FFFFFFFFFC1F0103B40D0400DF
S2140408F03C4001000000000048400100A007000042
S21404090050400100000000005C40020000000000AF
S21404091000000000B4400100FF4C000054C0010079
S2140409200A2D09E620400401000000061FC000004E
S2140409300060000000D03200584004016402FF004A
S21404094080080000010000001100080080400C012F
S2140409500804000000000000D90322000000000084
S214040960000000000102071121374B5A67696254E0
S2140409704029150500008020434433332392A424E1
S214040980EC40070190382CAC000000006404830798
S2140409908813C83A9D200A00016120804737414ADF
S2140409A0104102012A144A0289BBC00A28410101E7
S2140409B0FFFF0000304109016406660C0C010000CC
S2140409C0E853FA000000080012181E242A30363CA9
S2140409D0424821436587A90B0000E0C4684103012F
S2140409E06404830788138200C108000030420201B1
S2140409F045966B105C22670EA08002017078030097
S214040A00D5C00000A8800111F0010000A8800131C3
S214040A100542CB01AC800111F0010000AC8001312D
S214040A2005228D00FFFFFFFFFC1F0103040E0400D8
S214040A303C4001000000000048400100A007000000
S214040A4050400100000000005C400200000000006E
S214040A5000000000B4400100FF4C000054C0010038
S214040A600E2D09E620400401000000861FC0010088
S214040A7000600000008000005840040118000500D3
S214040A8080080000090000009100040080400C016A
S214040A908C000C0000000000130022000000000080
S214040AA0000000000002050D1C2F425362696860B6
S214040AB053402E1F91822084674533221249020038
S214040AC0EC40070190382CAC000000005A10080ACD
S214040AD0D007CA4A51104800F9541E804737414A85
S214040AE01041020130194A0589BB40002841010122
S214040AF0FFFF000030410901F15004430C010000DF
S214040B00E853FA000000080010161C22282E343A77
S214040B10404621436587A90B0000C0B46841030121
S214040B205A10080AD0074104C103000030420201EB
S214040B308993A30F5EC25D0EA08002017078030045
S214040B40D0000000A8800111F0010000A880013147
S214040B500542CB01AC800111F0010000AC800131EC
S214040B60053EFD00FFFFFFFF0C400200018101006F
S214040B7000410000204002000000000001000000C8
S214040B8030400300000000000000000000000000E9
S214040B90404002000000000000000000A8400100E1
S214040BA007000000B8400300FF4C0000FF4D0000A3
S214040BB0FF4D000008C00100000000001CC001102A
S214040BC000F807001CC00130F502080020C005002C
S214040BD000130000EC80B3034375A8020000000075
S214040BE02E02000050C001008741300C58C002009D
S214040BF054060708D1B6020064C00800043000009A
S214040C0040201006C8F248181FE8F600BD4B7215BF
S214040C1011A3180510325476980A000088C0010003
S214040C200000000008000101080700001800010188
S214040C30AAAAAA00200001010060DA001C400101F3
S214040C401000000030400301000000030000000014
S214040C50000000006840020129417671000000008F
S214040C60E040020133000000000000000C410101D6
S214040C70B85512002441010100000000544105014A
S214040C80010000000000000000000000000000005A
S214040C9000000000384202010000000000000000CE
S214040CA0444201010000000010800101030000001E
S214040CB038800201114910000100000088800101FB
S214040CC0000000009C800101EB400200B08002019D
S214040CD0000300023700000188000202000C000432
S214040CE04C0000009400010200040000D000020240
S214040CF00E00000090029608E40001023D0942043A
S214040D00F400010200000000180101026000510214
S214040D10FFFFFFFF0F00000000008000000000003F
S214040D20840E0400540E0400000000008025960083
S214040D300048E80140420F00010200001149500239
S214040D40000000000000000000000000000000009A
S214040D50000000003D420F000000000000000000FC
S214040D60000000000F0000000000800000000000EB
S214040D70840E0400600E0400000000008025960027
S214040D800048E80140420F000108000011495002E3
S214040D90000000000000000000000000000000004A
S214040DA0000000003D420F000000000000000000AC
S214040DB0000000000F00000000008000000000009B
S214040DC0840E04006C0E0400000000000047860039
S214040DD00048E80180841E00010100001149500209
S214040DE000000000000000000000000000000000FA
S214040DF00000000054841E000000000000000000F4
S214040E00000000000F00000000004000000000008A
S214040E10840E0400780E040000000000082F8600EC
S214040E200048E80140420F00010100001149500249
S214040E3000000000000000000000000000000000A9
S214040E40000000002A420F0000000000000000001E
S214040E5000000000E5BF00001C250000F4010000AF
S214040E60F5DA02001C250000F401000050C300005F
S214040E707C150000DC05000050C300001C250000A3
S214040E80F4010000193F01060410010000010106E8
S214040E9000102700000C0000000000000000232DB6
S214040EA0302B2000686C4C0065666745464700306A
S214040EB031323334353637383941424344454600B7
S214040EC030313233343536373839616263646566B7
S214040ED00062675F6D65737361676520726563653D
S214040EE069766572730062676275660061636C009A
S214040EF06C6C5F636F6E6E656374696F6E006C6CAA
S214040F005F6164765F736574006761705F636F6EBC
S214040F1074657874006C6C5F76616C696461746F78
S214040F2072006D6573685F70726F765F64620062EC
S214040F30675F6D65737361676500736F66745F746E
S214040F40696D65725F6D65737361676500666F755D
S214040F506E646174696F6E5F636D64006C6C5F6170
S214040F6064765F73796E63006C6C5F7363616E5F47
S214040F7073796E63006761705F706572696F646928
S214040F80635F616476006761705F706572696F6441
S214040F9069635F73796E63006C326361705F636F5D
S214040FA0635F6368616E6E656C006D6573685F7021
S214040FB0726F765F64625F6170706B6579006D62F4
S214040FC06564746C735F636F6E7465787400000098
S214040FD0E60E0400EC0E0400F00E0400FE0E040000
S214040FE0090F0400150F0400220F04002F0F04003D
S214040FF03A0F04004D0F04005C0F0400680F040051
S214041000750F0400860F0400980F0400AA0F04004E
S214041010BE0F040062676275665F696E006267628F
S21404102075665F6F75740062676275665F6E6F667D
S2140410306C6F770062675F6D616C6C6F63000000B5
S20C0410406014FD7F01000000AE
S21004104854100400E03000209900000062
S214041054000006505CE203000200FFFF02020000E8
S214041064AC0E0020F200000071350100E803000015
S214041074C0EA2101C0EA21010080000000F0490210
S2140410841431002000400F0000A000009C10002033
S214041094C8000000FE00000000000000BCE00300DE
S2140410A4C00A00205BC90300200000000000000002
S2140410B40000000000000000000000000000000023
S2140410C4CD2602000000000000000000000000001E
S2140410D4ED04020000000000000000000000000010
S2140410E4950F02000000000000000000000000004D
S2140410F43D1E020000000000000000000000000086
S2140411049F86030000000000212302000000000064
S2140411140000000000000000CD22020000000000D1
S21404112400000000000000001D240200000000006F
S21404113400000000092D02000000000000FFFFFF6D
S214041144FF00000027A803002BA803002FA8030011
S21404115433A80300FFFFFFFF65BE0300DCE70300BC
S214041164FFFFFFFFE8E7030013C203000FC20300F8
S214041174FFFFFFFF17C2030020C001B8FFFFFFFFF5
S21404118411DB0200FFFFFFFFFFFFFFFFFFFFFFFF70
S214041194FFFFFFFFFFFFFFFFFFFFFFFF000000004E
S2140411A403000000E42300203C320020000000007A
S2140411B4E42300204C240020B42400200000000073
S2140411C40000000000000000000000000000000012
S2140411D40000000000000000000000000000000002
S2140411E400000000000000000000000000000000F2
S2140411F400000000000000002000040000000000BE
S21404120400000200100000000000000000000000BF
S21404121400000000000000000A00010000000000B6
S2140412240A000D000000456D707479204578616DE0
S214041234706C650002000800000030303030303036
S2140412443030020003000000303030000200050095
S2140412540000302E302E300002000800000000008B
S214041264000000000000120002000000000012004B
S214041274020000000000FFFFFFFF0400E40C0A0065
S2140412841700FFFF0C0000000000FFFF1F0401010D
S214041294BF8FAF7F8700370F10100004040F0514A8
S2140412A40A030101FF0C01FF405AB4007D24010027
S2080412B455240100B3
S804013B417E
