:020000021000EC
:10200000C00A0020413B0100CD240300CD24030081
:10201000033A0300CD240300CD240300CD240300A4
:10202000CD240300CD240300CD240300CD240300E0
:10203000CD24030068E00300153C0300CD24030019
:10204000CD240300CD240300CD240300CD240300C0
:10205000CD240300CD240300CD240300CD240300B0
:10206000CD240300CD240300B9870100E935010028
:10207000F5230300CD240300CD240300CD24030069
:10208000CD240300CD240300CD240300CD24030080
:10209000CD24030005430100CD240300CD2403001B
:1020A000CD2403001930010009300100CD240300C4
:1020B000CD240300CD240300CD240300B10603008A
:1020C0000DC8030009C8030045FE020019C803003B
:1020D00011C803007506030015C80300A9E3020038
:1020E000F1060300CD240300CD240300CD2403001A
:1020F000CD240300CD240300CD240300CD24030010
:10210000CD240300CD240300CD240300CD240300FF
:10211000CD240300CD240300CD240300CD240300EF
:10212000CD240300CD240300CD240300CD240300DF
:04213000CD240300B7
:10213400F0B5114A114C124E00F00105E3695F0736
:1021440013D40DB9334213D103EA00078F4207D1E8
:102154000B4A1A40002A0CBF00206FF00100F0BDAA
:10216400013AEBD16FF00200F9E74FF0FF30F6E7E8
:102174006FF00100F3E700BF809698000000035061
:10218400020001000B4B70B5D96911F480310DD1F7
:1021940001244FF48072084E084DF46020462C64EC
:1021A4001A61FFF7C5FF3464EC6070BD6FF0010085
:1021B400FBE700BF00000350001003500020035051
:1021C40038B541F6713301220C4C0021E569E36313
:1021D4000B4B05F48035DA60022360612120236112
:1021E400FFF7A6FF10B92120FFF7A2FF0122054B3C
:1021F400DA600DB10023E36338BD00BF0000035073
:10220400001003500020035070B5134C6061E36963
:102214005B071ED40E4656F8043B8D18A361AE42EC
:102224000BD10423002121202361FFF781FF58B93A
:10223400BDE870402120FFF77BBF08210846FFF767
:1022440077FF10B10423236170BD56F8043BA361EA
:10225400E5E74FF0FF30F7E7000003502DE9F843BE
:10226400154641F67132164B8946DF69DA6301225D
:10227400064603F58053DFF8508007F48037DA60B0
:1022840055B9284601220F4BDA601FB10022A3F58D
:102294000053DA63BDE8F88306F5005404EA080441
:1022A400A41BAC4228BF2C46494622463046FFF7C1
:1022B400ABFF0028E6D12644A1442D1BE0E700BF74
:1022C400000003500020035000E0FFFF0000000066
:1022E000013800D0FCE77047002370B5404C05462C
:1022F0008AB0E36318B1008823600CF005FD3D4807
:1023000029F0BAFD3C4E3D4B304633603C4B736088
:1023100025F06AFA0021304617F0C0FC32A3D3E959
:102320000023A062C4E9062325F069FAD4E9062354
:1023300019431043C4E90601CDE900014FF0FF3312
:102340004FF0FF32A06A29F0EBFD02224FF0FF317F
:10235000A06A29F0EAFD01200CF032F94FF4007375
:1023600000222849A06A29F031FEB0F5007F38D15B
:1023700000239422CDE9073309933C23CDE90332AE
:1023800005939623A06A03A9069317F06FFD35B352
:10239000287C0CF059FD0546F0B9A06A29F0F2FE40
:1023A0000CF000FD0CF0EEF820B14FF4807000212D
:1023B00009F076F90CF0F6F820B14FF40060002136
:1023C00009F06EF925F041FB012017F0BDFC0E4A23
:1023D0000E49A06A25F006FA28460AB070BDFF2013
:1023E000D7E70725F8E700BF0DD50155200000000D
:1023F000300B0020690345ECD41D002045E40100AA
:10240000E41D0020D41B00208D770300CD7703004E
:102410000348044B834202D0034B03B11847704773
:10242000443300204433002000000000064B0749DD
:10243000C91A891048BF0131491003D0044B0BB1B0
:1024400001481847704700BF443300204433002040
:102450000000000010B5064C237843B9FFF7D8FF01
:10246000044B13B10448AFF300800123237010BD67
:10247000EC250020000000004010040008B5054BCA
:102480001BB105490548AFF30080BDE80840FFF7E0
:10249000CDBF00BF00000000980D002040100400D8
:1024A000A3F5803A704700BF174B002B08BF134BB2
:1024B0009D46FFF7F5FF00218B460F461348144A4F
:1024C000121A2AF04AFA0E4B002B00D098470D4BF7
:1024D000002B00D098470020002104000D000D487B
:1024E000002802D00C48AFF300801EF079FC2000D9
:1024F000290000F03BFE1EF0B9FA00BF0000080002
:102500000000000000000000C00A0020C00A0020F7
:10251000402F002000000000000000002DE9FF41D6
:10252000224C234D23782A7803EB8303214E03EBBF
:10253000830302EB8303ADF80C301F4F33783A78F6
:1025400003EB830303EB830302EB830300210222EB
:10255000ADF80E301A2003ABDFF8688010F092FA65
:10256000022200211D200DF10E0310F08BFA98F8C5
:102570000000FF280CD002221A2103AB10F0B0FAA1
:1025800002221D2198F800000DF10E0310F0A8FAA8
:102590003B780A4901933378094800932B782278D5
:1025A00009781FF06CFC04B0BDE8F081EE25002036
:1025B000ED250020F0250020EF2500201A33002013
:1025C000F12500201B33002010B5044C2070044876
:1025D000017004490A70044A137010BDF0250020F0
:1025E000EF250020EE250020ED250020012337B542
:1025F0004FF47A710093164A0023164801F094F9BB
:10260000054610B3144C1549206820F098FF144972
:10261000206820F094FF1FF0F6FE1FF0F5FE114B2E
:10262000114A009311494D23206820F088FF10497A
:102630002B46104A206820F082FF284601F018F946
:102640000D49206820F07BFFFEE703B030BD00BFDE
:102650001D250100B00D0020100F0020BED8030082
:1026600008D80300CFD803000DD8030016D8030004
:1026700025D8030022D803003AD8030070B50368B8
:102680009B4A23F47F4323F0070393428AB000F070
:10269000E28002F18072934200F0ED80954A93420D
:1026A00040F0D7800DF1170106A810F02FFA924CD8
:1026B000054608B39149206820F041FF9049206801
:1026C00020F03DFF1FF09FFE1FF09EFE8D4B8E4AB7
:1026D00000938E496023206820F031FF8C492B46FF
:1026E0008C4A206820F02BFF284601F0C1F88A4967
:1026F000206820F024FFFEE7BDF81C3001465BBADD
:10270000ADF820309DF81B3008228DF82230FF23D1
:102710008DF82330FE238DF824309DF81A301820D0
:102720008DF82530BDF818305BBAADF8263008AB0F
:1027300010F0A8F9054608B37049206820F0FFFEA4
:102740006F49206820F0FBFE1FF05DFE1FF05CFE6D
:102750006C4B6D4A00936D496D23206820F0EFFEAD
:102760006B492B466B4A206820F0E9FE284601F0B1
:102770007FF86949206820F0E2FEFEE7674E3046A8
:1027800010F0F8F8054608B35C49206820F0D7FE41
:102790005B49206820F0D3FE1FF035FE1FF034FEA9
:1027A000584B594A009359497123206820F0C7FEBD
:1027B00057492B46574A206820F0C1FE284601F0B1
:1027C00057F85549206820F0BAFEFEE7A022009095
:1027D00003461146307810F0E5F8054608B347493E
:1027E000206820F0ACFE4649206820F0A8FE1FF0CB
:1027F0000AFE1FF009FE434B434A009343497523E9
:10280000206820F09CFE42492B46424A206820F076
:1028100096FE284601F02CF83F49206820F08FFEF4
:10282000FEE73F4B40F2FF22CDE9020306210346BB
:10283000CDE900003B481FF0EAFA0221307810F0A1
:10284000FBF81FF0E0FD1FF0DFFD3749206820F0A6
:1028500076FE0AB070BD037B344C23701FF0D3FDAD
:102860001FF0D2FD244B2278314918680AB0BDE828
:10287000704020F064BE204C1FF0C5FD1FF0C4FD69
:102880002C49206820F05BFEFF22284B234D1A7054
:10289000244B00211A7F287810F0B8F828780221FC
:1028A00010F0CAF805460028D3D01449206820F05B
:1028B00046FE1349206820F042FE1FF0A4FD1FF0E1
:1028C000A3FD104B104A009310499523206820F077
:1028D00036FE0F492B460F4A206820F030FE28466E
:1028E00000F0C6FF0C49206820F029FEFEE700BF7B
:1028F000A0000600A0000100100F0020BED80300B9
:1029000008D80300C0D803000DD8030016D8030070
:1029100025D8030022D803003AD803001A33002038
:102920004BD80300F125002051D803001B330020B1
:102930007ED8030096D803002DE9F043504CABB08D
:1029400016460F461D4680461FF073FD002000F01E
:102950007DF920464FF0000900F0E4F96FF07F4365
:102960002046C4E901391FF0C5FA204645491FF049
:1029700025FC454B8DF8389018689B880690ADF87B
:102980001C30424B8DF82C9018689A889B79ADF8D2
:1029900024208DF826302523ADF810303C4B0890CC
:1029A00005930A23B8FBF3F202F1300103FB12880E
:1029B0008DF834102E22B7FBF3F18DF8362003FB8F
:1029C00011778DF82A20B6FBF3F1B5FBF3F203FB88
:1029D000116603FB1255303630358DF829608DF8BD
:1029E0002B500126052501F130008DF8280008A99B
:1029F00008F13008303710A88DF835808DF8377021
:102A000029F0D8FF0AA910A829F0AFFF06A91DA830
:102A100029F0D0FF0DA91DA829F0A7FF04A91DA822
:102A200029F0A3FF05A910A829F09FFF4B463246C5
:102A30002046CDE90156174900951FF0D2FB4B46C1
:102A400002222046CDE90156134900951FF0C9FB2B
:102A50004B4610A903222046CDE9015600951FF0F0
:102A6000C0FB4B4604221DA92046CDE90156009526
:102A70001FF0B7FB00F012F92BB0BDE8F08300BFE8
:102A8000E80D002000D90300F3D80300F9D80300B3
:102A9000C2B04300D8D80300E7D803000123054A99
:102AA000411100F01F00834052F82100034342F817
:102AB00021307047140E0020044B1B681BB1044BDF
:102AC0000360002070470120704700BF240E0020E3
:102AD0009025002070B50D4C246884B10C4C8518ED
:102AE0002688B5420DDC6688CD18B54209DC52B1A6
:102AF0004BB1A0800020E1802281638170BD012064
:102B0000FCE70420FAE70520F8E700BF240E0020C8
:102B1000902500202DE9F74F9946494B1B68002B63
:102B200000F08A80B9F1000718BF01274FF0010BB0
:102B3000DFF814A17F42BAF80650BAF80A300D9EA9
:102B40002B449BB20D440093FFB2ADB21EB9304688
:102B500003B0BDE8F08F009AABB29A426ED9BAF8D2
:102B60000840BAF80430241AB44228BF3446184446
:102B7000344B361B80B203EB0512B9F1000F0AD0BB
:102B8000072C26D80444A04216D32846FFF786FF18
:102B900001350020DAE7072C1BD80444A042F4D208
:102BA000C108535C00F0070C0BFA0CFC23EA0C0381
:102BB0000130535480B2F1E7C10812F801C000F0AF
:102BC00007030BFA03F343EA0C030130535480B2BA
:102BD000D9E74FEAD00C02EBD00810F007000BD178
:102BE000E20839464046019229F0B7FE14F0070486
:102BF000019ACAD0904412E00BFA00F312F80CE0EC
:102C0000DBB2591E5B420EEA01013B400838194312
:102C1000044402F80C10E20808F10108E1D10BFAB3
:102C200004F498F80030E4B26242013C13403C40A6
:102C3000234388F80030A8E7012688E7042686E7C2
:102C4000240E00200E2600209025002037B5114DBF
:102C50002B68EBB900F060F9044610B1012003B015
:102C600030BD00F04DF928600028F7D00288418877
:102C7000094B20461A801A814A43598059819C8009
:102C8000DC802146CDE9004223462246FFF742FF81
:102C90000020E4E7240E0020902500202DE9F843D1
:102CA0001D4F0125386800F083F800231A46DFF82D
:102CB0006C80DFF86C90D8F800403868D6184188EE
:102CC0008E4207D3FBB910220021144829F045FE9B
:102CD000002012E0E10708D50133D118C9060ABF68
:102CE00058F8254064080135E7E753B109EB0211B4
:102CF00000F0B2F8034610B10720BDE8F883721C5B
:102D0000EBE70132E9E7064901EB021100F0A4F814
:102D10000028D8D0F0E700BF240E0020140E0020B9
:102D20000E26002030B5054687B000B300226FF0B4
:102D30007F43C0E9012301A8FFF7BEFE044698B90E
:102D4000019BCDE902001A882B605B88013A013BA8
:102D5000284602A9049205931FF0F7F8044618B913
:102D6000284604491FF02AFA204607B030BD052442
:102D7000FAE700BF00D903000122014B1A61704736
:102D800000F0035013B5044605F036FB0023012282
:102D9000217BCDE900324900B0FBF1F1024A034842
:102DA00020F073FE02B010BD792D01003C0E002012
:102DB000F7B508260E4C054604F580531E67407B88
:102DC00005F038FD04230B4F02220DF106013846B1
:102DD000ADF806301FF034FA38461FF042FAA87BEF
:102DE00005F028FD002004F50054266703B0F0BD6F
:102DF00000C00350E030002070B50646124820F0B5
:102E0000CFFAB1680022114800F096F8002304229E
:102E10000321022002F0D2F8002335460C4C042294
:102E20001946184602F0CAF80FCD0FC401222B68CC
:102E300030462360074B1A70FFF7A4FF3046FFF7B8
:102E4000B7FF002070BD00BF64E20300E030002047
:102E5000280E00200E2E00202DE9F04385B00192AF
:102E6000082201240F461D46224B06461A67407B66
:102E700005F0E0FC22460DF10E011F48ADF80E40B2
:102E80001FF0DEF9224601A91B481FF0D9F91022D4
:102E9000394619481FF0D4F92246002116481FF080
:102EA000CFF9DFF85480013DA5420CD812481FF03D
:102EB000D8F9B07B05F0BEFC082200200F4B1A6742
:102EC00005B0BDE8F083019B0122013307EB041933
:102ED00001A9404601931FF0B3F91022494640462C
:102EE0001FF0AEF90122002140461FF0A9F901347C
:102EF000DAE700BF00D00350E030002000E00350CC
:102F0000034B04481B78002B08BF0020704700BF0C
:102F10000E2E0020280E002030B5064D87B001ACE3
:102F20000FCD0FC42B6801A82360FFF765FF07B022
:102F300030BD00BF30DC03002DE9F04F04462D4EBC
:102F400089B001AD894690460FCE0FC596E80700BF
:102F5000D4F800B0284B85E807009B4545D003F521
:102F600080439B4543D0254DAB450CBF02254FF018
:102F7000FF35DFF890A022480AEB4517D7F8AC657B
:102F800020F00EFA606820F00BFA617B207B0023B2
:102F9000042202F013F80422617A207A002302F05E
:102FA0000DF80123584601A98DF81230CDF80C9088
:102FB000ADF814801FF073FB0020627A237A2E355F
:102FC00043EA02430AEB451ACAF80430627B237BCA
:102FD00006F0040643EA024346F01806C7F8C03577
:102FE000C7F8AC6509B0BDE8F08F0025C1E7012541
:102FF000BFE700BF44DC030000800550000006501E
:1030000064E2030000C0035045F25552014BC3F87F
:103010002024704700E003504AF6AA22014BC3F86F
:103020002024704700E003502DE9F34101210224E0
:10303000464B042218681B7900908DF8043008462E
:10304000002301F0BBFF424B44F250601C6405F0CA
:10305000F1FB404B14201C6405F0ECFB01232246DD
:103060001946184601F0AAFF0121642300220846F0
:103070001FF043F920B90024204602B0BDE8F081DA
:1030800001226423114610461FF037F90028F2D0C0
:1030900001216423002208461FF02FF9044600286E
:1030A000E9D0002501272C4E4FF0000802E0012056
:1030B00005F0C0FB736C990705D408F10108B8F15D
:1030C000650FF4D1D7E7B8F1640FD4D01E2005F016
:1030D000B1FB736C9A070CD5EB4302AA02EBE50235
:1030E00012F8081C03F0070307FA03F30B4302F876
:1030F000083C4FF00008736C9B0708D508F10108E5
:10310000B8F1650FB7D0012005F094FBF3E7B8F1F3
:10311000640FB0D00135282DC6D19DF800509DF820
:1031200001009DF802109DF803202B189DF8046003
:103130000B4413449E429ED1084B1D70084B1870DF
:10314000084B1970084B1A7096E700BF85DC030026
:1031500000E0035000D0035000C00350F0250020D1
:10316000EF250020EE250020ED25002083B520F07E
:103170002CFD1FF07BF81FF08EF8FFF737FA154C87
:10318000154DDFF86480FFF74FFFE0B1134F1FF0DC
:103190003AF9134E1FF038F93B782A7801933378C7
:1031A00010490093D8F80000237820F0C8F923785C
:1031B0002A7839783078FFF7BFFB23782A78397876
:1031C0003078FFF701FA20F00DFD4FF47A7005F02A
:1031D0002BF9D8E7ED250020EE250020EF25002073
:1031E000F025002060DC0300100F002030B50368DC
:1031F0007C4A23F47F4323F00703934289B040F0D5
:10320000EE80082200211220774B0FF03BFC044691
:1032100010B3764D7649286820F091F975492868F1
:1032200020F08DF91FF0EFF81FF0EEF8724B734AA3
:10323000009373495C23286820F081F97149234683
:10324000714A286820F07BF9204600F011FB6F4995
:10325000286820F074F9FEE70146032214206C4B25
:103260000FF010FC044610B3604D6149286820F04F
:1032700066F96049286820F062F91FF0C4F81FF071
:10328000C3F85D4B5D4A00935D496A23286820F0CE
:1032900056F95C4923465C4A286820F050F92046DC
:1032A00000F0E6FA5949286820F049F9FEE701469E
:1032B00005221620574B0FF0E5FB054610B34B4C8B
:1032C0004B49206820F03BF94A49206820F037F943
:1032D0001FF099F81FF098F8474B484A0093484967
:1032E0007823206820F02BF946492B46464A20686F
:1032F00020F025F9284600F0BBFA4449206820F068
:103300001EF9FEE70DF10F0104A80FF0FFFB0446C4
:1033100010B3364D3649286820F011F93549286830
:1033200020F00DF91FF06FF81FF06EF8324B334AA2
:10333000009333498323286820F001F9314923465B
:10334000314A286820F0FBF8204600F091FA2F4916
:10335000286820F0F4F8FEE7BDF8143001465BBAA7
:10336000ADF818309DF8133008228DF81A30FF237D
:103370008DF81B30FE238DF81C309DF8123018207C
:103380008DF81D30BDF810305BBAADF81E3006ABBD
:103390000FF078FB054610B3144C1549206820F057
:1033A000CEF81449206820F0CAF81FF02CF81FF05E
:1033B0002BF8114B114A009311499323206820F0F8
:1033C000BEF810492B46104A206820F0B8F828466D
:1033D00000F04EFA0D49206820F0B1F8FEE709B080
:1033E00030BD00BFA00001008ADC0300100F0020E8
:1033F000BED8030008D80300C5DC030093DC03003B
:1034000016D8030025D8030022D803003AD80300B9
:10341000BBDC0300BFDC030007B501A801F04AFFD5
:103420009DF80530012B27D1214A936DDB0313D47E
:10343000536B23F4FF0323F4FE4343F4BC1343F420
:10344000A0635363136B23F4704343F4404313634B
:10345000136B43F4E06313639DF8043063B94FF0DA
:1034600000531B68134B1B68134B1B68134B1B68E3
:10347000134B1B68134B1B68134AD2F8803043F080
:103480000303C2F8803003F08BFD00F031FB20F025
:1034900009F81FF079FF04F05FF800F01FFB00F05F
:1034A00063FC00F069FF03B05DF804EB04F032BC8C
:1034B00000C00050004000200080002000C000201C
:1034C00000000120004001200080005030B5204D58
:1034D00095B00DAC0FCD0FC495E80700032384E829
:1034E000070001248DF84D301A4A1B4B0021CDE90D
:1034F00003231A4B0E220DF12600CDE9053429F0E5
:103500002CFA4FF48021164B0DAACDE907130B239B
:103510008DF824300C238DF82530124B07A90A931F
:1035200020230B93104B1148009303AB8DF83140CF
:1035300003F054FF04469DF832304FF4E130002B85
:103540000CBF032100211EF0B2FF204615B030BD94
:1035500084DF0300008005502100050006000402FE
:10356000248005500F2E00205C0E0020AC0E0020A1
:10357000831E012B10B512D8012922D8114B042229
:103580001B6905210020C3F3401301F017FD0E4B0A
:103590001B681868A8B1BDE81040436A18478B1E25
:1035A000012B0CD801280CD8BDE810400022054B97
:1035B00005211B691046C3F3401301F0FFBC01292C
:1035C000E5D910BD00C00350F030002008B5044913
:1035D000044804F059FCBDE80840FFF777BF00BF7E
:1035E000F4300020D00E0020014820F03FB900BF89
:1035F000AC0E0020184B37B583422AD1174B1B78ED
:103600003BB3C8B20FF02CFA054610B3144C154961
:1036100020681FF094FF144920681FF090FF1EF0EF
:10362000F2FE1EF0F1FE114B114A00931149852361
:1036300020681FF084FF10492B46104A20681FF0B5
:103640007EFF284600F014F90D4920681FF077FF2F
:10365000FEE703B030BD00BFD80E00202F2E0020A3
:10366000100F0020BED8030008D8030030E003008C
:10367000A0DF030016D8030025D8030022D80300DA
:103680003AD8030030B500250368584A23F47F4335
:1036900023F0070385B0934204460295ADF80C5021
:1036A0007ED002F5802293420ED0A2F18272934224
:1036B00040F09A804E4B1B78002B00F0958005B0AF
:1036C000BDE8304020F099BAB0F80530212B40F029
:1036D0008B80FF2304A91A4611E903001EF08CFE1B
:1036E000012814BF41F2FC15414B05F0FC0208BF54
:1036F0001870212120790FF0DBF9054610B33D4CFD
:103700003D4920681FF01BFF3C4920681FF017FF50
:103710001EF079FE1EF078FE394B3A4A00933A4982
:10372000592320681FF00BFF38492B46384A206880
:103730001FF005FF284600F09BF8364920681FF06F
:10374000FEFEFEE7344900902379344A0968344884
:1037500000F0EAF80546002846D0264C26492068A5
:103760001FF0EDFE254920681FF0E9FE1EF04BFE1C
:103770001EF04AFE224B234A00932349622320680D
:103780001FF0DDFE21492B46214A20681FF0D7FE9D
:10379000284600F06DF81F4920681FF0D0FEFEE7B4
:1037A000B0F80530B7EE047A07EE903AF8EE677A93
:1037B000B0F8073067EE877A013307EE103AB8EEBB
:1037C000C77A67EE877AB1EE047A67EE877AFAFEF7
:1037D000677AFCEEE77A17EE903AB3F57A7F38BF56
:1037E0004FF47A730C4A136005B030BDA000060296
:1037F0002F2E0020100F0020BED8030008D8030091
:103800003FE00300A0DF030016D8030025D8030023
:1038100022D803003AD80300FC300020F53501001F
:10382000D80E0020012208B5074B1A700022074B62
:103830001A700422064B1A701F22064B1A7003F0EE
:103840002DFC054B186008BD1E330020302E0020D3
:103850001D3300201C330020100F0020024B0349B1
:1038600018681FF06CBE00BF100F00205FE003005F
:1038700070B50C4C0C49064620681FF060FE03F042
:103880000DFC0546206803F0FDFB3046FFF7E6FF20
:10389000284603F0F7FB20680449BDE870401FF09C
:1038A0004EBE00BF100F002061E0030063E0030084
:1038B00038B505461EF026FE00230B4A14685CB19D
:1038C000AC4206D1A96A6BB199621EF021FE0120BB
:1038D00007E02346A46AF2E7002DF3D01EF018FE9D
:1038E000204638BD1160F0E7140F002010B50446E3
:1038F000B0B104F019FD2046FFF7DAFF10B194F8DB
:103900002C300BB9002010BD064C2368002BF9D0D9
:103910001EF0F8FD2368013B23601EF0F9FDF1E77E
:103920002220F0E7180F00202DE9F04385B005466E
:10393000914698460E469DF8307009B9002F5CD12B
:103940002846FFF7D3FF0446002836D185F82C001F
:10395000686304F0DFFD864233D904F04DFD214653
:10396000844640F2E7304FF47A720023E6FB0C0104
:103970001CF0ECFE4FF0FF3200231CF0E7FE2B465C
:10398000E88611462846CDE900441D4A20F0BDF8DE
:10399000044690B9C5E9089885F82D702E631EF08D
:1039A000B1FD184A136833B31A469B6A002BFBD14A
:1039B00095620023AB621EF0ABFD204605B0BDE86A
:1039C000F08347B12B4631462846CDE900440C4AE6
:1039D00004F064FDDCE7304603A904F041FD044631
:1039E0000028EAD12B462846CDE90077044A0399FE
:1039F00020F067F8CCE71560DBE72124DDE700BFA6
:103A0000093A0100140F002091F82C3013B50C4630
:103A100083B98B8ECA8E93420ED243B9CDE900335F
:103A200020460B46124A4FF0FF3120F02EF8A38EAD
:103A30000133A38602B010BD52B191F82D3093B17D
:103A400001230093D1E908232046096BFFF76CFF9F
:103A5000012384F82C30074B1A6801321EBF1A6804
:103A600001321A60E6E7084604F05EFCF0E700BFAA
:103A7000093A0100180F00202DE9F041154E336876
:103A800033B34FF00008144F1EF03CFD05463C6870
:103A900024B92846BDE8F0411EF03ABD94F82C3018
:103AA000A3B1336884F82C8013B13368013B3360D1
:103AB00094F82D3013B92046FFF7FAFE28461EF081
:103AC00027FDD4E9083120469847DDE7A46ADFE7FF
:103AD000BDE8F081180F0020140F002008B503483E
:103AE0001FF05EFCBDE808401EF053BC64E203001A
:103AF00001481FF055BC00BF64E2030007B5082071
:103B00001EF010FD02238DF80030054B684601932E
:103B10001EF091FC082003B05DF804EB1EF00DBD13
:103B2000006A18100348044A0449121A92101EF041
:103B3000CEBC00BF34210100D4220100402F002060
:103B400008B500F02FF8FFF7EDFF124B12498B423A
:103B500012D30020114B12498B4218D3FEF7A4FC5C
:103B6000186850F82240586840F82240013298689E
:103B70008242F5D30C33EAE70022F8E71C6844F8E8
:103B8000220001325C68A242F8D30833E4E7002245
:103B9000F8E700BF4810040054100400541004005B
:103BA00054100400124B134A70B59A60D3F8882061
:103BB000114D42F47002C3F888206FF0010205F540
:103BC0000054226641F2FF7262660222C3F8D020DE
:103BD000BFF34F8FBFF36F8F4FF44036032003F0D6
:103BE0002FFA0320E66003F01DFA2E6170BD00BFBE
:103BF00000ED00E00020010000800044014B186847
:103C0000704700BF04310020014B1860704700BFAF
:103C100004310020084B1B6F03F00703022B04D074
:103C2000032B05D0012B05D0FEE7044B1868704725
:103C3000034BFBE70348704700800050043100202D
:103C40000C310020002D310108B5FFF7E3FF054BD3
:103C50001B6FC3F301330133B0FBF3F0024B186069
:103C600008BD00BF008000500031002000487047B0
:103C700000B4C404014B1868704700BF0C31002029
:103C8000054B1860054B1B6F03F00703032B01D195
:103C9000FFF7DABF704700BF0C31002000800050F2
:103CA00000487047002D3101174B9868C0F304405D
:103CB0000C280AD8DFE800F00B09090909090721D7
:103CC00019091B1D1F0011487047002070479B6891
:103CD00003F04073B3F1807F11D0B3F1007F10D0B7
:103CE0000B4A002B08BF104670470A4870470A4825
:103CF00070470A4870470A4870470A4870470A48A0
:103D000070470A48704700BF0040015A405DC60036
:103D100000093D00C0EA210180BA8C010048E80199
:103D2000005A62020024F40080841E0040420F000A
:103D3000014B1868704700BF0831002000239B6AC0
:103D4000B3F5903F03D21968064A914203D000238D
:103D5000037083607047012202709A689B69426019
:103D6000F7E700BF07B0CD5E00239B6A10B5B3F53F
:103D7000903F11D219680A4A91420DD1094C22781C
:103D800012F0FD0F01D0002010BDDB69984700281C
:103D9000FAD101232370F6E74FF48170F4E700BFF6
:103DA00007B0CD5E312E00204FF00053014A1A605B
:103DB00003F014B902020FF0034B5868C0F3080077
:103DC000003818BF0120704700ED00E013B5002453
:103DD000294801941FF0E4FA01230422032120461C
:103DE00001F0ECF820461EF033FC0122234B0520A5
:103DF000C3F8442401A91FF0C9FA002839D1204B87
:103E0000D3F8F02042F00102C3F8F020D3F8FC20F0
:103E100042F08072C3F8FC201A4AA3F55D431A6091
:103E2000019B194A03F5D52303F2FC43B3FBF2F3DC
:103E3000164A013B13610223C2F8F0304FF480733D
:103E4000C2F804334FF06043114AC3F8B02F114A4F
:103E5000C3F8802ED3F8002E42F48072C3F8002EEF
:103E6000FF2283F82020D3F8002E22F48072C3F8BA
:103E7000002E02B010BD00BF64E2030000D003506A
:103E800000ED00E0FF030040F8590D00000004E0E1
:103E900055CEACC5090001004FF06043D3F8802E29
:103EA00030B5D20715D501240B4D8440D5F8FC2040
:103EB00042F08072C5F8FC20D3F8002E2243C3F8EC
:103EC000002E53F82020002AF0D003F82010002004
:103ED00030BD1120FCE700BF00ED00E02DE9F04F00
:103EE0009A46564B85B01B7806460F461546DDF8B8
:103EF0003C909DF844B0DDF85080002B00F0978096
:103F0000072A00F296800E9B002B00F09280B9F1F8
:103F1000000F00F08E80129BB3F5006F00F38980D4
:103F2000012803D1109B002B00F08380444B03EB4E
:103F300005131B7B002B7ED0424C102200216846CB
:103F400028F00BFD04EB45141022A7BB3946204690
:103F500028F003FD43F210036380BBF1000F03D18F
:103F6000E37843F00303E370364A0E9B02EB451CF3
:103F7000CCE90193129B6901581E9DF84C30C0F3A7
:103F80000A0003F003039B0643EA001E53582E4821
:103F9000012E00EA03004EEA0003CDF800A05350C2
:103FA00017D0B8F1000F2ED19CF8023068F304133B
:103FB0008CF8023027E00021204628F0CEFC4FF498
:103FC00044736380BBF1000FCED1E37843F030033C
:103FD000C9E713230CF1100ECCF80C309CE80F004D
:103FE0008EE80F006FF00301DCF81C20109B61F3DA
:103FF0009F02012FCCF81C20CCF8143003D1CCF850
:104000001890CCF8043000270D4A290102EB051363
:1040100042F80180159A28465A60694622469F60F8
:104020005E7301F04FF8384605B0BDE8F08F0748E1
:10403000FAE70748F8E70748F6E700BF322E002006
:104040001C1000201C0F00200F80FFF3028000F0E6
:10405000018000F0078000F038B5124B05461B7850
:10406000DBB1E0B11EF04EFA0F4A00231146147B7B
:1040700054B92B6001251A0101EB03131D738C50F9
:104080001EF046FA204638BD0133082B02F110021B
:10409000EDD11EF03DFA0548F5E70548F3E7054880
:1040A000F1E700BF322E00201C100020048000F039
:1040B000028000F0018000F038B51EF023FA0023E2
:1040C00005460B4A147B6CB90133082B02F1100230
:1040D000F8D100F0B3FF074B28461C701EF018FA09
:1040E000204603E028461EF013FA034838BD00BFFF
:1040F0001C100020322E0020058000F00D4B10B562
:104100001B78044693B1072812D81EF0FBF90A4B1E
:1041100003EB04131A7B2AB100241C731EF0F8F978
:10412000204610BD1EF0F4F90448FAE70448F8E709
:104130000448F6E7322E00201C100020068000F014
:10414000028000F0018000F0154B13B518680023C1
:1041500001908DF804301EF0D5F9124B1C7824B173
:104160001EF0D6F9104802B010BD01221A701EF0E0
:10417000CFF90E4B01A81C731C7783F82C4083F8F1
:104180003C4083F84C4083F85C4083F86C4083F8F3
:104190007C4008238DF8073000F06CFF2046E2E7F2
:1041A000B8E00300322E0020038000F01C10002035
:1041B0000A4A08B512785AB107280BD8084A02EB08
:1041C00000131B7B43B1002100F046FF002008BD17
:1041D0000448FCE70448FAE70448F8E7322E0020D8
:1041E0001C100020028000F0018000F0078000F029
:1041F0000A4A08B512785AB107280BD8084A02EBC8
:1042000000131B7B43B1012100F026FF002008BDF5
:104210000448FCE70448FAE70448F8E7322E002097
:104220001C100020028000F0018000F0078000F0E8
:104230000A4A08B5127852B107280AD8084A02EB90
:1042400000131B7B3BB100F089FF002008BD05482F
:10425000FCE70548FAE70548F8E700BF322E0020E2
:104260001C100020028000F0018000F0078000F0A8
:104270000D4B1B7893B1072812D889B10B4B03EB78
:1042800000131B7B73B10A4B1A6D01238340134249
:1042900014BF0123002300200B70704705487047AE
:1042A0000548704705487047322E00201C1000203A
:1042B00000000450028000F0018000F0078000F050
:1042C0000B4A10B512780C4662B107280CD859B1C8
:1042D000084A02EB00131B7B43B100F051FF207032
:1042E000002010BD0448FCE70448FAE70448F8E75A
:1042F000322E00201C100020028000F0018000F00F
:10430000078000F0184B2DE9F0411F6D5B6D1F40D9
:1043100000D5FEE701260025144CDFF8588037420F
:1043200018D02368C8F85060A3B1A16828460131AD
:104330006268A1609847637B012B0BD150B90C4B8D
:1043400003EB45131A7B60F341021A731A7F60F383
:1043500041021A770135082D4FEA460604F1100490
:10436000DDD1BDE8F08100BF000004501C1000202A
:104370001C0F002000200450024B1968024B1868E3
:1043800015F098B8103100203031002070B594003D
:10439000224605460E4629F033FA431C0AD058B986
:1043A00022463146284628F0AEFA0028034808BFC6
:1043B000002070BD0248FCE70248FAE710E000F078
:1043C00021E000F024E000F010B5044629F014FAD2
:1043D000431C10D088B900F095FF234620F003005D
:1043E0002044984201D1002010BD53F8042B013223
:1043F000F7D00348F8E70348F6E70348F4E700BFBF
:104400000EE000F021E000F024E000F008B51EF01E
:1044100072F8014B186008BD8C170020014B18681A
:104420001EF06DB88C17002041F67133124A30B57A
:10443000D469124DD3639368A84204F4803423F402
:10444000401306D893600E4AD2F8183223F00203C4
:104450000AE043F4801393600A4B9842F3D9084A68
:10446000D2F8183243F00203C2F8183214B1002215
:10447000014BDA6330BD00BF00000350005A6202F6
:1044800000C0075080F0FA022E4B98424AD022D842
:104490002D4B984240D014D82C4B984239D00AD892
:1044A0002B4B984232D02B4B98422FD02A4B98421C
:1044B0002CD000207047294B9842FAD1284B186F16
:1044C0007047284B98422AD0274B9842F1D1244B71
:1044D000D3F880007047254B98422BD009D8244B45
:1044E000984223D0234B9842E3D11D4BD3F88C0044
:1044F0007047214B984221D003F5740303F5105304
:104500009842D6D1164BD3F898007047144B986D4B
:104510007047134B586E7047114B586F7047104BD4
:10452000986F70470E4BD3F8840070470C4BD3F84C
:10453000880070470A4BD3F890007047084BD3F8B7
:10454000940070470048E8010024F400C0CF6A00DE
:1045500080841E0000093D0040420F00405DC600FF
:104560000080E00FC0EA210180BA8C01007E560372
:1045700080D54302006CDC020090D00338B5134BA9
:104580000546D3F820010C4600F0070004281AD88D
:10459000DFE800F003090D111500012305B12860C3
:1045A00004B1236038BDFFF729FB0423F6E7FFF7CA
:1045B00061FB0323F2E7FFF777FB0523EEE7FFF745
:1045C0006FFB0223EAE700231846E7E7008000506C
:1045D00037B50C460021114B0191D3F880310546C7
:1045E00003F00303022B0ED0032B11D0012B03D1B8
:1045F00001A8FFF7C3FF0D210DB1019B2B6004B192
:10460000216003B030BDFFF74FFB05210190F3E7B8
:10461000FFF746FB02210190EEE700BF008000504B
:1046200038B5104B0546D3F840310C4603F0030370
:10463000022B0BD0032B0DD0012B0FD11DF055FFFA
:10464000082305B1286004B1236038BDFFF770FB73
:104650000723F6E71DF04CFF0923F2E701230020B2
:10466000EFE700BF0080005038B5104B0546D3F887
:1046700060310C4603F00303022B0BD0032B0DD04B
:10468000012B0FD11DF031FF082305B1286004B1C3
:10469000236038BDFFF74CFB0723F6E71DF028FF2A
:1046A0000923F2E701230020EFE700BF008000505C
:1046B00038B5144B0546D3F800020C4600F007004D
:1046C00004281BD8DFE800F003090D1115000123B1
:1046D00005B1286004B1236038BD1DF006FF082332
:1046E000F6E7FFF725FB0723F2E71DF001FF09239B
:1046F000EEE7FFF7A9FA0C23800AE9E70023184642
:10470000E6E700BF0080005038B5144B0546D3F8EB
:1047100008020C4600F0070004281BD8DFE800F070
:1047200003090D111500012305B1286004B12360B0
:1047300038BD1DF0DAFE0823F6E7FFF7F9FA072384
:10474000F2E71DF0D5FE0923EEE7FFF77DFA0C2313
:10475000800AE9E700231846E6E700BF0080005022
:1047600038B5104B0546D3F840320C4603F003032E
:10477000022B0BD0032B0DD0012B0FD11DF0B5FE5A
:10478000082305B1286004B1236038BDFFF7D0FAD3
:104790000723F6E71DF0ACFE0923F2E700231846D5
:1047A000EFE700BF0080005038B5104B0546D3F846
:1047B00000310C4603F00303022B0BD0032B0DD06A
:1047C000012B0FD1FFF756FA032305B1286004B17E
:1047D000236038BDFFF7ACFA0723F6E71DF083FE30
:1047E0000623F2E701230020EFE700BF008000501E
:1047F00038B50C4605461DF07EFE054B9A6A5440BE
:104800002C4054409C62BDE838401DF078BE00BF8B
:1048100000C00050032814D005D8012805D0022874
:1048200009D0002005E00F28FBD1084B186FC0F31A
:10483000013001307047054BD3F89000C0F304609D
:10484000F7E7024B186FC0F38020F2E700800050BA
:104850001FB500230193252817D8DFE800F0131AAD
:104860001D272C363B51565B60656A78161A401638
:1048700016561A272C27361A5127783B3B3B3B27E5
:1048800027275B60FFF7C6F90190019805B05DF836
:1048900004FBFFF7D9F9F7E7FFF7BCF9024602205E
:1048A000FFF7B8FFB2FBF0F20192EEE7FFF7CCF9A9
:1048B00002460320F4E7FFF7C7F902460320FFF79B
:1048C000A9FFB2FBF0F25208EEE7002101A8FFF7C2
:1048D0007FFEDAE7002101A8FFF750FED5E702933B
:1048E0004FF0E0231B695B0705D5FFF7ADF9029098
:1048F000029B0193C9E703A902A8FFF791FEF7E71E
:10490000002101A8FFF78CFEBFE7002101A8FFF7F7
:10491000ABFEBAE7002101A8FFF7CAFEB5E7002108
:1049200001A8FFF7F1FEB0E7002101A8FFF73CFF67
:10493000ABE7094BD3F8803003F00303022BA8D078
:10494000032B01D000209FE7FFF7AEF99CE7002181
:1049500001A8FFF705FF98E70080005008B5012087
:10496000FFF776FFBDE808400349884294BF012164
:104970000221032000F002B880F0FA02032810B5EB
:104980000C4627D004D8012804D0022817D010BD27
:104990000F28FCD11DF02CFE1DF032FE124A013C06
:1049A000136F23F4405343EA04331367FFF74CF9C2
:1049B0000021FFF739FDBDE81040FFF7CFBF0A4ADD
:1049C0004C1ED2F8903023F0F85343EA0463C2F847
:1049D0009030DCE7044A4C1E136F23F4806343EAF3
:1049E00084231367D3E700BF008000501FB5002366
:1049F0000193252821D8DFE800F013202020202A69
:104A00002F454A4F54595E7120203420204A2020DF
:104A100020202A204520712F2F2F2F2020204F5477
:104A2000314B1B6F03F00703013B032B05D8DFE875
:104A300003F00C02080A04230193019805B05DF805
:104A400004FB0323F8E70623F6E70223F4E700203C
:104A500001A9FFF7BDFDF0E7002001A9FFF78EFDDA
:104A6000EBE702934FF0E0231B695B0705D5FFF7E7
:104A7000EBF80B230393039BDEE703A902A8FFF7E0
:104A8000CFFDF8E7002001A9FFF7CAFDD5E7002018
:104A900001A9FFF7E9FDD0E7002001A9FFF708FE13
:104AA000CBE7002001A9FFF72FFEC6E7002001A9F0
:104AB000FFF77AFEC1E70C4BD3F8803003F0030315
:104AC000022B03D0032B05D00023B5E7FFF7BCF87A
:104AD0000B23B1E7FFF7E8F80523ADE7002001A9B4
:104AE000FFF73EFEA9E700BF00800050024A536A6C
:104AF00023F001035362704700C0075008B5FFF769
:104B000075FF07280ABF024B4FF6FF70188808BDD3
:104B10000833002008B5FFF769FF03280ABF024BDE
:104B20004FF6FF70188808BD0633002038B50546DB
:104B3000FFF7AAFC204B04465A68012A04D11F49FA
:104B40004A609A699207FCD10020FFF74FFF0428C2
:104B500003D11DF04DFD1DF053FD194A24F04073A3
:104B600095421FD0174A95421FD0174AD16811F0BD
:104B7000060FFBD19068936091684B4013F4F81FC7
:104B800016D12846FFF740F80020FFF72FFF042832
:104B900010D1FFF759F80021FFF746FCBDE8384077
:104BA000FFF7DCBE43F00073DFE743F08073DCE720
:104BB0009060E9E738BD00BF00C0015000E001503F
:104BC00040420F0080841E0000000150F8B50446EA
:104BD0000020FFF70BFF032800F0818045F60E034D
:104BE00002213F4AC2F880303E4B9962012103F511
:104BF00080539962936DD903FCD4D4E900131B054B
:104C000043EA0163E17B94F820500B43217BE77E6C
:104C100043EA0143617B6D0143EA0133A17B43EA2F
:104C2000811313619169D4E904031B0643EA80638D
:104C300001F000410B43A17E94F823000B43217E39
:104C400043EA0143617E43EA01239361136AE66903
:104C500023F00D0394F8221043EA870366BB136226
:104C6000966A94F8213045EA031326F033052B4366
:104C700043F0010393621C4D194A936D35EA030317
:104C8000FBD10225174B9D62936D5B00FCD4136929
:104C9000A56823F4700343EA055313614FF0004203
:104CA000104B9A6119B9022203F580539A6278B9C0
:104CB00001220E4B9A620BE0334343F00803136268
:104CC000936A23F0330303432B4343EA4103936284
:104CD00094F824301BB1024B054AC3F88020F8BD7C
:104CE00000C0005000D000500300014000E0005020
:104CF000F1A7FFFF70B5184CFF28A66A2AD8A36D4C
:104D000013F4803F18BF0122144B18BF9A6202228D
:104D10009A62A56D15F08045FBD1114AA36992F9FD
:104D2000002023F47F03024423F47F4382F308022C
:104D300043EA002343EA0243A36131460220FFF71E
:104D400057FDA36DDB0303D531460120FFF750FD6E
:104D5000284670BD2125FBE700C0005000D0005060
:104D6000332E0020014B93F900007047332E0020B2
:104D700001231248124A816A9362836D03F0030390
:104D8000032BFAD1022393620C4A936D5800FCD492
:104D90000C48936D30EA0303FBD10122084B1A65DE
:104DA000A3F580539A6D9207FCD49A6D9007FCD5B9
:104DB0009A6D9207FCD50320FFF71ABD00C0005082
:104DC00000D0005003000100F0B5D0E901434FF4DA
:104DD000D1560227164A417805785662154E4F295A
:104DE00077604FF0010728BF4F2106F580567760A6
:104DF0001669F603FCD441EA052151611B01417B90
:104E000043EA04230B43017B43EA41039360C37BE2
:104E1000817B1B0143EA4113417C0B43017C43EA44
:104E200041035360837C13B16FF4D1535362F0BDDF
:104E30000000025000100250014B1880704700BF64
:104E400008330020014B1880704700BF0633002054
:104E5000284B984242D01AD8A3F5B703A3F558635C
:104E6000984237D00CD8244B984225D0234B9842F7
:104E70002AD0234B984217D00023224A93607047D0
:104E8000214B9842F8D1214BD3F8BC301FE0204B86
:104E9000984227D01F4B984228D01F4B9842EBD105
:104EA0001A4BD3F8C83012E0184BD3F8A03023F0D7
:104EB000407343F00073E0E7144BD3F8A03023F0C5
:104EC000407343F08073D8E7104BD3F8A03023F041
:104ED0004073D2E70D4BD3F8B830F8E70B4BD3F85B
:104EE000C030F4E7094BD3F8CC30F0E7074BD3F8E8
:104EF000D030ECE7C0EA210180841E0000093D00AB
:104F000040420F000040015A0024F4000080E00FEE
:104F10000048E801005A620280BA8C01034A017914
:104F2000D36E23F030030B43D3667047004000502C
:104F3000072A2DE9F0410D46144698460FD803265E
:104F40009700BE4000FA07F2314615481DF071FB8C
:104F500005F0030231461348BA401DF06AFB124BBC
:104F600012499DF81800B8F1000F18BF1946012327
:104F700003FA04F40C600E4B0E49002818BF0B46D0
:104F80001C600D4B9DF81C00C3F82044103103F247
:104F90002443002818BF0B461C60BDE8F08100BF09
:104FA00000C4035008C4035010D4035010E403504D
:104FB00014E4035014D4035000E00350F8B5044641
:104FC0000D461F4616464AB101238B403021184A30
:104FD00001FB0022F7B141F21001535004EB4403EE
:104FE000072D4FF00F014FEA031316D8A80006FA59
:104FF00000F281400F4818441DF01BFB4EB90123FD
:1050000030210B4AAB4001FB042277B141F2100181
:105010005350F8BD42F21001DFE7A5F1080080000F
:1050200006FA00F281400448E5E742F21001EFE79A
:1050300000C0035004C003500CC0035008B5152035
:1050400001F0DEFF0022FF21024B5A6599625A608F
:1050500008BD00BF00000450044A054B002908BFEA
:105060001346012282401A60704700BF401004506E
:105070004020045010B50446417802780120104BBE
:10508000120658609A60A278152042EA01429A619D
:10509000FF229A6200229A631A644FF000425A6516
:1050A0004FF0FF3203F500531A6501F0C9FF1520D8
:1050B000E17801F0D3FFBDE81040152001F0B2BF48
:1050C00000000450F8B50125C3B2DFF88CC0D1F858
:1050D00000E09D408F7ACB7A0C46097BCCF850508B
:1050E0000CF5005C4CF820E04FF0300E184E1B051C
:1050F0000EFB006094F80DC043EA074343EA4153B6
:1051000022F00302C0F860C0C36502671DF0FAF91F
:10511000104B5D65237A13B1336C2B433364637A90
:1051200013B1B36B2B43B3632279A37943EA0243F0
:10513000094A93616179E37943EA014305498B6147
:10514000034B55639D64BDE8F8401DF0E1B900BF15
:1051500000000450001004500020045010B5012439
:10516000C0B284401DF0CEF9044B5A6D22EA04020D
:105170005A659C62BDE810401DF0CAB90000045099
:1051800010B50124C0B284401DF0BCF9074BDA6AA7
:10519000224208D15B6B9C430CBF012400241DF00C
:1051A000B7F9204610BD0024F9E700BF0000045005
:1051B00041F67132034BDA63012203F50053DA60E2
:1051C000704700BF0000035041F671320121044BCB
:1051D000DA6303F50052D1600022DA63704700BF42
:1051E00000000350CB784A7810B55B010C7843EA95
:1051F00082030A79234343EA02130C22424302F159
:10520000B0421363012C02BF8A78024B43F820207E
:1052100010BD00BFD080035008B54FF0B0435A68AE
:105220006AB958B15B680BB11DF013FA01210D4B3F
:1052300059601DF00EFA4FF0B043D96008BD5B68AD
:105240000BB11DF006FA0028F0D11DF002FA4FF064
:10525000B0430222DA601DF0FCF90122024B5A60D1
:10526000ECE700BF00100058002000584FF0B0419C
:105270004B6810B50BB11DF0ECF901220B4BC47853
:105280005A608378934043EA840344782343047943
:1052900043EA0413447943EAC4038B60044B5A6025
:1052A0000378C3F10203CB6010BD00BF002000589B
:1052B00000100058054B5B69C3F38512827003F040
:1052C0003F021B0B42700370704700BF00C00750C5
:1052D00040F6B732064B5B689BB293429FBF4FF4D8
:1052E0007A72B3FBF2F3034AD05C88BF00207047A8
:1052F0000080E00FDDE00300014B986CD96C704733
:105300000080E00F0120034B9B680A3303F01F036A
:10531000984070470080E00F0D4B984208D1A3F5EC
:105320000033C3F88411C36D43F08003C365704735
:10533000084B984204D1A3F51033C3F89411F2E757
:10534000054B984204BFA3F52033C3F8A411EAE744
:105350000080055000C005500000065070B505469D
:1053600016461C4619B90320FFF772FA0146402C75
:105370001BD003D8DCB1202C1BD070BD602CFCD11D
:10538000042303FB06F2530803EB4113B3FBF2F3D0
:10539000094A203B02EAC303AA6822F06002AA601D
:1053A000AA681443AC60EB61E7E70623E9E7102342
:1053B000E7E70823E5E700BFF8FF7F00012200F5DB
:1053C00080535A6040F6AA6341F20502436100230C
:1053D0000D498360C365C26000F500520361C3617B
:1053E000C364916409498365884203D1036500233E
:1053F000436506E006498842F8D001F580418842BD
:10540000F4D0012353607047FFFF01000080055076
:1054100000C0055070B50D46FFF7D0FF012300F521
:1054200080567360AB7C04461BB1836843F08043B5
:105430008360EB7C1BB12046297DFFF76DFF2A8A34
:105440006B7B20461343EA891343E3602B7BD5E94A
:105450000112FFF783FF6B7D1BB1A36843F4803318
:10546000A360AB7D1BB1A36843F40043A360EB7D55
:105470002A7E1B07120502F4E00203F0E043134307
:10548000A365697E1F4A8B1E012B1F4B1DD89442BA
:1054900017D002F58042944215D002F58042944222
:1054A0000CBF02224FF0FF3203EB4213022041F205
:1054B000AC520329985020D10423F3652B78636103
:1054C00070BD0022F0E70122EEE7944211D00F4AAE
:1054D000944210D002F5804294420CBF02224FF059
:1054E000FF3203EB4213022042F2AC5201299850E2
:1054F000E1E70022F5E70122F3E7042204F5005377
:10550000DA65DBE70080055000C0035000C005509D
:1055100038B50446054D26F03DFD0FCC0FC594E887
:105520000F0085E80F00002038BD00BF9017002055
:1055300047F6FF739A42F0B572D0022972D83A4BFF
:105540005B5C022B6ED8394DDF0005EBC304A178FC
:1055500015F83330012938BF0121012B13D1002563
:10556000E078401AA84202D80844C0B2F0BD431BFC
:105570006668A0EB530336F913609642D4BF1D460C
:1055800003F1FF30EEE760680028EFD0B0F900408B
:10559000944204DBB0F902409442B8BF14468388B9
:1055A0003D44FF2B19BFC8224FF0280CB0F906204C
:1055B000B0F908C0A2EB04030CBF0126002693FB40
:1055C000FCF333446E781BB29E4201DD002B01DAFE
:1055D000731E1BB24FF47A7C01339BB2071D5D1E14
:1055E0002DB24FEAC50E00EBC505EA88AD689E42B4
:1055F00014FB025222EAE27202F15C02B2FBFCF2FC
:1056000004DD37F8335001339542E8D200EB0E0346
:105610009888904228BF1046884238BF0846A4E7C1
:10562000FF20A3E70020A1E7E0E00300901700209F
:105630000229F0B560D8314B595C02295CD8304B57
:1056400013F83100012816D103EBC1039C78D878F8
:10565000012C214638BF0121904294BFC1EB0001CB
:10566000C1EB0201001BCAB28242C8BF00225B68C4
:1056700033F91200F0BD002A3CD003EBC103596896
:10568000002939D09878904202D3B1F90200F1E7AD
:10569000DC78B1F900009442ECD95C788B88013C4D
:1056A000A3F1FF06734201F10405E4B2734101F175
:1056B0000C07DEB2B44216D805EBC3034FF47A757B
:1056C0006A43B3F902405B68D21A04EBD47302EB6D
:1056D000630292FBF4F29042CCDBB1F902009042FB
:1056E000C8DC10B2C6E737F833C05E1C9445E3D37C
:1056F0003346DEE70348BDE70348BBE7E0E00300CD
:10570000901700200CFEFFFF0080FFFF08B5044843
:10571000FFF7FEFEBDE80840012026F03FBC00BFB9
:10572000E4E00300004870470A3300207FB50222FE
:10573000084B0949CDE901234FF00073CDE903136C
:10574000052301A94FF0FF30059326F057FC07B061
:105750005DF804FB006A1800000204002DE9F04126
:105760008CB08846DDE912761D460446002847D0F5
:10577000002945D0002F43D0002E41D013F00F0355
:105780003ED120482049A360002A08BF0146E361BA
:10579000C4E90013404609A91DF0DBF868BB2046A8
:1057A00009991DF01AFA294620461DF016FA694695
:1057B00040461DF07CF900BB694620461DF0F9F912
:1057C000404603A91DF07EF9B8B9204603A91DF093
:1057D000F0F906970127204645F0005506A90797DE
:1057E00008951DF0E6F9204609A909960A970B9538
:1057F0001DF0E9F920461CF0DAFF0CB0BDE8F0819D
:105800002120FAE700010004000101042DE9F04124
:105810008CB0884616461D460446129F00284BD081
:10582000002949D0002A47D0002F45D00B68103BF3
:10583000102B41D8214A22FA03F3D9073CD5002383
:105840001F4A8360C0E90023C36109A940461DF0D7
:1058500080F870BB204609991DF0BFF92946204603
:105860001DF0BBF9694640461DF021F908BB6946A9
:1058700020461DF09EF9404603A91DF023F9C0B94A
:10588000204603A91DF095F906960126204606A993
:1058900045F00055079608951DF08BF9094B2046F9
:1058A00009A909970A960B931DF08DF920461CF063
:1058B0007EFF0CB0BDE8F0812120FAE70101010074
:1058C0000000040410000020F0B50C4617461E46E8
:1058D000054695B0002874D0002972D0002A70D0F7
:1058E000002B6ED0036B0F2B5BD80023364A384653
:1058F000C4E90023A360E36111A91DF02AF8002880
:105900005BD1204611991DF068F9296B20460F29BB
:1059100084BF01F00F0110311DF05FF9384602A974
:105920001DF0C5F8002848D1204602A91DF041F914
:10593000384605A91DF0C6F800283ED1204605A925
:105940001DF037F90122214B089509920A932B6B20
:1059500005F1100003F00F0141F000510B900F2BE7
:105960000C920D910E900F9243F00052109226D996
:105970000A9B08A923F0005320460A931DF019F949
:105980000BA920461DF015F90123119612930F4B18
:10599000204611A913931DF016F920461CF007FFAD
:1059A0000BE000F1200301900093012210233946FF
:1059B0002046FFF7D3FE002897D015B0F0BD0EA902
:1059C000DFE72120F9E700BF0000040410000020F9
:1059D0002DE9F04F9BB00C4690461F460546DDF87A
:1059E0009090002800F0B280002900F0AF80002ADB
:1059F00000F0AC80002B00F0A980026B02EB0903E1
:105A00001B09B3EB121F02F00F0600F09780002372
:105A10004F4A8B60C1E90023CB61404617A91CF0B7
:105A200098FF0346002840F0858006EB090B2046CE
:105A300017992BF00F0A1DF0D0F8514620461DF0A3
:105A4000CCF8404602A91DF032F80346002871D177
:105A5000204602A91DF0ADF8404605A91DF032F818
:105A60000346002866D14FF00108019005A92046A1
:105A70001DF09FF8374A204608A90895CDF82480E4
:105A80000A921DF096F846F00051AAEB060605F1C1
:105A9000100346F000560B93CDF830800D910E9711
:105AA000CDF83C8010960D99204621F000510D91C3
:105AB0000BA900931DF07DF820460EA91DF079F882
:105AC000019B244A1193AAF1100343F00053CDF82F
:105AD0004880139305F120031493CDF85480169257
:105AE000139B204643F080431393139B11A923F08B
:105AF000005313931DF067F8204614A91DF063F8B6
:105B0000144A17A920461795CDF8608019921DF008
:105B10005AF820461CF04BFEAAEB0B0149440190B9
:105B2000ABEB0A020098394426F04CFF019B2A6B2C
:105B30004A442A6318461BB0BDE8F08F10304A462D
:105B40003946304426F03EFF0023F0E72123F1E7F9
:105B500003020004100000202DE9FF474FF0000869
:105B60000E4617460446CDF80080002859D022B9C9
:105B70000025284604B0BDE8F087002951D032F056
:105B8000030902F0030A1FD04FF0E063C0E90038B8
:105B900001230191C0F808800293C0F81C8049F0ED
:105BA000005301A903931DF00EF8494620461DF04D
:105BB00014F820461CF0FBFD054628B14A46414634
:105BC000304626F0CAFED4E7BAF1000FD0D04FF02D
:105BD00000084FF0E063C4E900380123CDF804D099
:105BE0000293114B204601A9C4F80880C4F81C8018
:105BF00003931CF0E8FF042120461CF0EEFF204632
:105C00001CF0D5FD054608B13A46D8E7009A4E4447
:105C1000EB00013522FA03F3AA4506F8013BF7D160
:105C2000A6E72125A5E700BF04000020F0B50F4638
:105C300016461D46044693B010B9212013B0F0BD9E
:105C40000029FAD0002AF8D0002BF6D000233146E4
:105C50001A4638461CF022FE0028EFD1304602A931
:105C60001CF0C7FD0028E9D138683449029A8842FF
:105C70006B695ED19342E0D32B68002BDDD14FF0EE
:105C800060623846C4E90023A360E36101A91CF007
:105C900060FE0028D2D10199204621F4F0610191E3
:105CA0001CF09BFF694628461CF053FE0028C5D116
:105CB000204600991CF091FF384609A91CF0F7FE18
:105CC0000028BBD1204609A91CF073FF38460CA957
:105CD0001CF0F8FE0028B1D120460CA91CF069FF89
:105CE000EB684BB1284606A91CF0E1FE0028A5D1BF
:105CF000204606A91CF05DFF304603A91CF0E2FE19
:105D000000289BD1204603A91CF053FF28460FA969
:105D10001CF0D8FE002891D120460FA91CF053FF9B
:105D2000032520461CF043FD012887D1013DF8D111
:105D300084E7B3EB420F9FD27FE700BF200000B0A3
:105D400070B50E46154604468AB000285CD000297E
:105D50005AD0002A58D0012329461A4630461CF052
:105D60009DFD00284ED1B36813F4C04F4CD0AB68F2
:105D700003F4C043B3F5005F46D1254BA060C4E9EE
:105D80000030E06107A930461CF0E3FD002839D15E
:105D9000204607991CF021FF012302934FF0005386
:105DA000204601A903931CF004FF304604A91CF00F
:105DB00089FE38BB204604A91CF0FBFEEB681BBB28
:105DC000AB6803F4C043B3F5005F1DD169462846B4
:105DD0001CF032FDB0B9009B6A699A4216D32A6959
:105DE00043F0005307920122204607A90892032599
:105DF00009931CF0E8FE20461CF0D9FC012801D1D3
:105E0000013DF8D10AB070BD2120FBE71D20F9E764
:105E1000000001021FB5044698B191B100230A4A5F
:105E20008360C0E90023C361012301910293074B02
:105E300001A903931CF0C7FE20461CF0B8FC04B077
:105E400010BD2120FBE700BF000008430400002034
:105E500006289ABF014B185C00207047D0E1030070
:105E600030B5154B87B00293144B0390049346F65C
:105E700011030D46059300F077F91428044616D156
:105E800068461CF060FF4FF0A843032202A95A6342
:105E900019601D619A63DA6B9207FCD1142C02D150
:105EA00068461CF05EFF00F08FF9044601E0002810
:105EB000E9D0204607B030BDB01700200400002014
:105EC0002DE9F04FB1B005468C469E46E8466F4E30
:105ED000DDF8EC90409C06F1100A47463068716886
:105EE000083603C75645B846F7D13E9B03EB020878
:105EF000C8F1000A0AF00F0AB9F1000F00F09D8006
:105F0000C9F1000707F00F070121DDF8FCB044F0EC
:105F10000050C4F11006CDF810B005910690300283
:105F200000F4F85040F021000790B9F1000F40F064
:105F30008680CDF820D047F00050002D00F08480FE
:105F4000099121210A9041EA07210B9142F000506A
:105F5000CDF830C03D9B08A94FEA0A2C0D910E9058
:105F60004CF041000F901093002A75D13E9B119187
:105F700043F0005312933C9B1390149310AB159372
:105F8000434B444A169340F611031793424B0021AA
:105F9000002D08BF1346189314AB19933F4B1022E2
:105FA0001A9311231B931CAB184626F0D6FC012232
:105FB0001D92002246F0804603461E96239205B9A4
:105FC000EB46102CCDF880B024AE4BD101232246F5
:105FD000002130462193229426F0BFFC20AB002103
:105FE00025938F4218BF334647F0804226923A9A53
:105FF0002CA828922993B2FA82F35B0949EA8373A9
:1060000010222B912A9326F0A8FCB9F1000F00D0A2
:1060100028AED04448F080432CA918A82D962E9382
:10602000FFF71EFF30B92DB90346A34225D1002842
:1060300018BF2C2031B0BDE8F08F102764E7CDF8F1
:1060400020E049F0005078E7002C3FF479AF04A934
:10605000099101210A9076E73E9B0CAA11924120FA
:10606000129388E71022002130462193229426F0D3
:1060700074FC002CB2D10123B1E703F1C0026A44E1
:1060800012F8C02C01331043CFE700BFD7E1030063
:1060900010000020ECE10300F0E103000400002008
:1060A000F0B5C0299FB0DDE9244557D0B1F5807F18
:1060B00004D0802948D029201FB0F0BD01265CB152
:1060C00040F234470294102403960494212401974B
:1060D0000594069502AC0AE040F21447029410249D
:1060E00003960494212405940124019706950794AE
:1060F00001251024089409950A9221220B950C94ED
:106100000D92174A0AAD0E92164A0F95109242F65A
:1061100011021192129313951494159201AA1692DA
:10612000D3B112AB1793042318931123199316AB11
:106130001A901B9340F61103C9081C911AA806A9CE
:106140001D93FFF78DFEB7E7012614B94FF4826760
:10615000C4E74FF48667B5E70EABE3E70F20ABE784
:10616000E8E1030010000010144A38B5D2F880327C
:1061700043F00103C2F88032114B5B68C3F308039C
:1061800043B14FF0A842D36B13F0430FFBD114245B
:10619000204638BD4FF0A843DC6B14F04304FBD11C
:1061A000084D2B681BB90421284602F081FD2B689D
:1061B000013343F000432B60EAE700BF008000504A
:1061C00000ED00E0B0170020014B00205B68704735
:1061D00000ED00E0012300F01F02A0F506200949B0
:1061E000A0F550604009934051F820201A4341F82F
:1061F0002020054951F8202022EA030241F82020FE
:10620000704700BFC8170020B41700200121A0F577
:1062100006230E4AA3F550635B0900F01F0081407E
:1062200052F82300014342F823100949D1E9003014
:10623000034488680344C868096903445B1802BFC3
:10624000C2E90033C2E9023313617047B41700207A
:10625000C81700202DE9F04FA9B003921D4604464F
:106260000822339ECDE90401414021FA02F34B405C
:10627000980702F1080218BF9B00202A1C44F4D1A1
:106280008123B4FBF3F303EBC313E41A734B04F55C
:1062900006241B7804F55064002B3ED1FEF76CF801
:1062A000074620B16FF0910029B0BDE8F08F01469C
:1062B000402208A826F051FB4022394618A826F0B3
:1062C0004CFBDFF8B481DFF8B491C3460BF10F0A41
:1062D000CDF800A0102208A95B46D9F8000025F0EF
:1062E0000AFC0022014608F1100808AF914246D18D
:1062F000CDF800A05B461022D9F8000018A925F0BF
:1063000003FC4FF0000A834618AFD34541D1544BEC
:106310009845DAD10122514B1A704FF0810A4FF0A3
:106320000008DFF85CB1A4F50627A7F550635B0908
:106330005BF8232004F01F01CA40D2073DD4494A2C
:1063400052F82330CB40DB072AD5B8F1000F08BF45
:10635000A0468123A7F6FF47B7FBF3F303EBC31374
:10636000FF1A07F50624BAF1010A04F55064DAD1E0
:10637000039BBBB1B8F1000F14D0444619E057F8A5
:10638000040BCDE90612FFF725FF079A06990132A3
:10639000ACE757F8040BFFF739FF0AF1010AB4E73D
:1063A000039B13B96FF08B007EE7B8F1000F18BFA5
:1063B0004446349B00201C6076E7329B13B10023D7
:1063C000329A13600EB1002333601023DFF8AC90D3
:1063D00000932A4600232146D9F8000013F0DCF987
:1063E00060BB32992A68204BC9B99A4206D021462F
:1063F000D9F8000013F068FA0028D3D1D5E90223B8
:10640000DDE90410834208BF8A42A2D1039B002B1E
:10641000CFD06B68012BCCD16FF0840044E7102003
:1064200032999A420860E2D1002EE7D033462146E5
:10643000D9F8000018AA13F003FA48B10B4B9842A0
:10644000D5D00B4B9842D2D00A4B9842D6D029E7F0
:10645000329A336812689B1A3360CFE7342E0020DB
:1064600000710800B4170020105D175EFFDF00F018
:1064700011E000F0FEDF00F0006D08003031002078
:10648000C81700202DE9F04F87B08246894698460C
:106490001646DDF840B02AB1002B4FD040F26C73A5
:1064A0009A424ED8BBF1010F4ED8002406F11007D6
:1064B0003946012005941DF08EFA0546002846D085
:1064C00021463A4626F049FA05ABCDE9014300944E
:1064D0002B46012250464946FFF7BCFE044680B1D8
:1064E00010F18C0F08BF6FF08D043A46002128464A
:1064F00026F033FA28461DF050FA204607B0BDE8D2
:10650000F08F144BC5E902A92B60C5F804B02EB179
:106510003246414605F1100026F054FA059E0E4819
:106520003B462A463146006813F09EF818B93046BB
:10653000FFF750FED9E76FF09104D6E76FF08604BD
:10654000DBE76FF09104D8E76FF08504D5E76FF0D3
:106550008C04D2E7105D175E303100202DE9F04346
:106560008DB08146DDE914780E4615461C469BB178
:10657000B8F1000F05D16FF0860630460DB0BDE8CA
:10658000F083002FF7D0B7F1005FF4D3C3F10053CD
:1065900003F5C0339F42EED81022002108A826F050
:1065A000DCF9002207AB029305AB019306AB314641
:1065B0000093484608ABCDE90522FFF74BFE06469F
:1065C0000028DAD1059BA4B1AB4215D853EA0504E3
:1065D000D1D1069B0B48C8F8004000943A46079971
:1065E00000682B4413F0D8F8002818BF6FF091060C
:1065F000C3E7AB42EDD2BEE75B1B9C4228BF1C4603
:10660000E7E700BF3031002030B58DB00C460546BD
:106610001022002108A826F0A0F9002207AB02935F
:1066200005AB019306AB21460093284608ABCDE9A4
:106630000522FFF70FFE0446D8B9099B012B1BD09A
:10664000079D104B2946186813F03EF9B8B901228E
:10665000A5F506230C49A3F550635B0905F01F005F
:10666000824051F823004240284641F82320FFF79A
:10667000CDFD20460DB030BD6FF08404F9E76FF01A
:106680009104F6E730310020C81700202DE9F04FC3
:1066900093B00446DDE91E75DDE920689346DDE927
:1066A0001C028A46DDF8889029B96FF086042046DE
:1066B00013B0BDE8F08FBBF1000FF6D00FB9002D7D
:1066C000F3D108B9002AF0D116B9B8F1000FECD116
:1066D000B9F1000FE9D02C4A934251D12388B3F588
:1066E000105F4DD12022002102A826F036F9202289
:1066F00000210AA826F031F902A81CF06BF810B1AD
:106700006FF09204D3E720465A4651460AAB1CF07C
:106710008AFB04460028CAD10A981CF078FB04467C
:106720000028C4D115B9C9F80050C0E7B74224D237
:106730007B199E4221D24545B7D839462A46304674
:1067400026F0F1F8374615F00F0AAED1CDE9007604
:106750002B4652460AA902A8FFF700F80746002870
:10676000E1D042465146304626F0F7F8012FC9F8ED
:1067700000A0C5D16FF08B0499E74545E3D994E7B4
:106780006FF0850493E700BF004440042DE9F04F0B
:10679000B3B00C4605460021164602A820229846B2
:1067A0003C9FDDF8009126F0D8F8202200210AA8AD
:1067B00026F0D3F82022002112A826F0CEF82022BD
:1067C00000211AA826F0C9F800213C2223A8229112
:1067D00026F0C3F834B12EB127B13E9B13B1B9F105
:1067E000000F05D16FF08604204633B0BDE8F08F6E
:1067F000B4F800B0B4F802A00BF4E043B3F5804F56
:10680000F0D0384B384A2B4043F01063934202D00B
:106810006FF08504E8E70AF10703B8EBD30F4FEAFE
:10682000D305DFD33F9B9D4258D81AA81BF0D2FF57
:1068300010B16FF09204D7E7002301A91AA80193C1
:10684000FFF7E8FA0028F4D1019B284A23F07F43A0
:1068500093420193DCD947F212139B45D8D1BAF584
:10686000807FD5D1224B01370A933D9B0D90023397
:1068700023F003030F93402317936B000E9715909B
:10688000139320464246314622AF02AB16971CF0C6
:10689000CAFA04460028A7D10C9B129043F4005377
:1068A0001AA80C931BF096FF0028C2D112AB0AAABB
:1068B00002A91AA8FFF7BAF9064610B1482891D1E3
:1068C000A6E72A4639463E9826F07CF83346BB5563
:1068D0000136402EFBD1C9F8005085E76FF08904DE
:1068E00082E700BF0000FFF600000209010201007C
:1068F00020000080F8B5134642880C460732072A6C
:106900004FEAD20101D0A1424DD146680588C7683F
:1069100020221846002126F020F8360A0346002ED1
:1069200044D1002C3FD041F20102954205D0B5F58B
:10693000885F02D0B5F5905F02D15C60002011E065
:10694000B5F5105F07D1182C03D0202C01D0102CE6
:1069500029D11C60F1E705F44F42B2F5824F02D015
:106960006FF08500F8BDEAB2122AF9D1202CF7D1D8
:10697000104A25F0FF05B5F5E24F02600CD0B5F5E1
:10698000824F10D14FF4005217F4705F09D017F402
:10699000864F04D09A60E3E74FF48042F4E742F474
:1069A00080629A60CAE76FF08600DBE76FF08B00C9
:1069B000D8E700BF200000802DE9F04F9A460388F9
:1069C000144603F44F42B3B0B2F5824F0F46DDF8E0
:1069D000F89002D06FF0850056E011B96FF0860094
:1069E00052E0002CFAD0B9F1000FF7D0DAB2122A37
:1069F000F0D123F0FF03B3F5E24F34D14388C9F857
:106A000000305BBBE300C9F80030B3F5807FE1D113
:106A10000023184655493D19214411F8016D15F818
:106A2000012D1043921B0CBF4FF0FF360026AF42E2
:106A300003EA060343EA0203EFD10028CED0002B7D
:106A4000CCDA3C9B9C4200F28E802246394650466E
:106A500025F0B8FF3D9B00201C6015E0DA1DB4EB6B
:106A6000D20FD2D0BAE7B3F5824F79D10B78042B8D
:106A7000B4D12022002101A825F06FFF01A81BF04E
:106A8000A9FE20B16FF0920033B0BDE8F08F009006
:106A9000694601A8FFF7BEF90028F3D1009B344AEC
:106AA00023F07F43934295D94FF000083E224146A0
:106AB00022A8CDF8848025F050FF01234FF0420B2F
:106AC0002022414609A88DF88430651E25F045FF37
:106AD0007B1C2022414611A80D9321AE0E9525F076
:106AE0003CFF2022414619A81596CDF858B025F054
:106AF00034FFEA005208B2F5807FCDE91D6BC9F87A
:106B000000200BD003D8E02A3FF464AF66E7B2F56B
:106B1000C07F3FF45FAFB2F5047FF5E7154B09AADC
:106B2000099311934FF400530B934FF48043139345
:106B3000402311A91A9301A819ABFFF777F8D9F8E8
:106B400000300733DB085A0033B1531E013B86F88F
:106B5000008006F10106F9D200283FF472AF3DE74C
:106B60006FF0960090E76FF089008DE7F4E1030085
:106B700001020100200000802DE9F04F8FB0DDF808
:106B8000608081460C4692469B461A9FB8F1000FE2
:106B900005D16FF0860420460FB0BDE8F08F002FBE
:106BA000F7D00028F5D02022002106A825F0D5FE38
:106BB00006A81BF00FFE10B16FF09204EBE714F47F
:106BC0007C1FC4F305452AD0102DE2D8199B9D42A5
:106BD00033D81D4B24F47E149C4231D1002302AEE5
:106BE000CDE90233CDE9043352465B46494600966F
:106BF00006A8FEF70BFE044698B92A4631464046E1
:106C000025F0E0FE234633550134102CFBD100243F
:106C10003D6006A81BF0E8FD0028BCD0CCE710259D
:106C2000D4E7212806D0012814BF6FF092046FF03A
:106C30008B04EEE76FF08604EBE76FF08904AAE7B8
:106C40006FF08504A7E700BF0002C00370B50E46D1
:106C50001446054610B96FF0860070BD0029FAD0C1
:106C60003822002125F079FE094B24F47E129A4245
:106C70000AD13388B3F5105F06D1C4F30543102B56
:106C8000E9D800202C60E8E76FF08500E5E700BF59
:106C90000002C003F0B50F4616461D4604468BB0F1
:106CA00088B302B97BBB2022002102A825F055FE43
:106CB00002A81BF08FFD20B16FF0920420460BB0AC
:106CC000F0BD2368114A23F47E13934215D135B9E0
:106CD000002402A81BF088FD0028EFD0ECE7334623
:106CE0003A46009502A9201DFEF772FE012807D042
:106CF0000028EDD06FF09204EBE76FF08804E8E72E
:106D00006FF08B04E5E76FF08604D7E70002C0035D
:106D10002DE9F0418CB0884616461D460446129F68
:106D2000002840D0002A3ED0002B3CD0002F3AD083
:106D3000102B036828BF102513F47C1FC3F30542F2
:106D400002D0954228BF15461A4A23F47E13934277
:106D50002CD12022002104A825F0FFFD002304A847
:106D6000CDE90033CDE902331BF034FD40B96B4669
:106D7000424604A9201DFEF7A7FD30B100233B6069
:106D80006FF092000CB0BDE8F08104A81BF02CFD60
:106D900004460028F2D12A466946304625F012FE04
:106DA00020463D60EEE76FF08600EBE76FF088006D
:106DB000E8E700BF0002C0030023C36001F138030D
:106DC000036120230A6843618B6D0B4922F47E1214
:106DD0008A42436003D001F580718A4208D1102BAA
:106DE00001D0182B02D1036000207047202BFAD06D
:106DF0006FF08800704700BF0001C00330B58BB052
:106E00006D46604C0FCC0FC554F8043B68462B60B0
:106E10004FF07E6393F89C306D46FF2B08BF25230F
:106E20008DF80130FDF7D0FF3220FEF705F80FCCCA
:106E30000FC50FCC0FC594E8030085E80300524B43
:106E4000D3F84C21110340F18380A3F5FE431C8845
:106E50004FF6FF739C4208BF81248DF81940FDF75F
:106E600081FF044484F3080448488DF81840FCF777
:106E700007FF6846FDF7AAFE3220FDF7E3FF444C0A
:106E80004448FDF753FE4448FDF7E2FF1BF0BCFB0E
:106E9000236F002023F0070343F002032367236FCF
:106EA00023F4505343F4806323671BF0B4FB3B4B44
:106EB000D3F8FC20D2014FD4D4F8803023F0030360
:106EC00043F00203C4F88030314BD3F8202122F084
:106ED000070242F00102C3F82021D3F8802122F0FA
:106EE000030242F00102C3F88021D3F8402122F0CE
:106EF000030242F00202C3F84021D3F8602122F0DD
:106F0000030242F00202C3F86021D3F8402222F0CB
:106F1000030242F00202C3F84022D3F8002222F01A
:106F2000070242F00202C3F80022D3F8082222F03E
:106F3000070242F00202C3F80822FDF7D7FD4FF026
:106F4000E0220020136963F0040313610BB030BD2D
:106F5000D3F85041E4B280E7D3F8FC2022F08072ED
:106F6000C3F8FC20D4F8802022F0030242F0020291
:106F7000C4F88020D3F8FC2042F08072C3F8FC20D3
:106F8000A2E700BF14E203000080E00F00F0490216
:106F90000080005000B4C404C0EA210100ED00E00C
:106FA0006FF00403502110B50A480B4C13F0800F0A
:106FB00003F1010206D123443D2A83F8001313464E
:106FC000F4D110BD03F00F03043B034419761346BC
:106FD000ECE700BF00ED00E000E100E0BFF34F8F01
:106FE0000549064BCA6802F4E0621343CB60BFF365
:106FF0004F8F00BFFDE700BF00ED00E00400FA0581
:1070000000280CDB01220649430900F01F008240E2
:10701000203341F82320BFF34F8FBFF36F8F7047AA
:1070200000E100E0002807DB01234109034A00F0EA
:107030001F00834042F82130704700BF00E100E0AC
:10704000002808DB01224309034900F01F008240A9
:10705000603341F82320704700E100E00028ACBF16
:1070600000F16040064B4FEA0111C9B2ABBF00F519
:10707000614000F00F0080F800131954704700BF02
:1070800014ED00E010B504461BF035FA024B1C600D
:107090001BF035FA002010BDDC17002010B51BF0E6
:1070A0002AFA034B1C681BF02AFA204610BD00BFC9
:1070B000DC170020034B0222186800238068194661
:1070C00019F08ABD3832002030B51446054687B025
:1070D00010461CF07EFA6369024683423CBFD4E945
:1070E00003315B181B1A7BB10F49049403910021F3
:1070F000CDE90131012300932846D4E900131BF0A8
:1071000028FA002007B030BD0122627694F82D20C5
:10711000002AF6D084F835301321E36920469847D9
:107120002046636A9847ECE7C97001002DE9F047F3
:1071300088B004460F46164698461BF0E3F9814690
:10714000002E7AD0237E03F0FF02002B00F0A280F5
:1071500020461CF03EFA6569A84205D1637ED4E959
:10716000033213445D1B01E0F9D9451BB54228BF2A
:1071700035461BF0C7F994F82D308246002B6DD1AF
:107180002A463846616925F01DFC63692E462B446A
:10719000636121E0037803F0FD0111295BD1216BCC
:1071A000814205D1A3F111014B424B4184F83430A7
:1071B000013E6369216B01328B4203F1010308BF79
:1071C0002363636195426069E4D1D4E90323216BB1
:1071D0001344994200D122630025D4E90323616955
:1071E0001344994208BF6261207A6576FCF7E0FF9C
:1071F00020461CF0EEF96369834232D1257694F87B
:107200002D30E568656103B125632046636A9847C0
:10721000214B049403930023029323692A4601938C
:107220000123009363682168207A1BF092F9207A89
:10723000FCF7DEFF50461BF06BF94846C8F80060CB
:107240001BF066F9D8F80030002B0CBF1B20002083
:1072500008B0BDE8F08707F8013BAAE72E460022F8
:10726000B0E70123207A23760DF11E01FDF728F8FF
:107270009DF81E30002BDAD00DF11F01207AFCF7AB
:10728000F7FF9DF81F100029D1D12246207AFFF781
:107290001BFFCCE71646D0E7C97001002DE9F0418D
:1072A0000C461546064686B04022002120461F4661
:1072B00025F053FB95E8030000232A692376EB6849
:1072C00084E80300C4E904232A7DE36084F82C20C9
:1072D000AA7D2363012384F8343084F835300C9B75
:1072E00084F82D2023620D9BE76163620E9BA362ED
:1072F0002B7A84F836306B7A84F837302D4B346033
:1073000073602D4BB3602D4B33612D4B73612D4B4F
:10731000F360FCF719FF38B12B4B984204D01024CE
:10732000204606B0BDE8F081002104F10800FCF71A
:1073300093FE07460028F2D14FF00108234B336239
:10734000234B84F83C80B361224BF3619DF84030BD
:1073500084F8390084F83B309DF83C30204684F8AE
:107360003A30697D84F838801CF070F995F909008D
:10737000FFF766FE95F90900FFF754FE164B0494DB
:10738000CDE902732369CDE900836368E26821686F
:10739000207A1BF0DEF804460028C0D195F90800D9
:1073A000FFF74EFE95F90800FFF73CFE3046FFF769
:1073B00069FEB5E79D3603002D710100C13503005C
:1073C000C7350300F3350300038000F09B3503004D
:1073D0004D360300CD350300C97001002DE9F041A1
:1073E0004FF001081C46574B86B00293564B0C9D3C
:1073F0000193564B174600930A46CDE90388294668
:10740000534BFFF74BFF0646002840F0928023685D
:1074100004222B64237985F84430A17985F846103D
:10742000607985F84500237A85F84830E37985F856
:107430004730A37A85F84A30637A85F84930237B50
:1074400085F84C30E37A85F84B304346FDF7B6FDBE
:1074500043460222217AE079FDF7B0FD3E703946BD
:107460002068FDF7D7FF1421A27B3A4B03EB4210B3
:10747000C0F8AC1594F806C061792E3203EB4213C4
:1074800041EA0C415960227AE37943EA0243C0F8A9
:10749000BC3585F84D607B7E032B50D8DFE803F0C8
:1074A0003A4D021D022385F84D3000230422217B32
:1074B000E07AFDF783FD41F2AC520221A37B5B0130
:1074C00003F1A04303F570339950217BE27A42EA3D
:1074D000014241F2B8515A501CE0012785F84D3065
:1074E00002220023A17A607AFDF768FDA17A627A10
:1074F000A37B42EA014241F2B4515B0103F1A04394
:1075000003F570335A500422236803F58053DA657B
:10751000002FCAD163792A6C85F84530A3790521FB
:1075200085F84630D36C206843F00403D3641BF025
:10753000A7F8304606B0BDE8F0810027CEE7232645
:10754000F7E700BFCB370300BF3703004F38030016
:107550004338030000C0035073B50024684600F0B0
:10756000C7F90C4B00981C600B4B0C4D1C600C4E6B
:107570000C4B306018602C601CF03DFA2046019BDB
:107580003268013BDB0853802B6801332B6002B06B
:1075900070BD00BFE4170020E0170020E8170020AE
:1075A000F0170020EC1700202DE9F04F002792463D
:1075B00087B04A1C0E4614BF0C460824994605970E
:1075C000002B00F0B0801F60002800F0AE80073074
:1075D00020F007051AF096FF05AB314602900093A4
:1075E00052463B46284600F08DF9059E804606B17E
:1075F00030B902981AF08CFF192007B0BDE8F08F5F
:10760000DFF83CB17788DBF80010FB00C0EBC70760
:107610000139272FCBF800106CD9BAF1000F48D1EF
:10762000854205F1080740D0214630461CF06FF92D
:1076300004460590059B1F4438461CF0DCF905996B
:1076400005F10F034A88C3F3CF03D21A7A80CA88A0
:10765000BB8062B3D31A9BB201EBC202FB80938062
:107660008B88ED08A380BB880022314638466580B0
:10767000E38000F0BFF9237843F001032370DBF8C7
:1076800000300133CBF800302B4A029813680834DD
:1076900043441360294A11688B4288BF13601AF073
:1076A00037FF0020C9F80040A7E73446C2E7FA8058
:1076B000D6E7F419204603931CF09DF908F1070260
:1076C000D20805996280FA1DD208A280CA887AB1D0
:1076D000D200039BD01DC31A4344C3F3CF030A4413
:1076E000E3809380A388013FFF084F80CB80C2E7EF
:1076F000E280F7E7BAF1010F19D106F10803B3FBF5
:10770000F4F204FB1233A3B1214630461CF0FFF81B
:1077100004462378012243F00103314620462370BA
:1077200000F068F9B0E7222067E7212065E785428D
:10773000EAD13446EDE700BFE4170020E01700204F
:10774000E81700202DE9F3470446684600F0D0F81A
:10775000002C00F0C2801AF0D5FE14F8085CEB078C
:1077600004D534F806ECBEF1000F05D11AF0D0FEB6
:10777000012002B0BDE8F087DFF870C134F8041CC6
:10778000DCF800800EF1010208F10103A4F1080603
:1077900092B2CCF80030002938D0A6EBC10393F8A0
:1077A00000A0B3F806901AF0010F5F8805F00205FB
:1077B00020D105BBA9EB0701012927D80EF1020250
:1077C0001744BAB2CCF8008034F8025C05BB14F858
:1077D000085C511E6FF3000504F8085C002589B2AF
:1077E00024F8065C5980197865F3000119700021AE
:1077F000D98031E055B111448AB214F8081C6FF3F6
:10780000410104F8081C00219980DDE73346DBE7DD
:1078100006EBC508DDE900710F44B845D7D216F86C
:107820003560414616F001062ED014F8086C551E3E
:107830006FF3000604F8086C002624F8066C1C7828
:10784000ADB266F300045D801C70C3F107040C4404
:10785000C4F3CF04DC808C80214C216819B199429B
:1078600001D8498801B923601E4C216819B1994299
:1078700001D3498801B923601B490B689B1A0B602F
:107880001AF046FE002074E7A5EB0E05012DCCD8BA
:10789000B8F80250A8F8026001352A44B8F806503A
:1078A00092B2C5B108EBC501DCF80050013DCCF83F
:1078B000005014F8085C6FF3000504F8085C00251C
:1078C00024F8065C541E5C801C7865F300041C7070
:1078D0000029BAD18BE72946E6E7222049E700BF15
:1078E000F0170020EC170020E4170020E817002014
:1078F0000249034A0160521A42607047483300202F
:1079000000800120F0B506460020059F4C1C08BFF2
:1079100008213860BAB91F480568002D38D0B5F87D
:1079200002E0DB0003EBCE0EC1F1000C2878C007AB
:107930000BD52ABBE888B0B105EBC005B5F802E06D
:1079400003EBCE0EF2E71448E6E7B645F1D35AB999
:1079500005F10804B4FBF1F001FB1044A0190CB1CF
:107960007045E7D83D60F0BD08290FD06C88013420
:1079700005EBC404A01B00EA0C00201A8645F1D2D6
:10798000A8880028EFD0A5EBC005D7E73046E9E787
:107990002846E8E7F0170020EC170020134B13B53A
:1079A0001B6804460846FBB121B96846FFF7A0FFF3
:1079B0006CB900980378D90707D55CB9C3889BB127
:1079C00000EBC3000378DA07F8D402B010BD084B0F
:1079D0001868EFE7012C07D183882BB1A0EBC30017
:1079E0000378DB07F8D4F0E70020EEE7E817002083
:1079F000EC170020F8B5124F05460C463B68114EB7
:107A0000B2B1994209D041B13368994204D12946B3
:107A10000120FFF7C3FF3060F8BD29460020FFF7C3
:107A2000BDFF33683860A342F1D0002CEFD0F3E7FC
:107A30009942336808BF38608B4208BF3060EBE77B
:107A4000F0170020EC170020BFF35F8F074B5A6A36
:107A500022F480325A62D3F8942022F00102C3F853
:107A60009420BFF34F8FBFF36F8F704700ED00E09E
:107A700038B5FFF7E9FF284A2848D2F8C030284D2A
:107A800023F0FF0343F0A003C2F8C030254B046885
:107A90009D4204F101011ED1234BC2F89840C2F867
:107AA0009C3003F5BF3303F5FF73C2F8A0300160CB
:107AB000BFF35F8F0522184BC3F894205A6A42F433
:107AC00080325A62BFF34F8FBFF36F8FBFF34F8F78
:107AD000BFF36F8F38BD23F01F03203BB3F1005F6E
:107AE00009D3C2F89840104C43F00103C2F89C40FF
:107AF000C2F8A03001600D4B0168074A23F01F0354
:107B000043F00303C2F89810C2F89C30084B0131CF
:107B1000C2F8A030CBE700BF00ED00E0F417002072
:107B2000E0300020402F002003000020FF30002024
:107B3000E17F01202DE9F0410D461146DFF8E0809C
:107B4000D8F80040B4F5807F34BF00271A27FFF72C
:107B50007BFF1F292ED90021C2061CBF20F01F0069
:107B600020302E4EEB0618BF25F01F05CBB29C42ED
:107B700035D8D6F8C03020F01F0023F47F4343F4FB
:107B80008073C6F8C03040F003041AF0BBFCD8F88C
:107B9000003025F01F0141F00301C6F89830C6F807
:107BA0009C40C6F8A0101AF0B3FCD8F8003001339E
:107BB000C8F80030BFF35F8F0522184BC3F894203C
:107BC0005A6A42F480325A62BFF34F8FBFF36F8F0D
:107BD000BFF34F8FBFF36F8F3846BDE8F081C6F813
:107BE0009830D6F89C30D6F8A02023F01F03984296
:107BF00022F01F0201D195420BD0904201D89D4244
:107C000009D2D6F89830013123F0FF03C6F8983036
:107C1000ACE70027CEE72827CCE700BF00ED00E067
:107C2000F4170020BFF34F8F0549064BCA6802F4D2
:107C3000E0621343CB60BFF34F8F00BFFDE700BF8F
:107C400000ED00E00400FA05054B1A782AB95B78CC
:107C5000002B0CBF0320022070470120704700BF9B
:107C60003A2E00200329F8B598BF124B05460E4660
:107C70008CBF00245C5C032805D8DFE800F0020814
:107C80000B0E44F002040C4B1F684FB9F8BD44F0D2
:107C90000804F8E744F02004F5E744F08004F2E734
:107CA0007B681A68144203D0314628465B689847BF
:107CB0003F68EAE768E203000418002038B5104D79
:107CC0002B78ABB10F4C23781BB100F08DF900235A
:107CD000237000201BF0A5FE0B4C50B100F0D6F92C
:107CE0000023012120782B70FFF7BCFF01232370B4
:107CF00038BD0122054B1A702278054B1A70F7E740
:107D0000372E0020362E00203C2E0020382E00205A
:107D1000392E002070B51AF0EEFB174E05461748B5
:107D20001BF03EFB3378D3B900F0C4FA044620B10F
:107D300028461AF0E4FB204670BD11481AF0EBFB10
:107D400000F060FD0F4B1C6000F056FB0E4B0F4A1D
:107D50001860536F43F0010353671BF069FE00F096
:107D6000B5F81BF060FE0A4B00241860012328467A
:107D700033701AF0C4FBDEE73D2E002064E20300FE
:107D800004180020F81700200018002000400050C0
:107D9000FC1700202DE9F843284A0138135C39B15B
:107DA000274F013339781354012904D8BDE8F883EB
:107DB000013B1354FAE7FFF747FF0128044635D883
:107DC0001AF099FBDFF88480054698F8003013B369
:107DD0001C4E33781BB9012232701B4A1370DFF836
:107DE000709099F8003023B100F0FEF8002389F874
:107DF000003028461AF083FB01201BF012FE1AF017
:107E00007AFB337805461BB100F040F9002333704C
:107E1000002388F8003028461AF071FB3878844235
:107E2000C4D02146FFF71EFF3C70BFE70329F5D100
:107E30000228F3D11BF0FBFDF0E700BF3A2E002033
:107E40003C2E0020352E0020382E0020372E00201A
:107E5000362E002038B51AF04EFB094B05461B782C
:107E6000012B04D81AF04BFB0024204638BD054BEB
:107E70001C6800F033F9044428461AF040FBF4E78C
:107E80003C2E0020F817002038B5416004461AF057
:107E900032FB0546214604481AF040FB2846BDE85F
:107EA00038401AF02CBB00BF04180020054B1B689B
:107EB0005843054B00F5742000F23F20B0FBF3F06F
:107EC000704700BF0018002040420F003B4A3C4969
:107ED000136F70B503F007030B60D2F80011394837
:107EE00001F0030101603849384D8969032BC1F362
:107EF0004001297059D0D2F8203103F00703981EB1
:107F000043424341D2F88022314C02F00102134334
:107F10004FF4C8702370FFF7C9FF00222D4B2E4984
:107F200018602E4E0B680132D2B20A2A46F8040BB2
:107F3000F9D1034400EBC00003440B602B78284DBB
:107F400063B323781D4A3BB9D2F8003103F0030331
:107F5000591E4B424B412370D2F8003103F003030A
:107F6000022B24D0032B25D0012B17D1FBF782FE47
:107F7000024698B1144B1B4EDC6800231946C4F32B
:107F80000B04013404EB84040138E4FB060118F00F
:107F9000DDFBFFF78BFF2B6803442B601F20FFF7EF
:107FA00085FF2B6803442B6070BD0123AAE7FBF714
:107FB000BFFEDDE71AF097FADAE700BF0080005055
:107FC000401800204418002000C00150402E00201E
:107FD000412E0020081800200C1800201018002046
:107FE0003C18002040420F00F8B51F4B1B78002BB7
:107FF00039D01E4C2378B3B91D4B9A6DD10302D5ED
:10800000DA6D92072FD49B6DDB072CD41BF0A2FDF9
:10801000184B194A1860136F23F0070343F003034A
:108020001367FBF711FE1BF095FD124B134D1B68F8
:10803000134EC01A2B78134F56F8232046F823000E
:10804000111A3A681048521A0A213A600932B2FBF2
:10805000F1F20133DBB20260B3FBF1F201FB123348
:108060002B7000232370F8BD412E00203F2E0020EE
:1080700000C0005038180020008000503E2E002024
:10808000101800200C1800200818002008B51AF05D
:10809000CFFA0D4A0D49136F096823F007030B430C
:1080A00013670B49D2F82031096823F007030B430B
:1080B000C2F82031074B1B7813B10122064B9A629C
:1080C000BDE80840FBF7C0BD00800050401800200C
:1080D00048180020412E002000E00050054B187881
:1080E00018B1054B186800EBD000044B1B6818440E
:1080F000704700BF412E0020081800203C180020C7
:108100000122014B1A707047412E002038B51BF038
:108110002FFD0025084B094C1A682368C31A2AB1A1
:1081200023B15169994203D3C91A5161206038BD06
:1081300055615B1A9268F2E754180020501800202D
:10814000C38870B504460D463BB9FFF783FE8542F0
:10815000064602D21BF059FC35460E4965610B6894
:108160008BB90C60A3600DE0AD1A9A681846656182
:108170006AB113465A69AA42F6D930B18460521BDB
:10818000A3605A6170BD0020F4E70C60F7E79C60C3
:10819000A260F7E75418002038B5134D2B685B69CF
:1081A00093B1124A022014681C441BF0E8FC2046DC
:1081B00000F0B0FA00230E492A680B70D0888007BF
:1081C00009D501230B7038BD02201BF0D8FC02201A
:1081D00000F0EAFAEEE79268002AF4D0506903440E
:1081E000012BEBD9EFE700BF5418002050180020F6
:1081F000432E002070B516469DF81420C0E90336C2
:108200000271049ABDF818300260002204460D463F
:108210008260C380EEB91BF0ABFC2844A0619DB125
:108220002E461AF068F90546FFF770FF31462046E2
:10823000FFF786FF104B1B68A34201D1FFF7ACFF8D
:1082400028461AF05CF902E0E36865617BB900201A
:1082500070BD1BF08DFC3044A061002DE0D1E368BF
:108260006561002BDDD0204621689847D9E720467C
:1082700021689847EBE700BF5418002000220C4902
:108280000B687BB183420AD183687AB193608368BB
:108290001BB15A6941690A445A61002070471A4665
:1082A0009B68EEE70028EFD0022070470B60EEE7F6
:1082B0005418002070B51AF025F9144E054634788C
:1082C000FCB9134B1C60134B1C60134B1C8000F05B
:1082D000E3F901201BF053FC00F088FA0F4B024633
:1082E000186020B928461AF013F9232070BD2346E0
:1082F00040F2E7310A4818F029FA0A4B18600123C6
:10830000337028461AF004F90020EFE7442E0020CD
:1083100054180020501800209C25002058180020D8
:1083200018FCFFFF4C18002070B5044640B31AF04B
:10833000E2F8144E0546FFF7E9FE3068A04209D086
:108340002046FFF79BFF0446B0B128461AF0D7F845
:10835000204670BDFFF792FF04460028F5D1336830
:108360003BB9022000F008FA28461AF0C8F80024A9
:10837000EEE7FFF711FFF7E73368002BF4D1F0E7E2
:108380002224E5E75418002038B50C460546A8B16C
:10839000A1B100230B701AF0B5F80121084B1B683E
:1083A00033B91AF0B5F8002038BD9D4204D12170D0
:1083B0002278002AF9D0F4E79B68F1E72220F3E75E
:1083C0005418002070B51AF09DF806461BF0D0FB3B
:1083D000084B04461D880120ADB21BF0DCFB18B130
:1083E0001BF0C6FB0446013530461AF091F82046D2
:1083F000294670BD9C250020014B1868704700BFBE
:108400005818002038B50021044640F2E730054BEB
:108410004FF47A721D680023E5FB040118F096F909
:1084200038BD00BF58180020012300B58DB08DF86D
:108430000F30FFF7E7FF00230146CDE90033074A7D
:108440000DF10F0304A81BF03CFB18B99DF80F3089
:10845000002BFBD10DB05DF804FB00BF473A0300D1
:10846000F8B50C4B05461B680E4683420FD300241B
:1084700040F2E7302146084B4FF47A721F68002320
:10848000E5FB070118F062F930602046F8BD2120B5
:10849000FCE700BF4C18002058180020F0B51F461C
:1084A000002387B00C46164605468DF8133050B3AE
:1084B0000DF11301FFF768FF9DF813302BBB204629
:1084C00005A9FFF7CDFFE0B9114BE8831B682846EB
:1084D0005C434FF47A73B4FBF3F203FB1244191BB1
:1084E00089B2994208BF0021BDF83430A983059AAA
:1084F00002939DF830301146CDE900733346FFF703
:1085000079FE07B0F0BD2220FBE70220F9E700BFAB
:1085100058180020014B1868704700BF4C18002005
:108520000F4B10B51A689AB14FF47A71531E13426B
:10853000A0FB01010ED1B2FA82F2C2F11F04531C5A
:10854000D243E04001FA03F3184321FA02F2024356
:10855000104610BD002318F0F9F80246F8E700BFF6
:1085600058180020C2072DE9F04704460BD5474AAA
:10857000138801339BB21380FFF7C8FD444B1B687F
:108580000BB1FFF709FEA3077ED519F0BBFF4FF033
:10859000000905464E46FFF7B9FDC8463C4F3C680A
:1085A0000CB163698BB100223A4B012E1A7003D1D2
:1085B00019F0020F18BF1E70002C61D0FFF7ECFD00
:1085C0002846BDE8F04719F0A3BF23465A693AB9D7
:1085D0001A792179914288BF1C469B68002BF5D1FE
:1085E000284619F095FF2569DDB11BF0C1FAA26993
:1085F000A0EB02094FEAE9734D4578EB030311DA6A
:1086000023691344A361E368B4F80690013613B1FB
:1086100020462168984719F075FF0546FFF776FD5B
:10862000BDE7A94619F06EFF82462046FFF726FEF9
:10863000504619F06DFF2369002BE4D0A38BB5EBF6
:10864000090533B1E28B13449BB2B3F57A7F0FD2A5
:10865000E38319F057FF814629462046FFF770FD56
:10866000A369226948461344A36119F051FFCAE780
:10867000A3F57A73E383A369013D013BA361E8E7B6
:10868000022000F079F89BE7BDE8F0879C250020E8
:1086900054180020422E00201FB500241A4B1868E1
:1086A0009A880290D3F806009B7A00901748ADF89C
:1086B0000C208DF804301AF073FE02A88DF80840E3
:1086C0008DF80C40FCF7D2FD694601208DF8004082
:1086D000FCF788FD4FF0B0431F219A6922F01F027A
:1086E0009A610B4A51619A6A12F00802FBD11A6230
:1086F0000120FCF791FD0A20FEF7A2FC0A20FEF7FC
:1087000091FC04B010BD00BF6CE2030060E2030006
:108710000020005810B5044619F0EDFE4FF0B042AD
:10872000936A1907FCD4136A116C5269120704D4B6
:10873000CA1A032A01D899420ED1E21A022A98BF16
:10874000DC1CB4F1FF3F38BF013C4FF0B0431C6468
:108750009A6942F008029A6119F0D1FE054A13782D
:108760003BB14FF0B041CB6B43F00203CB6300232E
:10877000137010BD1F330020820700F001030AD5DB
:108780000121084A43F0080311704FF0B041CA6B51
:1087900022F00302CA634FF0B0418A6922EA030360
:1087A0008B6170471F330020830742BF0822014BB3
:1087B0005A6170470010005810B519F0A3FE4FF031
:1087C000B04304465B691A07074A03F0010003F04F
:1087D0000D0348BF40F002005361FFF7C3FE20467F
:1087E000BDE8104019F094BE0020005807B5044BB6
:1087F00001A918791AF0CAFD019803B05DF804FBCD
:1088000050E203000A4B10B5D3F8403203F00303E3
:10881000013B012B0BD819F06EFE0446012102200A
:10882000FFF7B8FA2046BDE8104019F068BE10BD49
:108830000080005010B50446FBF706FA0C4BA0F57B
:108840007A729A4212D84FF47A73B0FBF3F05C4319
:10885000084BB3FBF0F3B4FBF3F0022806D9BDE8F4
:1088600010400323B0FBF3F0F9F73ABD10BD00BF91
:10887000FFC99A3B40420F00024A0349034807F0F0
:108880000FBC00BF78E203009CE20300E4E20300B7
:108890004FF08052014B5A60704700BF00ED00E07E
:1088A00010B50A46044619B1024B00211B689847CF
:1088B00010BD00BF343100200E4B0340B3F1607F88
:1088C00006D1B1F5885F14BF6FF0860000207047B5
:1088D000B3F1707F0BD101F4E043B3F5005F06D133
:1088E00011F4E06F0CBF6FF08600002070476FF04E
:1088F000860070470000C07F8A42F8B506460C46E5
:1089000000F0DB806F4922F4FF7323F001038B42F8
:108910000ED06D4B22F0FF01994209D06B4822F432
:108920007F7323F00303834202D0694B994228D11D
:10893000684B24F0FF0199420FD114F0FF000BD0D7
:10894000654B40F00070984240F0B98082EA040024
:10895000FF288CBF00200120F8BD5B4B9942ECD072
:10896000A3F588539942E8D024F4FF7323F0010360
:10897000B3F1062FE1D056488142DED053498B42F5
:10898000DBD004F0FE43B3F1A06F14D102F0FE433C
:10899000B3F1A06F40F0938082EA040333F47E13B6
:1089A00040F08D8014F40040D6D0C4F30540C2F3EB
:1089B00005429042CDE7B3F1407F6AD102F0FE4319
:1089C000B3F1407F7BD182EA040535F47E1576D180
:1089D00031462046FFF770FF002870D13F4B12F45C
:1089E0007C1703EA02031BD0B3F1607FC2F3054793
:1089F0003FD13B49D3B243F000738B423DD003F1EA
:108A00007E43043B0F2B01D83649CD5C14F47C1F08
:108A1000C4F3054333D1BD4214BF002001209BE7BE
:108A2000B3F1607F0DD12E49D3B243F000738B4276
:108A30001DD003F17E43043B0F2BDAD82A49CF5CCB
:108A4000D7E7B3F1707FE1D106F4E043B3F5005FFF
:108A500003D10127C6F302239F4006F4E043B3F598
:108A6000005FD3D10125C6F302218D40CEE7102748
:108A7000BFE7B3F1707FC9D1EFE71025C6E712F465
:108A80007C1F01D1AB4218D022047FF565AFBB42F9
:108A90005FE7B3F1106F12D124F01F6020F4702053
:108AA00068B902F0FE43B3F1106F7FF455AF0F4881
:108AB000104040F01060A042AEE701204CE70020DB
:108AC0004AE700BF0002000600130006000400068B
:108AD0000009000600030006FF0000020000C07F3E
:108AE000030000021CE303001CE303000000FFF688
:108AF0002DE9F8431746002288461C4600F05AFA32
:108B0000054688BBD8F80060B6F8009009F4E04349
:108B1000B3F5804FF36808BF27F0010737EA030376
:108B20001AD10CB3254B24F0FF029A421FD114F046
:108B3000FF0304D0224A43F00073934232D022460E
:108B400048463169FFF7D8FE074668B922464846CD
:108B50007169FFF7D1FE70BB6FF0840500233046CA
:108B6000C8F800301BF007FF2846BDE8F883154B16
:108B70009A42DCD0A3F588539A42D8D024F4FF73EC
:108B800023F00103B3F1062FD1D00F498A42CED092
:108B90000E4A9342CBD004F0FE43B3F1407F04D1A0
:108BA0002304CCD56FF08605D8E7B3F1A06FF7D0DA
:108BB000034B9C42C2E73D46D6E700BF00030006D8
:108BC000FF00000200130006000900060004000672
:108BD00038B500F0FE43B3F1407F04460D4602D0A5
:108BE0006FF0860038BDFFF767FE0028FAD114F455
:108BF0007C1F12D0C4F30543032B137022D9284ADB
:108C00002240B2F1607F3DD1264AE4B244F00074C4
:108C100094422BD1102BE5D9E2E7214B2340B3F14D
:108C2000607F15D11F49E3B243F000738B4202D13C
:108C300010231370D6E703F17E43043B0F2B04D9B6
:108C4000002313706FF08500CCE71749CB5CD3E7A6
:108C5000B3F1707FF4D101F4E043B3F5005FEFD1DD
:108C60000123C1F302218B40DBB2C5E704F17E444E
:108C7000043C0F2CB4D80D4A125D9342B0D8142B8B
:108C8000B0D9DFE7B2F1707FAAD105F4E042B2F5C6
:108C9000005FA5D10122C5F30225AA40EDE700BF80
:108CA0000000C07F030000021CE303001CE303007C
:108CB00037B50B4D0C462B787BB100230A46019348
:108CC000014601AB281D1AF086F820B9019BA3428A
:108CD00018BF6FF0930003B030BD6FF08800FAE763
:108CE0005C1800202DE9F04F9B460023924601F0CE
:108CF000FE4297B0B2F1806F0E46DDE92078DDF8D4
:108D00008890089305D018461BF035FE6FF0860456
:108D10003CE00B464FF4807208A9FFF7E9FE0446D9
:108D200018B108981BF027FE30E0DDF820C00DAC2C
:108D30006546CDE914000FCD0FC495E80700BCF8D7
:108D4000003084E8070003F4E042B2F5005F20D170
:108D500013F4E06FC3F302211BD0384826F480726D
:108D600082420AD000F50070864206D0344886421E
:108D700003D0A0F53F4082420BD101258D40102D3C
:108D800012D960461BF0F7FD6FF0830426460025DC
:108D900048E042F20402934202D12A4B9E420BD099
:108DA000294B9E4244D10D25A84507D260461BF0B1
:108DB000E2FD6FF08904E9E70C25F5E7294609A8EB
:108DC000FFF776FF04460028ABD10898D0E90912D6
:108DD00087B307EB050C0E9CA8EB0503240A93D17F
:108DE0000DF12408CDE90539CDE903BC3346CDE9C1
:108DF000015ACDF800800DA81AF0F7F9044614F1D5
:108E0000860F08988ED01BF0B6FD0646002CBDD10B
:108E100090B925B12A464146384623F0D3FDD9F80A
:108E200000301D443046C9F8005017B0BDE8F08F3F
:108E30000025CAE7BC46CEE70446A7E70010C004F9
:108E400000FF4004000180040013C00408B500F0D6
:108E50005FF8064B5A7812B10022C3E90122BDE83F
:108E600008400C210148FFF71BBD00BF5C18002023
:108E700070B50C4D2B7873B919F0A4FF044668B98E
:108E800002230126C5E90100AE706B7000F038F8CE
:108E9000044618B92E700024204670BDFFF7D6FF97
:108EA000FAE700BF5C18002000F100420332022AFA
:108EB00038B504460D4609D82C21104B01FB02336E
:108EC0009A68824211D06FF08B0010E001211BF0F4
:108ED00004FD78B1094B9A68944206D05A6B9442CB
:108EE00006D01A6E9442EED1583300202B6038BD64
:108EF0002C33FAE76FF08700F9E700BF681800200D
:108F00000122024B002083F884207047681800205B
:108F100070B5094C00252646042120461BF0EEFCC6
:108F2000013520461BF08CF8032D04F12C04F3D1FD
:108F3000002386F8843070BD68180020F8B51B4CFB
:108F4000064694F884300F464BB300252346294645
:108F500093F820001A46B8B125B91A7912B102283F
:108F600008BF1D460131032903F12C03F0D115B9C7
:108F70006FF08C0015E0042128461BF0BFFC68B997
:108F800028461BF05DF82A460020094B141BA4104C
:108F90005C4304F10044033C34603A60F8BD6FF078
:108FA000880000233B603360F8E700BF68180020AA
:108FB000A38B2EBA2DE9FF4100230B60394B80466D
:108FC00093F884300D461646002B68D0FFF76CFFEF
:108FD0000446A0B92EB9286804B0BDE8F0411BF0E2
:108FE000B7BC012E04D00024204604B0BDE8F081B7
:108FF0000521286804B0BDE8F0411BF07FBC10F1EA
:109000008C0FF1D1294601A8FFF798FF04460028EC
:10901000EAD101232F68CDE90200C7F8088038465D
:109020007B6003AA02A91BF051FD044688B1DDE96B
:1090300002011BF049FD2D68042128461BF05EFC4F
:1090400028461AF0FDFF14F18C0F08BF6FF087045B
:10905000CAE7DDE9021238461AF07DFF0446DDE971
:1090600002011BF031FD002CE5D1022138461BF036
:1090700045FC04460028DED12868C368D90444BFF3
:1090800043F48063C360C3689A0444BF43F400633D
:10909000C360002EA0D0012EA5D10521AAE76FF054
:1090A0008804A1E76818002030B40D4D2C681C60BE
:1090B0006C685C6000249C605468DC6014881C82CE
:1090C00054885C82D4685C6114699C61526930BCCC
:1090D000DA6119620A46014603F1240023F072BCEA
:1090E0002CE303002DE9F843232904460F4691465B
:1090F0009846089E04D86FF098052846BDE8F88386
:109100000822194923F0FFFB05460028F3D1A36884
:10911000002BF0D1216A243F8F42C8F80010EAD317
:10912000B1F5005FE7D271B9C9F80000E368736078
:10913000238A3380638A73806369F360A369336130
:10914000E3697361D9E701201AF045FCC9F8000012
:1091500030B1D8F8002004F1240123F033FCE5E716
:109160006FF08C05C9E700BF2CE30300F7B5054697
:109170006B461646174A0C461068516803C395F8AB
:109180002A3008336B4413F8087CB5F84830DA0607
:1091900009D433462246394628461BF023FD00F504
:1091A000FA7003B0F0BD204623F0EEFFB5F848306A
:1091B00000F10A049B074FEAC40405D0304623F0AF
:1091C000E3FF04F50C740444E823781E584304FBC1
:1091D0000700E4E734E303009422144B10B51C6845
:1091E000002102FB0044204623F0B7FB104B04F1A2
:1091F00008001B680021DB7863761CF033FE4FF01B
:1092000008236362072384F82A30236A094A43F05B
:1092100013032362084B2046A364084BC4E91D32A4
:10922000C4E92132BDE810401BF00BBDF01800204E
:10923000C41A0020555555001300FFFFD6BE898E75
:10924000F0B5104B02461E6893F804C035464FF047
:10925000FF3400239C4508DC91B1631C10D094239B
:1092600003FB046080F84A20F0BD95F84A70284658
:109270009742F9D0FF2F08BF1C4694350133E9E728
:109280000020F1E7F018002070B50446234D0028B7
:1092900042D0083001F040FE0026FF2304F13000E8
:1092A00084F84A30E66123F003FF04F1340023F030
:1092B000FFFE04F1380023F0FBFE04F13C0023F034
:1092C000F7FE04F1540023F0F3FE2868144B201A33
:1092D00080105843C0B21BF07CFC014630461BF0A6
:1092E00071FC606C10B100F037FF6664A06E18B1BD
:1092F0001BF082FC0023A366E06E1BF079FC0023C8
:10930000E36670BD286806FB0400FFF7BDFF01346B
:109310002B79A342F6DCF4E79426F9E7F018002055
:10932000AD1B4C91F7B504461EF030FAC0F30F2385
:10933000542B3ED9AA2B34BF01230223C0B27E286E
:109340008CBF0222012203218DF804301344B3FBA9
:10935000F1F000EB40001B1A8DF805301344B3FB0D
:10936000F1F202EB42029B1A8DF8063000231846F8
:109370001D461A46104901AF4B7517F8016B44FAA8
:1093800006FC1CF0010F06D053009E400123304321
:109390000132C0B2D2B20135EDB2032DEDD103B12D
:1093A00048754B7D43EA82134B75FF230B7503B061
:1093B000F0BD0023C2E700BFF0180020064B1B6879
:1093C000D97ADA78437E5B1A9342A8BFDAB20021D9
:1093D00042761BF072BC00BFC41A0020B0F86430A3
:1093E0002BB9836813F4601F08BFA0F8643011B173
:1093F000012913D070474369417E23F01003436174
:10940000084B1A68D37A92780B449342D8BFDAB2E9
:10941000C369427623B101211BF04FBCFFF7CEBFD9
:10942000704700BFC41A00202DE9F0410025354ED9
:109430008AB03379AB4203DC01200AB0BDE8F08189
:109440009423346803FB054494F84A30FF2B0DD075
:10945000236A980106D504F15408404623F08CFE97
:10946000074628B9226A12F0A06F1ED10135E0E745
:10947000BB7908A90C333B44D8689A7A1B8AC2F39B
:109480008012ADF8243000238DF81F2008901A4672
:109490000DF11F001BF0B7FB38469DF81F2094F814
:1094A0004A1008AB1CF066FDD7E7B4F848301D2B16
:1094B00018D13C23FF210020CDE90431CDE9020081
:1094C0000121CDE9000004F15B03C2F380221DF00D
:1094D0004DF80028B1D04FF0A06104F120001BF03E
:1094E0004FFBC3E712F0807F08BF3C214FF0000222
:1094F00018BF432194F8293094F84A001CF0DCFE90
:10950000E7E700BFF01800202DE9F0411F46C369CE
:1095100004460D4616468BB169B918F0F3FF0646AE
:109520002946E06E1BF060FB204629461BF0AEFB8F
:10953000304618F0EDFF0020BDE8F0810029FAD098
:10954000036A03F01203022B00F0BC80236ADD07DC
:1095500000F1C08094F84A30FE2B0CD104F14C008D
:1095600002F002F801F0F8FF28B14FF4800104F195
:1095700020001BF0FDFA256A624B2B40B3F5807F7B
:1095800000F0BB80A80531D5C5F3802504F15B0848
:109590000022414628461BF03EFB002184F84B0088
:1095A0001BF04CFB4146002228461BF039FBB4F867
:1095B000481020B194F94B00002880F297804FF4B6
:1095C000007104F120001BF0DBFAB4F8482002F02F
:1095D0000302012A0AD1414628461BF021FB28B18B
:1095E0004FF4006104F120001BF0C2FA236AD9068F
:1095F00000F18180D4E90C122046FFF7B7FD012F5E
:109600000ED040F27123A28C5A43904208D9E28CCA
:109610005A43904273D800F51C70B0FBF3F0A0845D
:10962000394BE361002384F82930236AE168B4F8F8
:10963000645023F4803284F82870226221613DB99D
:1096400013F0100F0CBFC8253C25257605F2B31585
:109650004EB140F27121E38C42F48032C3EB061329
:109660004B432262E362236A43F400232362274BC5
:109670001B68DB78637618F045FF6369074643F0A3
:10968000100304F10800294663611CF0EBFB012084
:1096900003F0E2FC28B963691A075CBF43F00403D6
:1096A000636126B11EF0AEF8E36A0344E36220462C
:1096B00003F0DCFC384618F02BFF0121E06E1BF0B4
:1096C00093FA38E7406B23F05FFD00287FF43EAF4C
:1096D0000C2031E7636C002B7FF43CAF00F0E6FC1C
:1096E000606400287FF436AF092025E701F001010E
:1096F0001BF0A4FA69E7064B93E712201CE745200C
:109700001AE700BF00014000A94B0300C41A002063
:109710001198010070B500249426094D2B79A342BD
:1097200000DC70BD286806FB040090F84A30FF2B6F
:1097300004D000231A461946FFF7E6FE0134EDE790
:10974000F01800202DE9F04304468F798BB00C37D8
:109750000DF10409CD1901220E460DF10300494611
:109760001BF066FA636C8046039300236364236AEC
:10977000E879C3F300138DF825302989F75903F0F0
:1097800003FE224B07441B6805975B7905F118021D
:109790006376012306928DF8103005F10C03B8F1C1
:1097A000000F28D09DF80330CDF81C908DF82030A4
:1097B0009DF8252094F84A308DF821300123FAB91C
:1097C0008DF8223094F8933003F00F038DF8233096
:1097D0006B7903A88DF8243000F07CFD1DF0C5FFE7
:1097E000012120461BF052FA304618F03DF90120C5
:1097F0000BB0BDE8F0830793AB7AC3F38013D5E7D2
:10980000AA7AC2F340128DF82220DFE7C41A0020A2
:10981000012810B50C461ED0022824D040BB0846B3
:109820001BF05DFC40F27121A38CE28C94F82A00BD
:10983000D21AE36803F59C53083301FB023323611A
:10984000FFF770FD0B4B20469968236BBDE8104075
:109850000B6003F09BBE03F06DFD844208D1BDE8B0
:1098600010401DF082BF0846BDE81040FFF7A6BDBE
:1098700010BD00BFF018002038B50A4D0020FFF7DA
:1098800003FDAB6813B100221A60DA801CF0F4FB10
:1098900000242B79A34200DC38BD2046FFF79CFC56
:1098A0000134F6E7F018002070B52B4C0546A0688F
:1098B00018B118F0D9F80023A360FFF7DDFF0020EE
:1098C0001BF08BF955B9032025712560E58218F04E
:1098D0003BF820791BF081F928B970BD022023F0F4
:1098E0007AFDA06048B90025A0682571256070BB8D
:1098F00000201BF072F90720EFE7002603202571F6
:109900002660E68218F020F8B542E2DD05EBC501DD
:1099100005EB8101890033460122032089B217F04B
:10992000CFFF06460028DED1032018F02FF8206074
:109930000028D8D0942231466A4323F00EF82379C8
:10994000B342C6DD3046FFF747FC0136F7E718F0B3
:109950008BF8A560CCE700BFF018002006222DE9A7
:10996000F341354B06469C688846A5790C35635D06
:10997000671903F04F036355B0F848307A70103B15
:109980000D2B31D8DFE803F055305107300C303063
:1099900030303030300C635D6FF30303635523E0E8
:1099A0000123625D006A63F3030262550C2210F426
:1099B000006F7A7006F15B0107F108020CD001928A
:1099C0004FF0FF32C0F3802000921A461BF026F9B8
:1099D000635D43F08003E1E7D6F85B30BB608B88C2
:1099E0009380336A5B05F3D4B6F84820635D304654
:1099F00062F345136355B91C1BF027FC635D60F3EC
:109A000086136355A3797A7802331344E371B6F869
:109A1000483003F01403142B04D0B8F1000FC4BF76
:109A200042447A7002B0BDE8F081635D62F30303E3
:109A3000B4E70222635DF9E7F01800202DE9F04356
:109A40008B7906460C33CC18237985B0DA0737D5E5
:109A5000E77A252F34D8484B9A6893790C33D1187C
:109A6000D35CA27AC3F38013B3EBD21F28D1056A6B
:109A70000622EB064CBF0231043104F1120022F041
:109A800042FFE8B994F80A901BF0CCF805F4C04501
:109A900080F001032A1EC9F3801904F10C08414625
:109AA00018BF01224846DBB21DF0CAFE014650B184
:109AB000A37A03F00F03032B1BD1336A980712D448
:109AC0004FF0FF3012E01BF0B5F80028F8D1A37A70
:109AD00003F00F03002DEED0032B85F4C0451CD1FD
:109AE000A904EDD5E9E70C2FEAD1032005B0BDE8C4
:109AF000F083052BE4D1306AC207E1D500F01403EE
:109B0000142B0FD0012202A90DF107001BF090F8D1
:109B100008BBA17AC1F3801121E0052BD0D16B04E1
:109B2000E9D4CDE706F15B052946C0F380201BF0A0
:109B30006EF80028E6D1A27A336AC2F38012C3F32A
:109B400080239A42BCD106222946404622F0DBFE01
:109B50000028B5D1D6E79DF807100DF1080840465A
:109B600000F042FB0028ABD104F118001BF0F0FA22
:109B70000028A5D00520B9E7F018002030B5174B14
:109B8000826A1B681206597926D5028F1C79436BAD
:109B90001203B2FBF3F2631AB2FBF3F2B0F89C309B
:109BA00003B1013BD0F8A05005B15B101B02B3FB21
:109BB000F2F35B180CD090F895200F2A08D91209FF
:109BC000B3EB820FB8BF00234FEA8201A8BF5B1A34
:109BD0009C42A8BF1C46E1B2417630BDC41A0020A9
:109BE000084B9A7E82420AD94FF4A4721B6802FB8A
:109BF0000030836A13F0100F08BF00207047002068
:109C0000704700BF08190020084A09491368C31AA1
:109C1000D810002B01FB00F005DB937E8342D8BFF8
:109C20004FF0FF3070474FF0FF30704708190020A9
:109C3000199C8FC170B504460E4618F063FC31467E
:109C4000054604F130001BF028FB2046FFF7DCFF3F
:109C50000121814005481BF020FB4FF4807006F085
:109C600035FC2846BDE8704018F052BC2C19002085
:109C7000F329F8B504460D46724E25D1338D63B9EC
:109C8000A36813F4601F00F0BA80238F626B1B017E
:109C9000B3FBF2F3F32D9FB22DD120461BF0A1FBB5
:109CA000B4F89C70002F40F0B380A36A13F0800FCB
:109CB0000CBF3E23082384F877302046FFF75EFF71
:109CC000F32D36D1012057E07369590640F18F809A
:109CD000836A1A0740F18B80336900F140014360C9
:109CE0001CF01FFE338D002BCAD0238F626B1B012B
:109CF000B3FBF2F39FB2618FB4F89C209BB25B1A66
:109D00009A427EDC736994F836019B074CBF0021B0
:109D100002211DF0E5FD40F2022372699343BCD19C
:109D20002046A4F89C701BF05DFB2046FFF726FF41
:109D30000127A36A1807C5D5628F002AC2D013F481
:109D4000C05FBFD1726912F00C0FBBD140F2022389
:109D50009343B7D1D4F8A430002BB3D12046A18FC0
:109D60001CF08EFF002855DD638F0133984251DCD3
:109D70000128A7D0013880B2236BA4F87C005904D5
:109D800009D54FF4804104F130001BF08EFA002118
:109D90002046FFF74FFFB4F87C20A38F94F8701093
:109DA0001344A387B4F89C309B1AA4F89C3094F811
:109DB0006F3002FB01332522B3FBF2F102FB1133BA
:109DC00084F86F304FBBA36A1A0702D41E4B1B687E
:109DD0009847204608211CF00DFE20460221FFF77F
:109DE00029FF2046BDE8F840012103F08DB9318DEF
:109DF000238F626B00293FF443AF1B0178E7338563
:109E000043E7737F002B86D0032194F8360180E767
:109E1000012752E7608F0130ADE720461AF0CBFEF4
:109E20002046A18F1CF0B6FDA36A05461B0702D48D
:109E3000054B1B689847002DCBD02046BDE8F84065
:109E40001BF052BB081900203C1900200022074BD0
:109E500010B55A77202204465A611BF06AFA84F83A
:109E6000360120461BF09DFB10BD00BF08190020E5
:109E7000012810B50C462AD0022830D000283DD148
:109E800091F8953060F3071381F895300846FFF795
:109E9000DDFFA36A20461B0716D503F00DFD042045
:109EA00001F0F8FB50B3164A937F3BB3D37F0133E5
:109EB000DBB2D37792F821209A421FD8BDE8104038
:109EC0004FF0806006F002BB03F0CAFEE7E703F044
:109ED00031FA844212D1BDE8104003F0E1BC91F8A0
:109EE00095302046C3F30312013262F3071381F861
:109EF0009530BDE81040F321FFF7BABE10BD00BF9A
:109F00000819002010B501F025FCFB22114B10F0C0
:109F1000020F1A770CBF012203224107197E48BFA6
:109F200042F0040262F3030119761A7EC2F30301C0
:109F300061F307121A764FF4417100221984DA7620
:109F4000DA835A621A611A85034BBDE810401B6818
:109F5000184700BF08190020341900202DE9F843E4
:109F60004B4C0546A06818B117F07EFD0023A36096
:109F7000022017F0E9FC5FFA85F800201AF02BFEAA
:109F800040461BF0F5F90646002868D140461BF014
:109F9000FAF90746002862D1002D75D005EB85013E
:109FA00005EBC101C90033460122022089B217F036
:109FB00087FC002850D14FF4A479022084F81A803D
:109FC00017F0E4FC09FB05F731463A46206022F021
:109FD000C4FC32462368681E03EB0901824233DB6E
:109FE000002DA7F5A4724FF00001D8BF00229950B0
:109FF000284663601AF0EFFD88BB40461BF0A7F9C6
:10A0000068BB40461BF0ACF9074640BB002D16DD8F
:10A01000022023F0E0F90223A060C371837939465E
:10A02000C3F102020C33D2B2184422F096FC012193
:10A03000A3689A7913441A7B61F301021A73FFF73C
:10A0400061FF3046BDE8F88309FB02FC013243F8AA
:10A050000C1001F5A471C1E7C4E90077A7760025CB
:10A0600000201BF085F900201BF08DF92846C4E97B
:10A070000055A5761BF06BF928461AF0ACFD0220BE
:10A0800017F062FC0726DCE72B46A5762560AFE7D4
:10A0900008190020014B987E704700BF0819002066
:10A0A000014BD87E704700BF08190020F8B5284D35
:10A0B00018F028FA6C681CB918F02AFA2046F8BD86
:10A0C0004FF4A476012723686B60EB7E0133EB76B7
:10A0D00018F01EFA32460021204622F03EFC04F120
:10A0E0002800402167611BF0D8F82B8B0722A4F8C9
:10A0F000443194F83731002167F3030384F8373192
:10A100004FF6FF73A4F87A302B7FA4F8866084F8AA
:10A11000423144F29023A4F8403194F8853004F1A0
:10A12000080062F3030384F885300A4BC4F88830D2
:10A1300003F1CE5303F59813C4F88C3041F61B336A
:10A14000A4F890301B2384F892301BF08BFEB5E707
:10A150000819002048014801F8B5044600261CF003
:10A16000F8FD04F1A40022F0A3FF04F1A80022F0FE
:10A170009FFF04F1AC0022F09BFF04F1080000F007
:10A18000CBFE04F1A00022F093FF154B20461B6884
:10A1900098472046C4E90A66FFF736FDC5B228464F
:10A1A0001AF011FD074628461AF00FFD0146384601
:10A1B0001AF008FD18F0A6F905464FF4A4723146CE
:10A1C000204622F0CAFB074B28465A682260DA7EF6
:10A1D0005C60013ADA76BDE8F84018F099B900BF42
:10A1E00038190020081900202DE9F04106464FF4E7
:10A1F00080400F4601F04EFA044630B90E4B1D6800
:10A2000093F81A807135A04502D80020BDE8F0818E
:10A2100055F8493CDA0609D5C3F38003BB4205D1A2
:10A2200006222946304622F06EFB18B1013405F5AE
:10A23000A475E8E70B20E9E70819002008B5B0F895
:10A2400094305A1C62F30B03A0F89430042001F000
:10A2500021FA70B1074A937F0133DBB2937792F80A
:10A2600020209A4205D8BDE808404FF0806006F0F3
:10A270002DB908BD0819002038B58B7905460B4467
:10A280009B7D0C4603F00303032B09D101212C30E5
:10A290001BF003F84FF4006105F128001AF0FDFFF0
:10A2A00021460548A56022F0D1FFBDE838404FF0B7
:10A2B000005006F00BB900BF14190020014B1877AD
:10A2C000704700BF08190020014B187F704700BF7E
:10A2D000081900202DE9F04FD0E9027590F9181007
:10A2E00087B00291417E046890F80480D0F810A0F5
:10A2F000037D427D90F816B090F81790002940F049
:10A30000ED80A9F1030101298CBF022603260393E6
:10A310002B8984F89B202A4652F8101BBBF10000C1
:10A3200018BF0120C4F8281104F14401019304F07E
:10A33000A5FF20461CF057FB20461BF026F81DF019
:10A34000D5FA4946024620461BF019F8C822204695
:10A350000DF11601ADF816201BF004F847F6FF7258
:10A36000A4F83021AA88039BA4F82C21AA7984F8A8
:10A370002E21DAF80020C4F87120BAF8042004F184
:10A38000280AA4F875201BB1042150461AF085FF55
:10A39000BBF1000F04D04FF4005150461AF07DFF7E
:10A3A0004FF4607001F076F9C0F3C0134FEA831BDD
:10A3B000C30548BF4BF0800B810548BF4BF4807B41
:10A3C00018F0A0F84FF48261039050461AF065FF30
:10A3D000594604F12C001AF060FF039818F098F821
:10A3E000A8F10203012B7BD84FF4002150461AF04C
:10A3F00054FF01212046FFF71DFC042120461CF0DC
:10A40000F9FA6B7D2046C3F3040384F870306A893F
:10A4100052006263697B2A7B42EA01226287E97B00
:10A42000AA7B42EA012222876A7D84F86F30C2F358
:10A43000421284F83E2000220523A2870122A4F8BC
:10A440009C30A4F87C2002991AF0A4FF01F07CF95A
:10A4500020F40060C4E908012046FFF78FFB3D4966
:10A460003D4AB1F828B008F0FD03BBF1000F6CD1F4
:10A47000002B3BD140F2C71B6760E26120460F61B1
:10A480001AF01CFFB9F1010FE0600AD094F83731DF
:10A49000204669F3030384F8373109F00F011BF0FC
:10A4A000F8F804F1080059461BF0DCFC012002F02A
:10A4B000D3FD28B963691A075CBF43F004036361E5
:10A4C00040F271216B892046013B59431AF015FF78
:10A4D000204602F0CBFD07B0BDE8F08F012616E75D
:10A4E000B8F1010F85D140F2014183E74FF4D77BEA
:10A4F000E26140F27128019B760006EB430608FBFF
:10A5000006F6374440F608015046676004F14007FC
:10A510001AF0C3FE394620461CF003FA334639468A
:10A52000204604F1340201F023F9EB7901225B00AB
:10A530003946204608FB03F31CF0F9F9236C20464A
:10A540009E081AF0BBFE30449CE76760E261002B76
:10A55000CFD193E708190020719E010070B51D4608
:10A56000C36A04461B07164613D408212C3025F471
:10A5700010551AF092FE25F01005064B2D043340BD
:10A580002D0C2046C4E90835BDE870404021FFF796
:10A5900051BB70BD2FCF87F72DE9F04F85B0044632
:10A5A0000191084689B34B799A071FD422F0ECFD3C
:10A5B000019D70B96B79DB0705D54FF4803104F14B
:10A5C00028001AF06AFE01A822F072FD05B0BDE86D
:10A5D000F08FA36ADF0309D54FF4803104F128001E
:10A5E0001AF063FE6B7943F001036B71019E17F063
:10A5F00089FF737931469E0705461ED504F1AC00EC
:10A6000022F033FE284617F083FFDFF8909117F011
:10A6100079FFA36A0746DD0514D5D4F8AC3043B101
:10A620009A7913441B7B3A2B03D829FA03F3D807F2
:10A6300011D4384617F06CFFC8E704F1A80022F0E7
:10A6400005FEDFE794F94631022BF2DCD4E92A2338
:10A6500072B9002BEDD004F1AC0022F047FD0546A5
:10A66000384617F055FF294620461BF0C0F9CEE7C3
:10A67000002BF0D194F89280039304F1A80BD4F846
:10A68000A86096F807A0B379AAEB030A5FFA8AFAE2
:10A69000C24527DC584622F06FFD0546A8EB0A08A4
:10A6A0006B7929466FF3C3036B7103A822F0CEFDCB
:10A6B000D4F8A8302BB15B79990702D1B8F1000F1B
:10A6C000DDD1039B002BB4D09B79022B40D8002016
:10A6D00022F081FE014670BB039904F1A80022F02C
:10A6E000C4FDA6E7002022F076FE054630B90399A6
:10A6F00004F1A80022F0B9FD03959AE78079B179B9
:10A700000C300C3142463144284422F05BF9EB799D
:10A7100053FA88F3EB71B379727953FA88F3B37112
:10A720006B794FF0000862F300036B7173796FF37C
:10A7300000037371B4E7039B4A79587960F3000210
:10A740004A715A7903A86FF300025A7122F088FD0A
:10A75000E36A9A0512D50398034600680028FBD1E6
:10A76000DB79C3F14503DBB2032B07D822F033FEBC
:10A7700001460028B0D003A822F068FDD4F8A83024
:10A7800013B15B79DB0704D5039A537943F00803CF
:10A790005371384617F0BCFE039965E77C2C020024
:10A7A00070B5036B0446DA0786B033D5866A330783
:10A7B00023D516F4002F14BF032501252046FFF7EB
:10A7C00023FA94F89B30294605930023049394F8C8
:10A7D0003E30C6F380020393238F80B20293638FCF
:10A7E0000193636BC3F34F03009304F171031BF0F8
:10A7F000BDFE30B9002006B070BDB50C05F00205F5
:10A80000DCE7012104F130001AF04FFD4FF4005154
:10A810001AF043FD236B980410D52046FFF7F4F996
:10A82000A16AC0B2C1F340311BF0BDFB0028E1D0EA
:10A830004FF4005104F130001AF037FD236BD904B6
:10A8400009D500212046FFF7A7FE4FF4805104F1FF
:10A8500030001AF02AFD236B5A0512D52046FFF767
:10A86000D3F9002394F89B50C2B2194628461BF036
:10A8700023FD0028BED04FF4806104F130001AF0AF
:10A8800014FD236B5B0711D52046FFF7BDF9616B03
:10A89000238F628FC1F34F0180B21BF047FE002867
:10A8A000A8D0042104F130001AF0FFFC236B1E072E
:10A8B00009D520461CF034FC00289BD0082104F167
:10A8C00030001AF0F2FC236BDD0618D52046FFF7A6
:10A8D0009BF9E16A80B211F4805100F0C58000213B
:10A8E0001BF0B9FE002885D04FF4805104F12C00F4
:10A8F0001AF0DBFC102104F130001AF0D6FC236BB7
:10A90000580615D52046FFF77FF994F8773080B2C6
:10A910000093D4E908231BF081FE00283FF46AAFBE
:10A920000023402184F8773004F130001AF0BDFC98
:10A93000236B190516D52046FFF766F9002300930F
:10A94000B4F89830B4F8962094F89A1080B21BF0BE
:10A95000DDFA00283FF44EAF4FF4006104F13000FF
:10A960001AF0A3FC236B13F4804532D19A0516D557
:10A970002046FFF749F994F8371194F8772001F051
:10A980000F0180B200F046FD00283FF433AF4FF4D2
:10A99000007184F8775004F130001AF086FC236BC4
:10A9A0001B0616D52046FFF72FF9B4F88C3080B27D
:10A9B000009394F89130B4F88A2094F890101BF02A
:10A9C0007CFE00283FF416AF802104F130001AF01D
:10A9D0006CFC236B9E0612D52046FFF715F994F800
:10A9E000771080B21BF04EFE00283FF403AF002327
:10A9F000202184F8773004F130001AF056FC236BE4
:10AA0000DD0508D504F130004FF480711AF04DFCDB
:10AA100020461CF0B8F9236B180408D504F1300067
:10AA20004FF400411AF041FC20461AF02EFE236B31
:10AA3000D90308D504F130004FF480311AF035FC09
:10AA400020461AF097FC236B9A0308D504F13000D6
:10AA50004FF400311AF029FC20461AF099FC236BC0
:10AA60009B0704D40120C6E61BF00CFE3AE7002247
:10AA7000204611461AF08AFC20461AF089FC20462E
:10AA8000FFF7C2F894F8771080B21BF0B1FE0028EF
:10AA90003FF4B0AE022104F130001AF006FC20466B
:10AAA000FFF75AFB014B1B689847DBE7341900207E
:10AAB000F8B50023124A02F1240151E8004F41E8A1
:10AAC0000035002DF7D1012734B9BDB10D48294615
:10AAD0001AF0E3FB2046F8BD94FAA4F0B0FA80F037
:10AAE00007FA00F624EA0604FFF77AF80028EBD00C
:10AAF000FFF756FE0028E7D13543E5E70120EAE7F6
:10AB0000081900202C1900202DE9F74F0446019068
:10AB1000002860D0C5794FF000080C35054417F0C7
:10AB2000F1FC464600904FF4A47A40462B4FBA7E83
:10AB30005FFA88F94A4517D90AFB09FB3A685A4473
:10AB4000916ACB0644D5B2F89420C2F30B02002AD6
:10AB50003ED0E279C2F14502D2B2032A15D80220D2
:10AB600022F039FC044640B900230098FB8317F01B
:10AB7000CFFC304603B0BDE8F08F014601A822F0BB
:10AB800065FB0020E5790C352544042201230021D2
:10AB900012FB003305F82090E9543B6802FB005C8F
:10ABA0005B44B3F8943001368CF80230032312FB77
:10ABB0000032A9543B6801305B44B3F89420C0B222
:10ABC00061F30B02A3F89420E379F6B20433E37146
:10ABD00008F10108ABE70646CBE700BF08190020E3
:10ABE000F7B5684604F03EFB00254FF4A477124EFB
:10ABF000B37EAB4201DC03B0F0BD346807FB054413
:10AC0000A36A03F01803102B13D10522694604F13F
:10AC1000450021F078FE60B1012120461CF0D4F8F7
:10AC200038B9012022F0D7FB014610B1204601F0CF
:10AC300079F90135DCE700BF081900202DE9F74F4D
:10AC400017F060FC424BDA6800920022DA6017F0DD
:10AC50005FFC009B13B903B0BDE8F08F684622F09B
:10AC600045FA8279876802F10C0404440146019098
:10AC7000A07A0A3210F0200F14BF032002200244F1
:10AC80008A71FA6A52050FD5E07AA27A42EA002266
:10AC900038461BF09AF838B901A822F009FA3D218C
:10ACA00038461AF084FFD4E7BA6A94F80AB012F46E
:10ACB000007201990BF0030013D003288A79EBD1BD
:10ACC0000A44127B3A2AE7D8224B23FA02F2D3072E
:10ACD000E2D54A79384642F002024A7100F020FE7D
:10ACE000B7E70328F5D048790BF0030B62F3410076
:10ACF0004871084694F8069094F905A022F044FAA9
:10AD0000019D0646AC793846063CE4B2AC71FEF7CC
:10AD10007BFF0C34C0F3032305EB040843EA0B1359
:10AD200088F803302B46F6B288F80200A8F80460D1
:10AD300005F804A088F801905A796FF341025A711E
:10AD40001B68002BF8D128461BF044F981E700BFAF
:10AD5000081900207C2C0200002370B50D46D16834
:10AD60008AB009BA0291C178C66861F30703817895
:10AD700036BA61F30F23417806AC61F3174391684B
:10AD8000069609BA0391816809BA07915168126859
:10AD900009BA12BA049105920178426861F31F63FF
:10ADA00012BACDE9082323468022012002A900948B
:10ADB00017F06CFF0028F6D1DDE90810DDE9063256
:10ADC00000BA09BA12BA1BBA28606960AA60EB60BF
:10ADD0000AB070BDF8B504460026084F0CB9074804
:10ADE000F8BDA179E579B8196D1AEDB20C3121449D
:10ADF0002A4621F0E7FD2E442468EFE7441900209D
:10AE0000F8B504460026084F04B9F8BDA079E579E5
:10AE1000B9192D1AEDB20C3020442A4621F0D2FD8A
:10AE20002E442468F0E700BF44190020104B1A7824
:10AE300042F0F0021A701A7C42F0F0021A7493F891
:10AE4000202042F0F00283F8202093F8302042F0D6
:10AE5000F00283F8302093F8402042F0F00283F8AB
:10AE6000402093F8502042F0F00283F850207047C1
:10AE7000541A00200368054A23F07F6323F400235B
:10AE800002EAC14213430360704700BF0000F80F9D
:10AE9000F8B54488054604F00704072C1C4E28D159
:10AEA00017F030FB00221101735C06EB02171B093F
:10AEB0000F2B0AD00132062AF5D1164A1388013326
:10AEC000138017F025FB1920F8BD2B6894B27B8006
:10AED0001123735417F01CFB1CF094FC06EB0413B5
:10AEE000D8602B68002023F4E02343EA04432B605E
:10AEF000EAE72301F15CC1F30312013202F00F0211
:10AF0000052A28BF002262F30711F154E4E700BFCD
:10AF1000541A00209E25002038B54488054604F0C8
:10AF20000704072C0FD017F0EDFA074A2401135D30
:10AF300043F0F00313552B6843F4E0232B60BDE886
:10AF4000384017F0E5BA38BD541A00202DE9F04713
:10AF50004588074605F00705072D894637D01D4C63
:10AF60004FEA051814F808601CF04CFC04EB051AB5
:10AF7000DAF80C30360906EBC506C01A04EB4606B3
:10AF8000708014F8083003F00F02042A9EBF0132CB
:10AF900062F3030304F80830B9F1030F14D114F875
:10AFA000081004EB0514A01C01F00F011CF0F6FAC8
:10AFB000044617F0A7FA3A68074B134023433B6057
:10AFC000BDE8F04717F0A4BA4FF6FF74F1E7BDE80B
:10AFD000F08700BF541A00200000FF7F064A08B522
:10AFE0009268824207D0427922F0030242F00302C3
:10AFF000427105F0C5FA08BDB41A002010B5064C20
:10B00000204622F055F8201D22F052F804F10800E5
:10B01000BDE8104022F04CB8B41A002010B5022050
:10B0200022F0D9F9034C6060022022F0D4F9A0602C
:10B0300010BD00BFB41A002008B5FFF7DFFF0022E3
:10B04000024BDA60BDE80840FFF7E8BFB41A002001
:10B05000014B5868704700BFB41A0020014B986834
:10B06000704700BFB41A002038B50C4CE3681BB120
:10B07000E36898470023E36023686BB1074822F038
:10B0800035F8054640B123681BB14FF0004005F08C
:10B090001DFA28461BF0C5FB38BD00BFB41A0020BE
:10B0A00010B5084CE0604FF0004005F00FFA00BF0B
:10B0B00000BF00BF00BFE3681BB1E36898470023EF
:10B0C000E36010BDB41A002038B583790446034408
:10B0D0005B7B13F0300F437923F0030308BF43F089
:10B0E0000103437117F00EFA05462146054822F088
:10B0F000ADF84FF0004005F0E9F92846BDE83840CA
:10B1000017F006BAB41A002073B5164D6C68A3790F
:10B110000C331C4400F01EFBB4F80920B4F80710EF
:10B120008A421DD8032A1BD9032919D96679BEB1D1
:10B13000C04360F00500304212D1E378A079019657
:10B140002479009401F03AFB00280CBF0C22002265
:10B1500042F24101A86802B0BDE870401AF0CEBECC
:10B160001122F5E7B41A002010B50D4C62689379EE
:10B170000C331A441179D078003918BF01210038F6
:10B18000B2F8073018BF0120B2F8052001F078FCB2
:10B1900042F242010246A068BDE810401AF0AEBE7D
:10B1A000B41A002010B5084C6068837918440F3039
:10B1B00000F09EF90023A0681A46BDE810404FF643
:10B1C00028411AF059BE00BFB41A0020242816D80E
:10B1D0000F2805D802280CD8B0FA80F04009704733
:10B1E000084B103880B2C34003F0010383F0010024
:10B1F00070470538012894BF0020012070470120C6
:10B20000704700BF2D2011002DE9F04F95B0FFF7DA
:10B210001FFF42F23603867905460C3630F8068069
:10B22000841998450ED1FFF713FF022121F017FF73
:10B230007F22A3780233A370AA550023202223770C
:10B24000627063770121E078FDF7FAFF002306467C
:10B25000002800F0D780CDE91233237AE2888DF8F8
:10B260004A30E37AADF848208DF84E30A388B4F820
:10B27000092013F01000ADF84C2003F0050306D0B0
:10B2800093B1E37D012B51D00025122614E07BB34E
:10B29000E37D657E012B37D16B1EDBB2022B09D813
:10B2A00000F058FA012338E04FF48043DDE9121230
:10B2B000914220D900251126FFF7D0FE0123324606
:10B2C0004146ACB21AF0D8FD002DCCBF0534053C88
:10B2D00024B2002E40F099800A2394FBF3F4E4B2E8
:10B2E000FFF7BCFEC3791844C47215B0BDE8F08FF7
:10B2F0004FF6FF73DAE71F29DCD99A42DAD8E37DEB
:10B30000657E0028BED1C5E7032BD3D16B1EDBB20F
:10B31000022BCFD800F01EFA04230342CAD0032D1B
:10B3200008BF04252840C0B20028C3D0E07819F037
:10B3300057FC20B1A088FFF749FF0028A4D0344A69
:10B34000237F1278002A54D0042B9DD8637F042BCE
:10B350009AD8A388DB0653D41CF0C8FA0121C8226E
:10B36000084003F0E7FD94F91630B4F804E003EB6D
:10B370008303B0EB430F4FEA4302637B677E0F9377
:10B38000A37BE188109304F10F031193637F94F87A
:10B390000C9094F815A094F818B00546E07DC8BF4D
:10B3A00015B2B4F809200C93237F03280B93E37E96
:10B3B00008BF0420032F08BF0427003B18BF012348
:10B3C0000A93A37E1FFA85FCCDE90873119BCDE992
:10B3D000060B0293109BCDE904ACCDF80C900193C1
:10B3E0000F9B304600935FFA8EF319F0B9FC0646C6
:10B3F00062E7002B7FF45EAF637F002BA9D059E793
:10B400000020ABE70546072656E7002468E700BFA3
:10B41000452E0020F8B5074601200D46164621F0BE
:10B42000DAFF0446C0B106220C211AF038FD691E6D
:10B43000C9B2032988BF0022A37998BF074A03F144
:10B440000C0398BF525C234420469F80DE70DA7163
:10B450009A71FFF7C3FD0120F8BD00BF3CE3030074
:10B46000F8B5FFF7F5FD83791844B0F80F60B0B276
:10B47000FEF7B6FB0446C0B11AF073FA0138C0B249
:10B48000032814D800270B4B1C5CFFF7E7FD05468B
:10B4900004233A4642F230011AF0EEFCAB790C3349
:10B4A000E818C68004724472F8BD0227EDE7002454
:10B4B0002746EAE73CE303000B4610B50649074C74
:10B4C0000622002808BF2146184621F01CFAB0FACF
:10B4D00080F0400910BD00BF472E00204D2E0020F7
:10B4E000024B1A6802609B88838070474D2E0020B3
:10B4F00013B50D4C28B1036823608388A38002B084
:10B5000010BDF9F7F9FECDE900019DF80230BDF854
:10B510000020A370BDF805302280A4F803309DF808
:10B5200007306371EBE700BF4D2E002010B50446D5
:10B5300016F0E8FF2268064B1A60A2889A80054A36
:10B54000137843F00103137016F0E2FF012010BDE1
:10B55000472E0020462E0020024B1878003818BFD6
:10B5600001207047462E0020024B1A6802609B881B
:10B5700083807047472E0020024B186908B104F001
:10B58000A5BF7047100B0020002310B53C4A02F104
:10B59000100151E8001F02F1100C4CE80034002C9F
:10B5A000F5D140EA0104A10201D501F0C9FD220153
:10B5B00001D503F0C9F9002C01DAFFF755FD63004E
:10B5C00001D501F0E5FCA00001D5FFF737FBE10054
:10B5D00007D5FDF729FF20B94FF0805129481BF00E
:10B5E00073F9620107D51AF087FA20B94FF080612C
:10B5F00024481BF069F9A30105D51CF070F9FFF789
:10B60000EFFA19F0F2FAE00108D519F0A7FE0728C1
:10B6100004D14FF080711B481BF056F9610201D52F
:10B6200019F0DDFA220201D519F0CBFAE30207D5B1
:10B6300019F08FFE20B94FF4801112481BF044F925
:10B64000A00507D500F03AF920B94FF400710D4874
:10B650001BF03AF9E10507D5FFF72AFA20B94FF4B4
:10B66000807108481BF030F9620503D51AF002FC1E
:10B670001AF001FC230501D51BF02EF910BD00BF07
:10B68000100B0020200B0020014601481BF01CB9C4
:10B69000100B0020014B1B6818407047100B002056
:10B6A00010B5044BD3E9064204430A43C3E90642FA
:10B6B00010BD00BF100B002070B51E4D04462B6856
:10B6C000002B03DAFFF7B8FC002031E04CF20C004D
:10B6D0000021FFF7E5FF0023174E336024B16368B4
:10B6E0002B60A36803B133604FF00040FFF7CCFF3D
:10B6F00033680BB9114B3360114B1248AB60002318
:10B700002B7316F0EDF9FFF791FB204601F030FEA8
:10B7100070B92CB1B4F90E10B4F90C0001F062FE4E
:10B720001CF0E8F803F062FD03F0E8FC0028C9D043
:10B7300070BD00BF100B0020C41A00202033002071
:10B7400079B50100140B0020014BD3E906017047C5
:10B75000100B0020054B9B69DA054CBF032001202C
:10B760001B0548BF40F00400704700BF100B0020CD
:10B77000F8B517461C460D46064603F0BFFA1C4BAB
:10B78000BA7A1C4953F8222053F820308C421A44CC
:10B7900024D9194B9C4214D9184B013C93FBF2F36A
:10B7A000002BB8BF03339A1004EBA304B4FBF2F3ED
:10B7B00071682A68A1EB930102EB430271602A6071
:10B7C000F8BD0F4B0F49A3FB04435B0902FB03F3D6
:10B7D00003F6C313A1FB0313DB0AE9E702FB04F33F
:10B7E000094A03F574338F33A2FB03231B0CDFE7F5
:10B7F0008CE303004C6210001366660640420F00A3
:10B800001F85EB515917B7D183DE1B43024B1A68D2
:10B8100002601860704700BFCC1A00200022024B63
:10B820001A6000F0FFB900BFCC1A00202DE9F843E0
:10B83000064619F0F7FD0446002835D045784DB985
:10B8400016F060FE237863701B4B1B6825706360E5
:10B8500016F05EFE4FF00108677837B923781BB306
:10B860004FF4007004F032FE1EE097FAA7F5B5FA27
:10B8700085F508FA05F55FFA85F9636833B90E4B6B
:10B8800027EA050565701B686360E5E79B681BB9DF
:10B8900063681B686360F0E74946304698470128B3
:10B8A00005D163681B6863600120BDE8F883022846
:10B8B000EED10020F9E700BFCC1A002070B50025BA
:10B8C0000D4EFEF7E7FBA84201D8012012E03068D8
:10B8D000FEF786F950B93468FEF7DCFB0134B4FB9F
:10B8E000F0F303FB104401353460EAE7FFF79EFFF5
:10B8F0000028F0D170BD00BFC81A002010B5044662
:10B90000837903441B7B3A2B96BF044AFF21D15C09
:10B9100021F0A5FBA0790C30204410BD40E30300CA
:10B920002DE9F34105460C46019119F06BFD8306A4
:10B9300005D501A821F0BCFB02B0BDE8F081019F54
:10B94000BE790C36BB5D3A2B18D8164A12F8038024
:10B95000B8F1FF0F12D0384621F016FC01384045EF
:10B960000CD1114B1E6896B921462846A379234471
:10B970001A7B02B0BDE8F0411BF09EB8019821F09F
:10B9800097FB2846BA5D01991BF096F8D4E77368D7
:10B990000BB93668E7E72146284698470028F8D0D3
:10B9A000CAE700BF40E30300CC1A002037B50446C5
:10B9B0000D46202119F028FD2946204619F091FD59
:10B9C000214601201BF01FF9214600201BF01BF926
:10B9D000012000232146034A00901BF0A5F803B084
:10B9E00030BD00BF9169030073B50C46164605468D
:10B9F0001BF07BFA80F001002946C0B219F0F9FC77
:10BA0000C368012C9A7907D032462146284602B0F5
:10BA1000BDE870401BF06FBA13441022DB8A294640
:10BA200000920020024A1BF07FF8204602B070BD51
:10BA3000F76E030037B504461BF0A1FA0321204638
:10BA400019F000FD0025034621460120034A009518
:10BA50001BF06AF8284603B030BD00BFDD6D03005F
:10BA60002DE9F347074602200E4621F0B4FC0546B7
:10BA700000284BD0B37900210C333344B3F8048051
:10BA8000B3F806A0B3F808901AF0CCFF2846FFF7E9
:10BA900035FF02210446384619F0D4FCA4F804808E
:10BAA0006081A4F806A0A4F808901BF06FFE08F1CE
:10BAB0000108B0FBF8F303FB1800022360806370F9
:10BAC000AB79B371EA7903F10C00F271D21AD2B2F8
:10BAD0002918304420F076FF3946012019F089FCFE
:10BAE0001022C6606389394601200092084A1BF083
:10BAF0001BF84FF48031384619F086FC3846294649
:10BB00001AF08EFF002002B0BDE8F0870720FAE7A8
:10BB1000F76E03002DE9F34104460D46014601206E
:10BB200019F067FC0121074628461AF07BFF2846DA
:10BB3000FFF7E4FE064600F10108404603F092FBE1
:10BB4000D6F801300221C7F8123073792046BB7550
:10BB500019F078FC29460746F08020461AF060FF6D
:10BB600020232146009301203B46034A1AF0DCFFC4
:10BB7000002002B0BDE8F081C36E03007FB504462B
:10BB80000D460146012019F034FC50E8003F43F413
:10BB9000806340E80036002EF7D120461BF0A5F95F
:10BBA000D8B3204619F036FC430715D53346324644
:10BBB00020460DF10F0119F0BBFE9DF80F30062B4A
:10BBC0000AD8284615F050FF012200232046FEF730
:10BBD000C5FC002004B070BD0E2128461AF022FFDB
:10BBE0002846FFF78BFE0646FFF7AEFDC6F80510A8
:10BBF000FFF7AAFD2946C6F8010020461AF010FFFB
:10BC00000321204619F01EFC002203460092214623
:10BC10000120034A1AF088FFDBE70821DDE700BFB7
:10BC2000E16D030010B5054C054A204605491BF09F
:10BC3000C6F82046BDE81040FFF7E8BDD01A002046
:10BC4000BD6F0300B1BD0100F7B58B7904460C331D
:10BC5000CE18CB5C0D46023B0F2B00F2A080DFE834
:10BC600003F0089E9E9E9E739E829E9E2C689E9EC2
:10BC70009E4F16F047FC71780746204619F031FCBC
:10BC80002021204619F0C0FB214601201AF0BBFFFD
:10BC9000214600201AF0B7FF01230093002321461C
:10BCA0001846404A1AF040FF284615F0DDFE384697
:10BCB00016F02EFC012003B0F0BDB38872887178B5
:10BCC00019F01CFE204619F0A5FB830708D429466D
:10BCD00020461BF054F9012120461AF08BFEE9E7BB
:10BCE0002146012019F085FB2F4B82689A4203D12F
:10BCF000214601201AF057FF284615F0B5FEEAE765
:10BD000077780846B67815F0AFFE162F05D1324683
:10BD1000032120461BF043FBCCE72146012019F00C
:10BD200068FB8368002BC5D0324603212046984724
:10BD3000C0E70146012019F05CFB074628467678EB
:10BD400015F092FEBB68EDE70146012019F051FBAA
:10BD500007462846767815F087FEBB68002BA9D0E9
:10BD600032460421E2E70146012019F042FB0F4B65
:10BD700082689A4203D0284615F076FE9AE7D6F8F4
:10BD80000120D6F805302046FEF7E8FB284615F0DE
:10BD90006BFE214601201AF006FF02219CE70020DD
:10BDA00089E700BF736F0300DD6D0300E16D0300E1
:10BDB0002DE9F3410C4605461BF097F8A3790028BE
:10BDC0006BD00C3314F80380E618B8F1010F41D0A2
:10BDD000B8F1080F39D0B8F1000F51D17189284658
:10BDE0001AF090FEB188738872788B4294BF074630
:10BDF000002709290B4638BF0923013B9BB29A4211
:10BE00000FD8002A08BF00270846F38832891AF0A5
:10BE100098FD40B9204615F027FE012002B0BDE88C
:10BE2000F0814746F0E7002FF4D02946002019F0B2
:10BE3000E0FA1022C46073890092013B1B4A9BB256
:10BE4000294600201AF070FEE7E7214628461AF03E
:10BE5000EAFFE2E72846F1881AF054FE0746701C14
:10BE60001BF056FD0028D5D0002FD3D02946002046
:10BE700019F0BFFA2023C4600093F3880C4ADFE76F
:10BE8000214628461BF078FB0028C6D121462846CB
:10BE900002B0BDE8F041FFF7D7BE23441B7B0E2B59
:10BEA000D3D0214628461BF056FBEDE7E9B9010047
:10BEB0007B6E030038B504460D4619F0ABFA420715
:10BEC0000BD4204619F0A6FA830706D4294620464B
:10BED000BDE83840034A1AF007BF284615F0C4FDF4
:10BEE000002038BD35BA010038B504460D4619F0BA
:10BEF00089FA00F0180010280CD1204619F08AFAAF
:10BF000010F4C02F06D129462046BDE83840044A27
:10BF10001AF0EABE284615F0A7FD0C2038BD00BF78
:10BF200061BA0100014A1AF0DFBE00BF15BB010073
:10BF300070B505460C460146012019F05AFA06462E
:10BF4000284619F067FA020704D5204615F08CFD43
:10BF5000002070BD33685B05F7D428461AF0C5FF92
:10BF600040B121462846FFF7A5FF18B921F033FA62
:10BF7000044630B121462846BDE87040024A1AF016
:10BF8000B3BE0720E5E700BF7DBB010073B50446E3
:10BF90000E4619F037FA00F0300010284FF002007A
:10BFA00031D121F018FA054678B34379022143F0E4
:10BFB000020343711AF036FD2846FFF79FFC29461D
:10BFC000467020461AF02CFD1621204619F089FAF9
:10BFD0002021204619F018FA214601201AF013FEFC
:10BFE000214600201AF00FFE20461AF0B2FE012171
:10BFF000204619F027FA0346012021460090044A02
:10C000001AF092FD002002B070BD0720FBE700BFD0
:10C010000B6E03002DE9F04387B004460E4619F07D
:10C02000F9F900F4C060B0F5C06F06D1022021F02C
:10C03000D2F9054610B9072054E000252146012019
:10C0400019F0D7F9814696F8068000F1120208F13E
:10C050000C08B04408F10F0308F11F0153F8040B5A
:10C060008B4242F8040BF9D1032130461AF0DAFC76
:10C070003046FFF743FC0A22074608F1050101306C
:10C0800020F051FC0C210DEB010003F04BF803AB49
:10C0900003CBC7F80B00C7F80F10059B07F10B0285
:10C0A000C7F813300DB30A2128461AF0BBFC284606
:10C0B000FFF724FC294620461AF0B2FC4FF48071A9
:10C0C0002046C9F80C6019F09FF90321204619F0A9
:10C0D000B9F900250346214601200C4A00951AF0C3
:10C0E00023FD284607B0BDE8F083204607F113037F
:10C0F000012119F0B2FD204631461AF091FC20468C
:10C10000C9F80C5019F0C5FDDFE700BFFF6F030051
:10C11000F0B589B00D4604461AF06BFFAB790028E4
:10C1200000F0A3800C33EA18EB5C033B082B00F211
:10C130003881DFE813F0090036013601840036014A
:10C14000360136015D007E00D2F80100D2F80510FC
:10C1500003ABB2F8097003C302F1130301210B32E0
:10C16000204619F07AFD042128461AF05BFC284687
:10C17000FFF7C4FB06460C2105A802F0D3FF05AB70
:10C1800003CB3346C6F80100C6F80510079A002114
:10C1900043F8092F2046721C19F05FFD214600204C
:10C1A00019F027F9034603AA478303CAC3F812000C
:10C1B000C3F8161020460821FDF73CFD4FF400712E
:10C1C000204619F021F9204619F063FD2946204642
:10C1D0001AF026FC0321204619F034F9034600200A
:10C1E0002146714A00901AF09FFC012009B0F0BD71
:10C1F0000B2128461AF016FC2846FFF77FFB29463C
:10C2000020461AF00DFC16F07DF905464FF44071FA
:10C21000204619F0F9F84FF48051204619F0FCF847
:10C22000284616F075F94FF48061204619F0F7F8AA
:10C23000DBE7284615F018FC4FF40071F5E70621FE
:10C2400028461AF0EFFB2846FFF758FB204619F066
:10C2500080FB294620461AF0E3FB204619F03FFDFB
:10C26000214600201AF09FFCBFE72B441B7B043BB8
:10C27000072BBBD801A252F823F000BF9DC20100DA
:10C28000C3C2010025C30100EDC10100EDC10100E1
:10C29000EDC10100EDC101003BC3010020464FF498
:10C2A000007119F0B1F8AA7920460C322A4402F143
:10C2B00009030021013219F0D0FC284615F0D4FB07
:10C2C00093E74FF48060FFF7E5F9B0B100274FF432
:10C2D0000061204619F098F82046CDE90577FDF772
:10C2E00093FC0646204619F08BF839460346009524
:10C2F00005AAB0B21AF024FA77E72146012019F016
:10C3000078F800F11201204619F0FEFC06212846BB
:10C310001AF088FB2846FFF7F1FA294620461AF062
:10C320007FFB62E7284615F09FFB214601201AF0AB
:10C330006AFC204619F0D3FC57E716F0E3F80646EE
:10C340004FF40071204619F05FF84FF480512046F9
:10C3500019F062F8304616F0DBF84FF4C061204661
:10C3600019F05DF8294620461AF05AFB21460120B3
:10C3700019F03FF8C268054682B1937901210C3368
:10C380001A4402F1130320460B3219F066FC2046D2
:10C3900019F07FFC2046E9681AF042FB0023EB60AD
:10C3A00023E7002022E700BFFF6F030010B5074C12
:10C3B0000749204600221AF002FD2046FFF726FA20
:10C3C000BDE8104001200021FFF76AB9DC1A002007
:10C3D00011C1010038B505460C4619F013F800F0FC
:10C3E0001800102806D121462846BDE83840044AE6
:10C3F0001AF07ABC204615F037FB0C2038BD00BF80
:10C4000015C0010038B50C468B7905460C3319442C
:10C41000E35C142B03D0152B0FD0002038BD013165
:10C420001AF0BFFE1521284622461AF002FF2146C7
:10C4300028461AF0F5FA0120F0E70146012018F02D
:10C44000D8FF0B4B82689A4203D0204615F00CFBB4
:10C45000F1E7A179284621440D311AF0A2FE2046C9
:10C4600015F002FB294601201AF09DFBE3E700BF0F
:10C470008772030037B504460D460A4614211AF0A8
:10C48000D8FE294620461AF0CBFA0321204618F0A0
:10C49000D9FF30220346009221460120024A1AF0B9
:10C4A00043FB002003B030BD8772030010B5074C7A
:10C4B00007492046074A1AF082FC2046FFF7A6F9F2
:10C4C000BDE8104020200021FFF7EAB8E81A00205C
:10C4D00005C401008B72030073B51E46ADF8002041
:10C4E0008DF80230009B044601A801930D461146C9
:10C4F0001AF041FE9DF80630B34203D1BDF8043076
:10C500008B4205D0284615F0AFFA122002B070BD5C
:10C51000204619F0BCF89DF80230827A9A4209D17F
:10C520008288BDF800309A4204D1284615F09CFA62
:10C530000020EBE76946204619F065FB29462046B6
:10C54000014A1AF0D1FBE1E775C401002DE9F04181
:10C5500016461A4307460C461D46BDF8188005D1FD
:10C560002046BDE8F04111461AF0E2BE41462046A1
:10C570001AF0B4FA78B12146384618F03AFF402351
:10C580008674C5742146069338464346BDE8F0419B
:10C59000024A1AF0C9BABDE8F08100BFE97303008E
:10C5A000F7B505460E460146012018F022FF036844
:10C5B00013F0F00F03D0294601201AF024FB28467F
:10C5C00019F0CCF9B3790C3333445F789B781F4072
:10C5D0000378C3F3030000EA131038401AF082FE18
:10C5E000044668B928461AF086FE38401AF07AFEEA
:10C5F000044628B9284619F0B4F900F0E9FE0446CB
:10C600002846002119F045F8172130461AF00AFA99
:10C610003046FFF773F931464470847028461AF0AB
:10C62000FFF90321284618F00DFF4022034600922F
:10C6300029460020024A1AF077FA03B0F0BD00BF85
:10C640009F73030008B581B2074819F00BFC012065
:10C6500000F002FD30B9054A536919075CBF43F089
:10C660000403536108BD00BFFC1A0020F41A002027
:10C6700001238340DB43064901F1240252E8002FE5
:10C680001A4001F1240C4CE800200028F4D1704736
:10C69000F41A00200123074A03FA00F002F12403F0
:10C6A00053E8003F034302F1240C4CE80031002919
:10C6B000F4D17047F41A0020044A4FF08040536AC6
:10C6C00043F40023536203F001BF00BFF41A0020BB
:10C6D00038B50E4D044601F0DFFAE86B18B115F0DD
:10C6E000C3F90023EB6302F063FF0948FEF714FC73
:10C6F000AB6B0BB1FFF7E0FF2146044800F004FDEF
:10C70000BDE83840034820F0D3BC00BFF41A002035
:10C71000FC1A0020141B0020034B586A10F005007F
:10C7200001D1FFF7D5BF7047F41A002038B54FF09C
:10C7300010131D4C0122E3624FF4E063238647F699
:10C74000FF730025A4F8603094F86730656262F3E7
:10C75000030384F86730154A154BC4E91632FEF717
:10C76000F9FF4FF48073A4F84830124B84F8560058
:10C77000E361114B65611A6829461378527804F118
:10C78000080013445B106376A4F8BC50A4F8B450BE
:10C7900019F068FB294604F1940019F063FBBDE829
:10C7A00038401BF0C7B800BFF41A0020555555009B
:10C7B000D6BE898E83760300C41A00202DE9F0418D
:10C7C0001C4C9846636A0F46DB0715469DF81C60B3
:10C7D0002ED448B30120FFF75DFF626A9DF8183040
:10C7E00022F4C07242EAC312052E626284F85460D9
:10C7F00007D101F0DDFE50B96D00ADB2BD4228BFDA
:10C800003D4694F854001AF032FF00F00F06012064
:10C8100094F86730A78566F3030384F86730E585ED
:10C8200084F83080BDE8F0810120FFF721FFD4E7D4
:10C830000020F7E7F41A0020024B586AC0F380008A
:10C84000704700BFF41A002010B51D4CFFF7F4FF2D
:10C85000636A13F0010313D1A8B994F8663094F811
:10C860003110253BDBB20133DBB2032B28BF0023A1
:10C8700041FA03F2D207F6D5253384F8663018E082
:10C8800094F8543010B194F85520134303F0050385
:10C89000052BE2D101F08CFE0028DED194F8673040
:10C8A00003F00F02012A05D1032262F3030384F887
:10C8B000673010BD012262F3030384F86730CCE7D0
:10C8C000F41A0020024B586A00F00100704700BFC4
:10C8D000F41A0020F8B52C4C18B1636943F010032A
:10C8E00063611AF08FFF40F27121E28DE66C151F33
:10C8F0004D43AE42236DA78D18D2A3F5967301FB6D
:10C900000733E768181A23893B4483420EDA514300
:10C910006369891B43F0100363618142D4BF2161C5
:10C9200020611948BDE8F84000F0A0BB40F2712733
:10C930007A43A2F5AF722261FFF786FF236DA28DC5
:10C94000AE4207FB0233636023654FF00003E364EC
:10C950000E4B0CD31A68616A137B4907617E4CBF8A
:10C96000927912780B4493420CDC6376D9E7626AC1
:10C970001B685207197B4CBFDA795A78637E5B1AC1
:10C980009342F2DA6276CCE7F41A0020C41A00204F
:10C9900038B51A4C0546636923F01003636101F052
:10C9A0007BF9B4F8BC302BB9A36813F4601F08BF3F
:10C9B000A4F8BC300121114800F0A6FB104BE36144
:10C9C000636A5A0405D485F00100BDE83840FFF7DA
:10C9D00081BFA26A6168521A002AF4DA23F00103C7
:10C9E00043F400436362FFF797FE4FF0804003F08B
:10C9F0006DFDFFF721FF0028E5D138BDF41A0020B6
:10CA00008376030008B5FFF717FFB0B10B4B586AE8
:10CA100020F0040210F001005A6203D1BDE8084082
:10CA2000FFF756BE01F038F902F0C2FDFFF744FEF1
:10CA3000BDE808400020FFF7ABBF08BDF41A002096
:10CA400038B505460D4C80B10320FFF711FE0023D9
:10CA500084F845300123A4F846300420FFF708FE8F
:10CA6000BDE838401020FFF703BE0520FFF700FEA9
:10CA7000012384F8B650A4F8B830EEE7F41A002089
:10CA800070B53B4C1646636A03F0010270B95AB1A7
:10CA900015F038FD636A054623F001036362FFF772
:10CAA0003BFE284615F034FD002070BD002AFBD166
:10CAB0009B0704D5E36BBBB10120FFF7C1FF94F8DE
:10CAC000303003F0FD03012B16D015F01BFD054699
:10CAD000C6B10E20FFF7DEFD1AF094FE42F210738D
:10CAE00003FB0600A06210E0022020F074FCE0636B
:10CAF0000028E1D10720D8E7FEF72EFD0028E4D179
:10CB00001220D2E70E20FFF7B3FD0020FFF7C2FD91
:10CB1000636A13F00403C4D140F27122E364E38D2D
:10CB2000E260023B534323611AF030FE0323B0FB63
:10CB3000F3F303EB4303C31A253384F86630FFF79E
:10CB400083FE1AF05FFE60602065B4F8BC00002828
:10CB500008BFF520FFF776FD064B05481A681378E5
:10CB6000527813445B10637600F080FA99E700BFB7
:10CB7000F41A0020C41A0020274B70B55A6A0D46DB
:10CB800009B3160747D503F1450603F1460428B358
:10CB9000D1061FD52388012B1CD95B0804202380D4
:10CBA000FFF766FD1020FFF763FD1AF0EFFD238805
:10CBB000B0FBF3F202FB1300307055B30320BDE865
:10CBC0007040FFF755BD940625D503F1B60603F175
:10CBD000B804DCE70420FFF75DFDE3E7D20314D5DA
:10CBE000B3F84610B3F8482091420ED222881020A4
:10CBF000520092B22280B3F84830934228BF1346C5
:10CC00002380FFF735FD0420CDE71020FFF742FD1C
:10CC1000F9E70520D3E770BDF41A00202DE9F04FA5
:10CC20004FF0000B304C89B0A66B636BB779C4E949
:10CC30000DBB0C37F51901936B6A90468246894605
:10CC4000039301F04FFEF35D05F108073946C3F386
:10CC5000C01306A88DF8183017F0EEFFFF238DF8EB
:10CC60001930636A01A8C3F380230E358DF81A309A
:10CC7000CDE904578DF808B08DF81BA08DF81C90F5
:10CC80008DF81D80FDF726FB304614F0EDFE636A3B
:10CC900023F02402DB07626205D40120FFF718FDB0
:10CCA00009B0BDE8F08F114B94F854501A68052D67
:10CCB0001378527813444FEA630363760FD094F8E5
:10CCC00054001AF0D4FC00F00F0594F867300120EE
:10CCD00065F3030384F86730FFF75AFEE0E701F0DD
:10CCE00067FC0028EBD0F0E7F41A0020C41A0020FB
:10CCF00070B58AB005466B46484AAC7910685168F1
:10CD0000127A03C30C3408201A702C44FEF7C2FCBC
:10CD100020B101222846A11D20F0ADF90021A37900
:10CD2000CDF821108DF80F30A37AADF8251003F05F
:10CD30000F0303F128026A4412F8282C8DF8201002
:10CD4000ADF81020062B08D8DFE803F0044F0707E2
:10CD50005F074B000D20FFF79DFCA37A0DF1130137
:10CD6000C3F380138DF81230E3680DF11200CDF893
:10CD70001330238A09AEADF8173000231A4617F096
:10CD800042FFE3791C218DF819304FF47F43ADF851
:10CD90001A307F238DF81C30637928468DF81D30BA
:10CDA0000023ADF81E30AB7903AC1233AB7120F029
:10CDB000BFF9AB792B440C33224603CAB242186048
:10CDC0005960144603F10803F6D11068294618602B
:10CDD000134820F03BFA4FF0804003F077FB0AB095
:10CDE00070BD0D20FFF744FCB7E7D4F81230CDF842
:10CDF0002130E38AADF82530EB79063BEB71A37A5D
:10CE0000C3F3C0138DF82030A7E7064B5B6A9B0481
:10CE100044BF42F00102ADF810209EE77BE303001F
:10CE2000141B0020F41A002070B583790C33C41849
:10CE30002379DA0702D44FF0FF3070BDA37AE27A8B
:10CE400003F00F05082DF6D8062D01D92846F4E782
:10CE5000911F1F29EFD8012D1FD10C2AEBD1244E91
:10CE6000736A13F0060F01D1DB05EFD417F0DAFE79
:10CE700020B917F0CEFE0028E8D1DCE7A37A96F8B7
:10CE80003020C3F3C010B2EBD31FD4D104F1120190
:10CE900000F00100FEF710FBEDE7042DD6D1144998
:10CEA000144A486A0240002AC5D0C96B0029CDD077
:10CEB0008A79C3F380130C3288188A5CB3EBD21FD3
:10CEC00008D017F0AFFE0028C0D117F097FE002859
:10CED000BCDBB0E704F10C01062208301FF013FDA3
:10CEE000044617F09FFE0028B0D1002CAED0ECE72E
:10CEF000F41A002008000400F0B5244C87B0606BE1
:10CF000000B3A76BBE79FCF77FFE0223FF210C362E
:10CF1000BA5DCDE90431BD1995F8233000215B09D4
:10CF20000393AB8BD20902936B8B80B201932B8B53
:10CF3000009305F1080319F019FB606BFDF70CF97C
:10CF400000236363A06B14F08FFD0023A363636A67
:10CF500023F00402DB0762620CD594F85450052DCF
:10CF60000AD101F025FB38B194F8673065F303036B
:10CF700084F8673007B0F0BD94F854001AF077FBDE
:10CF800094F8673060F30303F2E700BFF41A00205F
:10CF900013B5154C15F0B6FA236A019300232362EA
:10CFA00015F0B6FA019BA3B9636A1A0406D518F006
:10CFB000D4FFA0B1636A23F400436362636A1B0376
:10CFC00005D5FFF799FF636A23F40023636202B07B
:10CFD00010BD01A820F08AF819F02AF8E2E74FF016
:10CFE000804003F073FAE9E7F41A002010B5074C0B
:10CFF0002368DA0607D523F01003236018B901204F
:10D00000A16817F0D2FD0023A36010BDB41B00205F
:10D01000014610B50446022017F0C7FD054B1B68FA
:10D02000D90305D463691A075CBF43F00403636145
:10D0300010BD00BFB41B0020014BD868DC3870471E
:10D04000B41B0020034B10B5DC681AF0DBFBDC3CA2
:10D05000201A10BDB41B0020034B1B6813EA0043C9
:10D0600014BF012000207047B41B002038B50023F6
:10D0700003604369044658070DD5204650F8081F41
:10D08000C90C01F4FC7141F00501FDF7F3FE636981
:10D0900023F0040363616369D90602D51AF0B2FB79
:10D0A00060601848024652F8043F8BB92360146050
:10D0B00083684BB1617E5A7E914219D26269D20671
:10D0C0000ED50020FFF792FFBDE8384019F021BCD3
:10D0D00059686568491B0029E8DA1A461B68E4E7C5
:10D0E0005A681B69134462689B1A002BECDBE8E763
:10D0F0001A895B68D31A62681344E268D342E3D5A5
:10D10000DFE700BFB41B002038B504460A4D0846CF
:10D11000AB68A34201D1FFF769FF6B68074A1BB1F7
:10D12000A342196804D11160BDE8384019F0F1BB81
:10D130001A460B46F3E700BFB41B0020B81B0020C3
:10D140002DE9F047754D2B685B0700F1AF80AB68A8
:10D15000002B40F0AB8055E8003F43F0040345E866
:10D160000032002AF7D16C689CB11AF04BFBD4E96D
:10D17000043717F0100F0646A26819D010FA82F291
:10D1800062602068D4F8048038BBDC334344C5E9CE
:10D19000024355E8003F23F0040345E80037002F21
:10D1A000F7D1AC68002C74D1BDE8F04701F006BCA3
:10D1B000606892B2811AFF07A1EB060109D4002929
:10D1C000DFDAE768DF1BCF4205D432441844831A04
:10D1D000D6E70029D5DA20464FE041690289CF061B
:10D1E000D0F804E048BF06EB020EAEEB020211F0ED
:10D1F000010C11BF1146D0E90371C91B891808EB56
:10D2000003077F1A002F28DDBB4205D9E768A1EB91
:10D210000801DC378F423AD9D4F814A01AF0010F74
:10D220001DD12169D0F80C9027894144A1EB090157
:10D23000C91BE768A1EB0E01DC37B9420FDD971B74
:10D24000BCF1000F03D10169A1EB09010F44002FCC
:10D2500005DB4B46C0F804E00446006892E7477ED1
:10D26000617E8F42F9D2921BBCF1000F03D1D0E94D
:10D2700003135B1A1A44002A02DAFFF7C9FE72E7A9
:10D280001AF0100FA7D0C368C0F804E0E4E70B461B
:10D29000E3E7A36813F4601FC3F3C24008D121463B
:10D2A0002B6843F010032B6017F07FFCBDE8F0877C
:10D2B00004F108063046FDF7EBFD2B68214643F0EC
:10D2C00010032B60F8B917F070FCA36813F4601F0B
:10D2D0004FEAD341C3F3C24517D0013DEDB201F48B
:10D2E000FC7130462943FDF7C5FD03213046FDF7AB
:10D2F0002DFE75B1A268237E1344120C9BB212045A
:10D300001343A360D2E73846CEE703213046FDF74A
:10D310001DFE3046FDF700FEECE700BFB41B002009
:10D3200008B5034B996809B117F03FFC08BD00BF71
:10D33000B41B0020014B9868704700BFB41B00204D
:10D340000A4B70B59C6884420FD12146012017F02A
:10D350002CFC666825891AF055FAAD1BC54221469A
:10D360004CBF0020022017F020FC70BDB41B002031
:10D3700010B50024034BC3E90044F4F7B5FF204681
:10D3800010BD00BFC41B0020064B10B51B680C4627
:10D3900010B102F05BFE034618795B8804FB003095
:10D3A00010BD00BFC41B0020084B10B51B680C4605
:10D3B00010B102F04BFE03465A88A2423DBF1B79D2
:10D3C000A41AB4FBF3F0002010BD00BFC41B002062
:10D3D0000138C0B203289ABF014B185C0020704787
:10D3E00085E303008BB200294FF00A01B4BF053B6F
:10D3F00005331BB293FBF1F3014A908093717047A0
:10D40000C41B0020024B9B79C01A40B2704700BF7A
:10D41000C41B0020024B9B88C01A00B2704700BF9B
:10D42000C41B0020054B1B681B6A13F0100003D0BF
:10D4300013F0030018BF0120704700BFCC1B002071
:10D440002DE9F34100264FF0FF31044601A8019673
:10D4500001F0D0F8019949B12046FCF7EFFA032812
:10D4600006D005282FD001A81FF022FE012023E0BE
:10D470001B4D1C4801F05EFC2B683046597E01F0C4
:10D4800029FC2F68184E786BD6F808801FF07CFEB8
:10D4900041460246384617F084FE2B68B0685B6B45
:10D4A000036001F0C9FB2B681B6ADB0407D520462B
:10D4B000019917F041FE002002B0BDE8F08101A8FB
:10D4C0001FF0F6FDF7E7019801F04AF920460199AF
:10D4D00017F0E7FD0028C9D0304601F02BFCEAE741
:10D4E000CC1B0020BDD60100F018002038B526491D
:10D4F00004460B7D4A7D0133DBB2B3EB921F0B7503
:10D5000003D3032300200B7538BD016AC9022ED551
:10D51000032390F88220243A92FBF3F303EB4303B6
:10D52000D21A2532D2B2B4F8481094F8833011F0F0
:10D530001001B4F9620084F8822003F00F031CD1BB
:10D540001AF0CFF904F17405014628461AF06AF979
:10D55000284601F07FFA00221146104617F027FBFB
:10D5600094F8820000211AF0BBF90120CCE75B009F
:10D570001A4102F003022532D5E70246194600207F
:10D5800001F0D8FCDEE700BFF01800201F4B2DE9AA
:10D59000F04104461860006B1FF0F6FD014620467E
:10D5A000FCF7DCF9B4F84830194E03F01403142BDF
:10D5B0000CBF0022226BB36820461A60FFF796FF6B
:10D5C000FFF730FF134B051E134808BF184601F044
:10D5D000B1FB6369676803F010081AF013F96D0076
:10D5E0000346627EE8B2B8F1000F03D1FF1AB7F527
:10D5F0009B7F07D5114601F04BFBB068BDE8F041B9
:10D6000001F01ABB61681AF003F9F6E7CC1B0020A1
:10D61000F0180020A9D60100F9D6010070B5054622
:10D62000FFF700FF104B041E104808BF184601F01A
:10D6300081FB2846FFF75AFF0D4E054660B133685F
:10D640006000597E00F0FE0001F022FBBDE8704052
:10D65000084B986801F0F0BA01F06CFB294630687D
:10D66000BDE87040FBF7BABEA9D60100F9D60100AB
:10D67000CC1B0020F0180020034610B5094C052BE8
:10D6800020680AD0062B0CD1002001F053FB206843
:10D690000121BDE81040FBF7A1BEBDE81040FFF737
:10D6A000BDBF10BDCC1B0020032803D1024B18685E
:10D6B000FFF7B4BFFFF7E0BFCC1B00200C4B0328E3
:10D6C00010B51C680FD1206B1FF05EFD014620468F
:10D6D000FCF744F9074B226B9B682046BDE81040DD
:10D6E0001A60FFF79BBFBDE81040FFF7C5BF00BF42
:10D6F000CC1B0020F01800200E4A032810B5146837
:10D7000005D0042809D0BDE81040FFF7B5BF617E01
:10D710000120BDE8104001F079BA2046FFF790FEE5
:10D7200030B101F0DFF82046BDE81040FFF776BFCA
:10D7300010BD00BFCC1B002038B50D4604460020AC
:10D7400001F0F8FA01F0CEF829462046FCF790FAED
:10D750000022014B1A6038BDD01B00200123074A6C
:10D7600003FA00F002F1140353E8003F034302F10F
:10D77000140C4CE800310029F4D17047081900203E
:10D78000F8B5244F05467B690C4613F4C07F03D0DF
:10D7900099063BD401200CE039B15A0705D4D5F8DD
:10D7A000A43013B90820FFF7D9FF7B699B0601D588
:10D7B0000020F8BD7B7FAE6A022B06F0080604D974
:10D7C00016B114B90220F4E7E4B995F8921095F86F
:10D7D0003701063100F00F00FFF7D6FD85B20EB914
:10D7E00004B16D00FFF72EFCA8420DDB7B6913F03E
:10D7F0001C0FDDD11EB1002CDAD10520D9E7002C99
:10D80000FBD1D5E70320D4E70420D2E7002CCFD00A
:10D81000C3E700BF0819002038B50446114D4FF486
:10D8200080616B69283043F400736B6119F0A5FFC8
:10D830000121204617F0F3FD00212046FFF7A0FF4D
:10D84000014620B12046BDE83840FFF775BF686942
:10D85000617E80F48070C0F30020BDE8384001F0A4
:10D86000D5B900BF0819002038B504460B4B186025
:10D8700000F5947001F0EEF82046FCF7C5F9C4B24B
:10D88000204617F0A0F90546204617F09EF92946D4
:10D890000246022017F08BF938BD00BFD01B0020D4
:10D8A00008B5002001F046FA01F01CF80022014BF7
:10D8B0001A6008BDD01B002010B50446FFF7D4FF46
:10D8C000064801F037FA6168226C637E1120BDE8DA
:10D8D000104001EB920201F04BB900BFA9DB01003F
:10D8E0003F4B37B51C680023A26A01935005D4F85A
:10D8F000A03012D504F1A40001931FF0F7FBC4F887
:10D90000A00050B194F846314FF48061013B84F897
:10D91000463104F1280019F030FFD4F8A0500DB9B9
:10D92000304B9D6894F94631022B0DDCD4F8A830B9
:10D9300013B1A36AD90502D5D4F8AC3023B14FF4A2
:10D9400080512046FCF776F9D4F8A410A36A002988
:10D9500014BF01210021AA794FEA830302F10C02CE
:10D9600003F00C0343EA0113A95C21F01C0143EA14
:10D970000103AB540DD11B4A02F1140353E8003FDD
:10D9800023F0080302F1140040E800310029F3D12C
:10D9900002E00320FFF7E2FE284601F04DF9019B6B
:10D9A00053B15B7903F00A03082B02D12046FCF740
:10D9B00045FC01A81FF07CFB6B799A070ED5A36A82
:10D9C0001B040BD50820FFF7C9FE4FF4004104F1FA
:10D9D000280003B0BDE8304019F0CFBE03B030BD21
:10D9E000D01B00200819002000232DE9F04385B04A
:10D9F0000446032103A8039300F0FCFD039D35B901
:10DA0000F4212046FFF798FE05B0BDE8F083AB791E
:10DA1000644F0C331D442A797B69D6074ED4DD064A
:10DA20004CBF07200420FFF799FE00260121204665
:10DA3000FFF7A6FE054650B97869617E80F48070D4
:10DA4000C0F30020400001F045F9FFF749FF0398BB
:10DA500000F086FEDDF80C807A6998F806305106F1
:10DA600003F10C0308EB030915D458F80330062022
:10DA70003B61FFF773FEA36A1A060CD404F1280277
:10DA800052E8003F43F0800342E800310029F7D11B
:10DA90000120FFF763FE4946204617F0C6FC99F8BF
:10DAA0000430DB077BD5002E52D11DB1294620461C
:10DAB000FFF742FE03A800F077FCA5E7012023F062
:10DAC00010037B61FFF74AFEAE7AF0062FD50220E5
:10DAD000FFF744FEA36AAA7A83F00203C2F380022E
:10DAE000C3F340039A422FD14FF4006104F12800A0
:10DAF00019F043FE50E8002F42F4806240E8002312
:10DB0000002BF7D1A26A82F00202A2627B77AA7A86
:10DB1000A36AC2F3C00203F001018A4285D183F0F7
:10DB2000010316F0030618BF0126A3627EE707F182
:10DB3000140353E8003F23F0040307F1140141E804
:10DB40000032002AF3D1C5E77B7F0133DBB2DDE78A
:10DB50002046FCF759F8C0B217F035F806462046C3
:10DB6000FCF752F8CDF80480A38F82B200933146BF
:10DB70000023022017F023F84FF0FF3103A800F034
:10DB800039FD03998B790B44DB7D002B8DD020462A
:10DB9000FCF772FB002D3FF437AF294631E7002E2A
:10DBA00083D0E9E70819002008B50346114A042B81
:10DBB00010680BD002D8032B18D008BD053B012BF1
:10DBC000FBD8BDE80840F121FFF7B6BDFFF70CFF19
:10DBD000094A02F1140353E8003F23F0200302F145
:10DBE000140040E800310029F3D1E6E7BDE8084021
:10DBF000FFF712BED01B002008190020164B033877
:10DC000010B51C68032818D8DFE800F00702181EBA
:10DC10002046BDE81040FFF7E7BE2046FFF7FCFDB9
:10DC20000E4A02F1140353E8003F23F0200302F1EF
:10DC3000140040E800310029F3D110BDF121204645
:10DC4000BDE81040FFF778BD4FF4806104F1280073
:10DC500019F093FDF221F2E7D01B002008190020F3
:10DC600010B50446FFF700FE054801F063F8FFF722
:10DC700037FE627E61680220BDE8104019F0C8BD21
:10DC8000FDDB0100034B5B6A13F0060F0CBFE220C3
:10DC9000F1207047F41A002008B5FFF74BFB054B45
:10DCA000834206D100F01EFEBDE80840002001F0CE
:10DCB00041B808BDF41A002070B51E4C1E4801F092
:10DCC00039F894F8673094F8662003F00F030021C8
:10DCD000C82019F006FE014604F1580019F0A2FD13
:10DCE00004F1580000F0B6FE00221146104616F06E
:10DCF0005EFF666819F086FD0246FFF7C3FFB61A9D
:10DD0000B6F5FA6F054609DCFFF796F9627EA0F5D5
:10DD1000AF712846BDE8704000F0C0BE6668FFF7EE
:10DD20008BF93146637EA0F5AF722846BDE870409E
:10DD300000F01EBFF41A0020A9E1010038B500F080
:10DD4000D1FDFFF77FF9B0F5967F0D4C0CDDFFF7A5
:10DD500099FF0546FFF770F9627EA0F5AF7128467E
:10DD6000BDE8384000F09ABE19F04CFDE36C6268E3
:10DD70009B1A0344E3640020BDE8384019F08EBCD0
:10DD8000F41A0020F7B5104C064694F845500F469B
:10DD90002DB10020013D84F8455003B0F0BD0B4B80
:10DDA00002201B68597800F095FF94F830303A460D
:10DDB000CDE9005331460323E06B19F0A0FCE06B82
:10DDC00000F03AFF0120E8E7F41A0020C41A00200E
:10DDD000094A02F1240353E8003F43F0080302F12B
:10DDE000240040E800310029F3D1044B01201B68D6
:10DDF000597800F00BBF00BFF41A0020C41A0020AD
:10DE00000289438940F271205B004343D0B25B1A20
:10DE10004343120AB3FBF2F3024A12681144581842
:10DE2000704700BFFC1D002030B58C1AE41A002C8E
:10DE300008DA124C551A64681D44B5FBF4F505FB6D
:10DE400004442144134440F2E242CB1AB3FBF2F300
:10DE50009BB242892BB940F27124530004FB031199
:10DE600013460132B3FBF2F402FB1432028140F29A
:10DE7000E2409B1A00FB131030BD00BFFC1D0020C8
:10DE80002DE97043064618469DF818308946144619
:10DE9000E3B9C31E012B8CBF022503252221FFF706
:10DEA00073FA40F27128154B6D005B6808FB05F5AD
:10DEB00081446BB121463046FFF7A2FF4A46014636
:10DEC000ABB23046BDE87043FFF7AEBF0125E5E7D2
:10DED000738934890133B4FBF3F203FB1244F37901
:10DEE00034815B00640008FB03F308FB04F404EBDB
:10DEF000530404EB09002844BDE87083FC1D002096
:10DF000070B50A4C636A5B070DD58B790C33CD185D
:10DF100050B9E879CE582989FFF736FA06442664C5
:10DF20006B7984F8443070BD0120F3E7F41A0020C7
:10DF30002DE9F04F16468DB0021E069108BF002154
:10DF40001F46954B05929D6B5B6AAC7938460C3445
:10DF50002A5DC3F3801A61F345122A55314603F056
:10DF60004002039216F060FE05EB04080790285D5E
:10DF700008F1080B5946C00916F056FE039B81466E
:10DF8000002B44D1002844D116F04CFE80F0010350
:10DF9000DBB252463146384603F0010319F050FC1B
:10DFA0000490002800F08A80039B002B33D1B9F144
:10DFB000000F75D1079B002B72D016F022FE0028AF
:10DFC0006ED001220AA90DF1270016F031FE0028BB
:10DFD00074D09DF827302A5D591E4B424B41B3EB5C
:10DFE000D21F6BD1062258460AA91EF08CFC0028CD
:10DFF00064D13368C8F80830B388ABF804302B5DBF
:10E0000067F3C7132B554FF00009CA4619E00123E7
:10E01000BFE7039BBDE7604B5B6A13F400791CD13B
:10E0200015F804A0CAF3801A484616F006FE3368B5
:10E03000C8F80830B388ABF804302B5D67F3C7131A
:10E040002B55059B544E002B3ED196F8B630002B35
:10E050003AD0013B86F8B63030E016F0CFFD00280C
:10E0600006DA15F804A04FF00009CAF3801ADBE7BE
:10E0700000221146104616F0D3FD15F804A0814683
:10E08000CAF3801A0028CFD0002302211A4608EBD9
:10E09000010019F00CFB2B5D60F386132B55C3E7D1
:10E0A0007A1E57422B5D5741B7EBD31F06D106228C
:10E0B000314658461EF027FC0028A4D000230493C4
:10E0C00004980DB0BDE8F08F19F09CFB074617F0DF
:10E0D0008CF9059B02463946009308F10E009DF825
:10E0E0005830FFF7CDFE2D4B059A07461B68A2B9A5
:10E0F0005978022000F0EEFDB06B00F09DFDB36B8F
:10E100009A7913441F63FFF715F9254BC361069BEA
:10E11000BBB9736A23F4806316E0D979002000F05C
:10E12000D9FDB06B00F088FDB36B1E489A7913449B
:10E130001F6300F0FFFD069BC3B9736A23F480637D
:10E1400017E0736A43F480637362039B9BB1B9F178
:10E15000000FB5D0002351461A4608F1020019F00D
:10E16000A6FA2B5D60F386132B55A9E7736A43F477
:10E1700080637362EBE72B5D0022C3F3C013594643
:10E180000AA88DF8283016F053FD2B5D9DF8282045
:10E1900062F3C7132B55DAE7F41A0020C41A0020E3
:10E1A00031FF010055E3010004282DE9FF471ED08F
:10E1B00005D8032800F0C08004B0BDE8F087431FF5
:10E1C000012BF9D805384FF0010118BF0120FEF7E7
:10E1D000D3FC19F017FB5D4AD36C51685B1A0344FA
:10E1E0000020D36404B0BDE8F04719F057BA00240A
:10E1F00003A84FF0FF31039400F0FCF9039858B1E5
:10E20000FEF712FE0828074603D8514B1E5C310763
:10E210000AD403A81EF04CFF4C4B5B6A13F0060FA8
:10E2200012D0FFF78BFD0FE00728039D13D1224684
:10E230002946464801F08AFA0028EDD001F078F925
:10E2400010B10120FEF746FB0121084604B0BDE8ED
:10E25000F047FEF791BCDFF8F480D8F8244014F0C2
:10E26000040410D016F002040DD00120AA790C325B
:10E270002A44917A0090C1F380130C32C1F340110B
:10E28000FFF756FE0446284600F06AFA29460120A8
:10E29000FFF736FED8F82430DA072DD503F0800AD0
:10E2A00095F8069016F0BEFC09F10C09A94480F01F
:10E2B000010399F80A00BAF1000218BF0122DBB28B
:10E2C00009F10C01C0F3801019F0BAFA60B12CBB4F
:10E2D000D8F8243028469B0733D5F40710D47307A9
:10E2E00031D5FEF705FD97E7BAF1000F04D151468D
:10E2F00016F0A0FC0028EAD0284613F0B5FB18E081
:10E3000019F0A4FB044648B1A8790C302844817A5E
:10E310000C30C1F38011FFF735FD0446042F03D103
:10E32000D8F824309907E7D57207E5D52846FEF7D7
:10E33000DFFC002C88D16FE704B0BDE8F047FFF7A1
:10E3400047BD042FCBD113F08FFB65E7F41A0020F3
:10E35000CAE30300032808B50BD1084800F0EAFC23
:10E360000122074B104693F94410BDE80840FEF720
:10E3700055BCBDE80840FFF717BF00BFA9E1010089
:10E38000F41A0020074B186840F20D1338B9002B1F
:10E39000C1BF45224433B3FBF2F0C0B270470068FE
:10E3A000453BF3E7300B00202DE9F041064614F021
:10E3B000A9F80746FFF7E6FF35460446286818B176
:10E3C0006CB928461EF074FE31680A481EF03EFF04
:10E3D000384614F09DF800233360BDE8F081D0F892
:10E3E00000801EF0ECFF2B68013CC3F800802D6814
:10E3F000E4B2E3E7300B0020024BDB6B03B11847BC
:10E40000FEF78EBF300B0020C04310B5054A131D28
:10E4100053E8003F0340141D44E800310029F6D1C1
:10E4200010BD00BF300B002010B5054A131D53E886
:10E43000003F0343141D44E800310029F6D110BD0C
:10E44000300B0020F8B516461C4607461946104604
:10E4500019F0CDF932462346384619F0CDF9434D2F
:10E46000D5E9062300EA020401EA030654EA06039A
:10E4700013D0670104F0806010D56B68180623D4B0
:10E480003B4B234093BB3B4B06F0200223401343FE
:10E4900056D12046314619F0A6F9F8BDA4F108037B
:10E4A00033431CD1EB7A012B42D16B68D90743D59A
:10E4B0000323EB7204206B8C01336B84FFF79CFF0A
:10E4C000012019F095F9E4E72B1D53E8003F23F0F4
:10E4D0008003291D41E80032002AF5D1DDE7A4F1CF
:10E4E0000C03334317D119F083F9DBE724F0011350
:10E4F00023F4A0433343C6D1EB7A012B18D140F269
:10E5000001436A680520934314BF00230323EB7281
:10E51000FFF772FFBDE7231F334302D119F069F9FA
:10E52000B7E704F17F433343AAD1EB7A022B0FD034
:10E53000042019F042F9ACE713F40063BAD1B8E74C
:10E540000420FFF771FF4FF0006001F0BFFFA0E76C
:10E550006B689A0706D50423EB722B8C03200133DA
:10E560002B84ABE713F02003F7D1F5E7300B002045
:10E57000015001000DD50155014B986A704700BF4D
:10E58000300B002010B5064CA06A1DF0C1FD28B963
:10E59000A06A1DF0BFFD00F0010010BD0120FAE7E8
:10E5A000300B0020014B986A1DF0B6BD300B0020E7
:10E5B000024B5868C0F34020704700BF300B00206A
:10E5C00010B504464FF40070FFF71EFF084B986A21
:10E5D0001DF0A4FD38B10CB9002010BD4FF400703F
:10E5E000FFF722FFF8E7002CF6D00C20F5E700BF7C
:10E5F000300B00202DE9F04F046806468846574D41
:10E6000089B0002C48D02046A7791EF0BDFD0C37FC
:10E6100027443C890A38B8F1FF3FA4EB000402D03C
:10E620004445A8BF4446B5F83890B0EB090713D469
:10E63000002C0EDD6D6B36683D44FF2C22462946CA
:10E640003046A8BFFF221EF016FD241A3668054486
:10E65000F3D109B0BDE8F08FA9EB0009A145A8BF2F
:10E66000A146296BC846D6F800A001EB000BB9F112
:10E67000000F0DD04246FF2A59465046A8BFFF2240
:10E680001EF0F9FCB8EB0008DAF800A08344F1D1E1
:10E69000A4EB09044F44CBE70321A86A03AA1DF0A9
:10E6A00099FCBDF80E70A14602940A3702ACE862EC
:10E6B00009E023601B682B602368C3F8009023687F
:10E6C000002F1C4611DD2B68453F002BF1D10120A6
:10E6D0001EF081FE034620600028F1D1019002A8BF
:10E6E0001EF0E6FC019B3360B3E72B1D53E8003FAF
:10E6F00043F008032A1D42E80034002CF5D14FF006
:10E70000006001F0E3FE0298BDF8102043790A2171
:10E7100043F001034371069B30606B63059B2A87BE
:10E720002B638379BDF80E200C3303441C711A81CE
:10E730002A7ADC719A719DF80C20072A0BBF0122FE
:10E74000AB8C1A7101331FBFAB846B8C03F1FF33A9
:10E750006B841EF084FC346855E700BF300B00204A
:10E760002DE9F041877905460C37C419237986B025
:10E7700013F002081BD1174E43F0020323716A46BF
:10E78000D6E90A011DF02AFC238969460333B06AE1
:10E79000ADF804301DF024FC009B9DF90E00EB51F8
:10E7A000FEF730FE6071B37A022B03D8E37106B036
:10E7B000BDE8F0819DF81130012B04D0022B04D06C
:10E7C0002BB90423F2E70323F0E70123EEE784F8F3
:10E7D0000780ECE7300B002037B5124B00F00F0438
:10E7E0001B88012CADF8043015D0022C15D18DF802
:10E7F000044042F222000C4D6B680340A3420ED04D
:10E80000FFF702FE2046FFF70FFEA86A01A91DF0E0
:10E810006FFB03B030BD2024EBE70024E9E70020C4
:10E82000F7E700BFB0E30300300B00202DE9FF4104
:10E830001746022300250E46124C8046A06AE3725A
:10E84000CDE902550BF076FA384602968DF80C5059
:10E8500018F0CBFF0090617AA06A2A4602AB1DF047
:10E86000FDFA044648B94046FFF7B6FF3B4604466A
:10E870002A460121304618F0B4FF204604B0BDE816
:10E88000F08100BF300B002037B5144B00F00F04AF
:10E890001B88012CADF8043014D0022C16D00024B3
:10E8A00041F601000E4D6B680340A34213D0FFF701
:10E8B000ABFD2046FFF7B8FDA86A01A91DF02EFBAD
:10E8C00003B030BD04238DF80430E9E78DF804402F
:10E8D0004FF40064E4E70020F2E700BFB0E3030078
:10E8E000300B002038B5104CE37A23B100221146DA
:10E8F000104618F075FF00252846E57218F078FFDD
:10E9000001220321A06A1DF0A2FA2A460121A06A71
:10E910001DF068FB8020FFF777FDBDE838404FF41D
:10E920004050FFF781BD00BF300B002008B5FFF756
:10E93000D9FF044A0620D38C0133D384BDE80840B4
:10E94000FFF75ABD300B0020F8B51B4D6B68590717
:10E9500004D50420FFF758FDFFF7E8FF6B681A079E
:10E960000FD513F0CFFD0646FFF70CFD0446124FFE
:10E9700024B101201EF02FFD0146A8B9304613F046
:10E98000C7FD6B68DB0615D51020FFF73DFD01F0D4
:10E990006FFB78B113F0B6FD0446FFF7C7FF2046C2
:10E9A000BDE8F84013F0B4BD3846013C1EF058FCF9
:10E9B000E4B2DDE7F8BD00BF300B0020002210B547
:10E9C000084C1046114618F00BFFA06A0BF0B2F984
:10E9D00018F011FF20461EF06BFBBDE81040082028
:10E9E000FFF712BD300B0020014B986A1DF0D2BB1F
:10E9F000300B002038B5154C0546A37A834211D060
:10EA0000431E042B08D8DFE803F0030E1217190089
:10EA1000A06A0BF065FE28B92846A57201F016FB26
:10EA20000B4B186038BDA06A18F0EEFEF3E7012129
:10EA3000A06A18F0EBFEEEE70321F9E7FFF7B8FD57
:10EA40000028E9D0A06AFFF7CFFFE4E7300B0020F1
:10EA5000C41B002073B50446408900F0CBFA0E4D6C
:10EA6000A07B0026287218F093FE6872E07B00F00D
:10EA70000F00FFF7BFFF0096A37BD4E90021A86A2F
:10EA80001DF0ACFB32463146304616F090F8206857
:10EA900018F0B0FE02B070BD300B00200023F0B5BE
:10EAA000012785B0174E00938DF80C30C0F340134A
:10EAB0008DF80E30C0F3001304461546F7728DF83A
:10EAC000047002918DF80D30FFF7DEFE20B10420B6
:10EAD00018F073FE05B0F0BD284618F086FE717A76
:10EAE00003466A46B06A1DF0BBF906462A46384618
:10EAF000C4F3801118F074FE16F05AF8002EE6D117
:10EB0000E8E700BF300B0020F0B5174D85B0074691
:10EB100010462A7218F03CFE164668720246002023
:10EB2000CDE902600B980C4601900A9801390090DB
:10EB3000C9B2A86A1DF061FB06462046AC7201F01E
:10EB400085FA0124094BEC72186016B1002005B05B
:10EB5000F0BD3846FFF798FEC0B20028F6D18020FD
:10EB6000FFF762FC2046F2E7300B0020C41B0020B8
:10EB70002DE9F0434FF0010985B0224F04460D46C0
:10EB800090460021102268461E4687F80B901DF023
:10EB9000E4FEB86A0BF0CEF800238DF80430E306EB
:10EBA0000095CDF8088006D5174B1B681B888DF89B
:10EBB0000D9043440293002330468DF80C30C4F38B
:10EBC00040138DF80E3018F010FE6A460346797A2D
:10EBD000B86A1DF045F928B1042018F0EEFD05B023
:10EBE000BDE8F0832046FFF74FFE0746334601217C
:10EBF0002846C4F3801218F0F4FD15F0D9FF002F59
:10EC0000EAD1ECE7300B0020C41B00200122094BA5
:10EC100010B50C46DA72FFF737FE10B1042018F079
:10EC2000CCFD22460021012018F0DAFD15F0C0FFCE
:10EC300010BD00BF300B0020F8B5044615F0B9FF39
:10EC40000746A179E279114E521A0C310123B06ABC
:10EC5000D2B221441DF0B8F9E579A379ED1A57FA3B
:10EC600085F524680CB93561F8BDA179E2790023F6
:10EC7000521A0C31D2B2B06A21441DF0A5F9E379E1
:10EC8000A2799B1A55FA83F5EBE700BF300B002001
:10EC9000F8B502230E4E0D46F372FFF79DFD0446B4
:10ECA00020B1BDE8F840042018F087BD284618F0D0
:10ECB0009CFD07462A462146012018F091FD3B465F
:10ECC0002246717AB06A1DF0C7F80028E9D1F8BD74
:10ECD000300B00200222084B10B50C46DA72FFF709
:10ECE0007BFD10B1042018F068FD224600210120B0
:10ECF00018F076FD10BD00BF300B0020014B187BD3
:10ED0000704700BF300B002068B1084B194653F81C
:10ED1000042F0AB18242FAD25B1A9B10013BDBB28C
:10ED2000034A137370470123FAE700BF8CE3030023
:10ED3000300B0020014BD863704700BF300B002020
:10ED400073B50F4B04469B7C0E4EFF2B15D1002351
:10ED5000ADF804000DF10302B06A01A98DF803308B
:10ED60000BF088FC9DF8035022462946B06AF6F75E
:10ED7000DFFB40EA052002B070BD034B1D78F3E7CE
:10ED8000A6250020300B0020A0250020044BC2B295
:10ED9000C0F30721986A82B002B0F6F749BC00BF01
:10EDA000300B002010B50D4C0021A06A0BF02EFA9C
:10EDB0000B49A06A1DF0DDF8FE21A06A1DF0C8F81D
:10EDC000A06A0BF077FA074BB3F90C208242C8BF58
:10EDD00098819A891A80DA895A8010BD300B0020F8
:10EDE000A0250020A6250020F0B585B0ADF80210C2
:10EDF000ADF8042069464FF0C812ADF806304FF068
:10EE00008213ADF80000CDE9022304200B460C4C20
:10EE100002ADB4F90C70B1F9002035F9026BBA42B9
:10EE2000A8BF3A46B242A8BF3246013821F8022BA9
:10EE3000F1D103CB034B6060596005B0F0BD00BF5A
:10EE4000A6250020AA25002073B50546F6F76AFC22
:10EE50002F4E0368FF2D336083882E4CB3803378A8
:10EE600018BF1D46A5742C4D8DF801300DF103031C
:10EE7000A86A0DF102020DF101011DF044F99DF89F
:10EE8000013040B90133DBB20B2B8DF80130EDD9E5
:10EE9000012002B070BDA27CFF2A00D0A3748DF8BF
:10EEA000053033709DF802308DF804300198FFF77B
:10EEB0006DFFC828A8BFC8209DF80330A0818DF839
:10EEC00004300198FFF762FF144B9842B8BF184610
:10EED000E081B4F90C00FFF733FFADF804000198AE
:10EEE000FFF754FFA081B4F90E00FFF729FFADF83A
:10EEF00004000198FFF74AFF4FF6FF732382642353
:10EF0000E0811A4618461946FFF76EFF0020C0E759
:10EF1000A0250020A6250020300B00200CFEFFFFBE
:10EF20000346034AB2F902000BB1FEF773BA704709
:10EF3000A6250020084B10B5B3F9004030B903EB0B
:10EF40004103B3F902309C42A8BF1C46A242A8BFAD
:10EF50002246104610BD00BFA6250020014BB3F984
:10EF60000E007047A6250020014BB3F90C00704736
:10EF7000A625002073B5064613F0C4FA0C4D0446CE
:10EF8000B5F90E00B5F90C30B042B8BF3046984222
:10EF9000A8BF1846FFF7D4FEADF804000198FFF7AC
:10EFA000F5FE6880204602B0BDE8704013F0B0BAAC
:10EFB000A625002073B5064613F0A4FA0C4D0446AE
:10EFC000B5F90C00B5F90E30B042A8BF30469842F2
:10EFD000B8BF1846FFF7B4FEADF804000198FFF77C
:10EFE000D5FE2880204602B0BDE8704013F090BAEC
:10EFF000A6250020F0B5C0F3072585B0FE2DADF89D
:10F00000040027D09DF8047013F07CFA124C0646D9
:10F01000637CAB420ED0114B02A918689B8802900A
:10F02000ADF80C300E4B8DF80850986A1CF0A1FF1B
:10F03000FF232374237CBB4206D0094B3946986AD0
:10F040001CF086FF27746574304605B0BDE8F040BB
:10F0500013F05EBA05B0F0BDA6250020A025002063
:10F06000300B00202DE9F04707460E461446DFF826
:10F07000409086B00DF10808A9F1100A3A468021A7
:10F080005046CDE900980A4BF7F70AF80028F5D169
:10F09000102C254628BF102530462A4641461DF033
:10F0A00091FC641B2F442E44E8D106B0BDE8F087E4
:10F0B000632E002030B589B020226946FFF7D2FFC9
:10F0C0006A460C4D04AB144603CC9C422860696030
:10F0D000224605F10805F6D1074C08AD1A4603CAC9
:10F0E000AA4220606160134604F10804F6D109B019
:10F0F00030BD00BF532E0020632E002010B588B015
:10F100006946202012F046FE044630B96846FFF7F3
:10F11000D1FF0122024B83F82020204608B010BD09
:10F12000532E002070B5134B054693F820300C4643
:10F130008CB00BB9FFF7E2FF0023CDE90033CDE936
:10F14000023354B91C22214605A804941DF005FC85
:10F1500004A8FFF7AFFF0CB070BD102C264628BFE7
:10F160001026294632466846FFF77CFF3544A41B2B
:10F17000E7E700BF532E00202DE9F84FDFF8689035
:10F180008246D9F800B088461746BBF1000F28D058
:10F19000002699F80450B54207D13D7099F8040053
:10F1A000A84214BF0120022017E074196110C1EBBE
:10F1B000C10159448879C4F3470400F00100B8EB59
:10F1C000000003D1062250461DF09DFB002806DBFF
:10F1D00002D0661CF6B2DEE73C70BDE8F88F25462B
:10F1E000D9E70320F9E700BFF41D00200022014BFE
:10F1F0001A717047F41D0020F8B5054613F082F926
:10F20000104C85F3070563790646AB4205D100240F
:10F21000304613F07DF92046F8BD0027206865715F
:10F22000277110B11EF05EFA27606379002BEED0D3
:10F23000C5EBC50012F07EFD20600028E7D16071AB
:10F240000724E5E7F41D00204840704700EB00105C
:10F25000084480B2704700BF90FAA0F000BA80B2B4
:10F26000704700BF044BD3F8012002605B7903F0C4
:10F270001F030371704700BF742E0020234B2DE93C
:10F28000F041002914BF0C461C46002506461746CF
:10F2900013688AB0C4F801301379257063715FFA7E
:10F2A00085F84146384618F00FFB38B1237803F152
:10F2B00028026A44013302F8288C23700135252D79
:10F2C000EDD194F800803EB142466946A01D1DF084
:10F2D00079FB0AB0BDE8F081B8F1000FF9D0053430
:10F2E000F5B22946384618F0EFFA40B9B5FBF8F305
:10F2F00008FB13550AAB53FA85F515F8285C01365F
:10F30000252E04F8015FEBD1E3E700BF742E002047
:10F31000034B002818BF03460B449879704700BF81
:10F32000742E0020F8B50D4682EA124296B231469C
:10F3300003462846FFF788FFFFF78EFFFFF786FF9B
:10F34000FFF78AFFFFF782FFFFF786FFFFF77EFFD9
:10F350000546FFF779FF164C002B14BF1F462746C2
:10F360000446144B781CA3FB0423E21A03EB52035C
:10F370005B0903EBC30203EB8203E41AE4B2214608
:10F3800018F0A2FA40B93B786E40B6B206FB03F320
:10F3900007EB1347B879F8BD7B1D2A3701E09F4280
:10F3A00004D013F8010F8442F9D1F4E72046F8BDE8
:10F3B000742E00204D91CFBA064B074A01201A60E7
:10F3C000064B074A1A60074B074A1A60074B084A60
:10F3D0001A60704740190020397903003C19002059
:10F3E000737903003819002037790300341900209D
:10F3F00071790300042808BF032008B5FF21FDF739
:10F40000C3FF42F21072064B00F5AF7090422CBF62
:10F41000C3F89C00C3F89C20C3F8980008BD00BF47
:10F42000F41A00207FB56D46224CFFF75BFA04F119
:10F4300058030FCB85E80F0094F876309DF80F2025
:10F44000002163F303028DF80F2094F8AC2003F041
:10F450000F03C8208DF80E2018F043FA0146284605
:10F4600018F0E0F92846FFF7F5FA15F0B0FB002296
:10F470000146042015F09BFBD4F8B05018F0C2F9F7
:10F48000636A2D1A13F4003FD4F8B0100CBF10209B
:10F4900011208C2D94F8A53001F5FA6606DC1A4689
:10F4A0003146FFF7FBFA012004B070BD3246FFF78A
:10F4B0005FFBF8E7F41A002073B5437901906FF30E
:10F4C0000003437101221C2101A81DF0C1FF48B1B6
:10F4D000144A01A8536A43F4006353621DF0E8FD27
:10F4E00002B070BD019A104C537904F1180643F034
:10F4F00001035371937913440C33254603CDB54270
:10F50000186059602C4603F10803F6D128681146AB
:10F51000186006481DF09AFE4FF0804000F0D6FFBC
:10F52000DEE700BFF41A00205C1B0020141B002043
:10F5300010B50A4CD4F8A80020B194F88B30012BF8
:10F5400001D0002010BD18F05DF9D4F8B030181AC1
:10F55000B0F57A7F94BF0020012010BDF41A00207E
:10F5600010B5124C636A1B051FD501201DF033FF37
:10F5700028B9BDE810404FF0804000F0A7BFB4F8B4
:10F580006C3023F0600343F04003A4F86C30FFF7C5
:10F5900093FF04F1240353E8003F23F4006304F1D4
:10F5A000240141E80032002AF3D110BDF41A0020F2
:10F5B00010B50D4CD4F8A8308BB1FDF7BBFE04F1AB
:10F5C0008C03834201D1FFF78DF900210748FDF735
:10F5D0009BFD0748FBF7A0FC0023C4F8A830BDE85A
:10F5E0001040FFF7BDBF00BFF41A0020801B0020B1
:10F5F000881B002010B50446FDF79CFE844201D113
:10F60000FFF770F9084BB3F8B42032B9D3F894205F
:10F6100012F4601F08BFA3F8B420FFF7C9FFBDE8CC
:10F6200010400120FDF7B4B9F41A0020F7B5424CA0
:10F6300005460E46174618F0E5F894F88B30022B75
:10F6400005D0D4F884301B1AB3F5FA7F2FD23B4B88
:10F650003B4AEE61CDE900323846D4F8843094F864
:10F66000882094F87610FFF74FFA064615F0AFFAA7
:10F6700000220146042015F09AFA0020FFF75AFBF9
:10F68000A54209D1D4F8A83033B1012104F18C008E
:10F69000FDF73AFDFFF78CFFD4F88430C4F8B030A2
:10F6A00094F8883084F8AC30304603B0F0BDA54201
:10F6B00014D1D5F8A8208AB1D5F8B020121A9342F7
:10F6C00005D300212846FDF71FFD0126ECE70121A7
:10F6D00005F18C00FDF718FDFFF76AFFD4F88430C0
:10F6E0000021C4F8B03094F88830284684F8AC3053
:10F6F000FDF70AFDD4F88430C4F8A860C4F890304F
:10F70000637E84F8A530FDF797F80E4B1B6888B12F
:10F71000DB7994F8A52094F8760093423CBF02F17F
:10F72000FF32D3B284F8A530FFF764FE0648FDF738
:10F730009DFCCAE75B78ECE7F41A002055555500AC
:10F74000D6BE898EC41A0020801B00202DE9F04F00
:10F750008D798BB00C350D44EB7A07910390002B1B
:10F760003BD017462E7B8B46B20916F03F0618BFDA
:10F770006E7B0292012F05F10E029046049200F07A
:10F78000978140F28081FA1E012A26D8029AB2FAA5
:10F7900082F94FEA5919B9F1000F1ED02A7B02F005
:10F7A0003F029A4219DABB4C636A23F40033636266
:10F7B0002B7BC3F38113013BDBB2012B5AD9584693
:10F7C000FEF7CEFF94F88A3083B194F88B30002F87
:10F7D00040F08780F2060BD453B107A81DF068FCF7
:10F7E0004FF0000948460BB0BDE8F08F002F78D1EC
:10F7F0007F20DDF81CB02B7B9BF806A04FF0FF0CA0
:10F800000AF10C0ADA449AF8071084F878004FF6E7
:10F8100000704FF0000E94F86720A4F87600C2F351
:10F82000030002F00F029B09052AA4F86C3084F84B
:10F830006EC0A4F87AE084F8750000F033811BB143
:10F84000636A43F400336362F3071CD5D5F80E30C6
:10F85000049AC4F86F3092888F4B9A80AB7A13F079
:10F86000400340F07782626A22F48052626284F838
:10F870006E304DE0012FA2D19BF806A00AF10C0AD0
:10F88000DA44F10740D4B20746D4730700F18D8003
:10F89000300741BF98F8013008F10208C3F30313A1
:10F8A00084F87730012F40F091809AF80C3003F003
:10F8B000C003402B02D0802B40F088800023626A76
:10F8C000B4F86C0022F40032F10620F06000A4F8D5
:10F8D0008A30626248BF08F1030880B2A4F86C0065
:10F8E00092E0DDF81CB0042F9BF806A00AF10C0A88
:10F8F000DA44C6D1B4F86C30580754BF0A230E233B
:10F90000F107A4F86C30BED594F86E30FF2B9DD073
:10F91000B20705F11408B8D5BB1E022B40F2DD81F9
:10F9200094F83000AA7AB0FA80F35B09B3EBD21FE7
:10F9300000F0D681003818BF01204146FBF7BCFD1E
:10F940000346A87A4146C009059315F06DF9069063
:10F9500015F05BF9616A069A01F4807C05991346FB
:10F96000002900F0C881AB7ADB09002A00F0AD80E5
:10F97000BCF1000F00F0A980002840F0A980FE2310
:10F9800084F87C30D8F8003008F10608C4F87D30DF
:10F99000B4F86C3038F8022C43F00403A4F86C304F
:10F9A0003E4B9A8073077FF573AF15F010F94FF651
:10F9B000FF73CDF804B000930146374B94F86E20E6
:10F9C000042008F1010815F0FAF861E7344ADAF882
:10F9D000003000924146324694F8560015F001FC82
:10F9E0008044B4F86C0094F88A3020F06000626AB9
:10F9F00080B2002B3FF472AF94F8893040F02000C1
:10FA0000A4F86C0084F8763016F0200A1BBF98F832
:10FA1000023098F80310CDF814A043EA01231EBF6A
:10FA2000CDF81480A4F87A3008F11208012F56D0CE
:10FA3000069215F0F7F8F2060DD4069A80F0010050
:10FA4000C2F3C01BC3B25A46134994F86E0017F0B4
:10FA5000F7FE002856D0042FDDF81CB077D8022F0F
:10FA600070D8002F73D1029B626A022B00F0F881DC
:10FA700094F88B30002B40F06881BAF1000F40F011
:10FA8000CF81D14669E0029AB2F1030918BF4FF065
:10FA9000010980E6F41A0020631B0020711B00207E
:10FAA000781B0020042908BF032184F87510C6E6DE
:10FAB000AB4AB2F86C90029A09F00309A9EB02096B
:10FAC000B9FA89F94FEA591965E600283FF458AFA9
:10FAD00094F83030002B40F09681022350E7530712
:10FAE00000F1BE80C2F3C01B15F09CF880F001034A
:10FAF0005A469C4994F86E00DBB217F0A1FE00282C
:10FB000040F0E481BBF1000F00F03881BAF1000F42
:10FB10003FF463AE94F87720924994F86E002E6813
:10FB200015F019FC00283FF458AE05F10C0094F8CC
:10FB3000764016F09DF931460346059A204615F0A9
:10FB40000CFC4AE694F88B30002B40F0F280BAF1BE
:10FB5000000F40F06581D146626A730648BF98F88D
:10FB60000030CDF820B048BF84F878302B7BD00728
:10FB700003F03F084FD5002F54D1F1064BD44FF07E
:10FB8000FF3108A8FEF736FD0898FEF7E9FDAB79CE
:10FB900008A884F86B306B7908F10D0184F879308E
:10FBA0001DF06DFB0898002852D0C780B4F86C3067
:10FBB000099003F06003202B636A4FF001020CBF31
:10FBC00043F4006323F40063636243791C216FF301
:10FBD0000003437109A81DF03BFC002840F03A8166
:10FBE000099E614C7379B57943F001037371354413
:10FBF0000FCCE86029616A61AB6107CCE8612962DA
:10FC0000A4F1640031466A621DF020FB4FF0804091
:10FC100000F05CFCE6E508A81DF04AFA48460BB087
:10FC2000BDE8F08F4FF0FF3108A8FEF7E3FC08981D
:10FC3000FEF796FDAB7908A884F86B306B7908F174
:10FC40000D0184F879301DF01AFB08980028ADD119
:10FC500001201DF0C0FB089000283FF4C3ADA5E7CC
:10FC6000029BD8077FF53EAFDDF81CB00297C2F3C8
:10FC7000003394F87620012100920020394AFEF7E3
:10FC800057F981465846FEF76BFDB9F1000F40F079
:10FC9000F080BAF1000F40F0A680029B002B00F02C
:10FCA000BC80D4F824A014F0BDFF034683F0010308
:10FCB000CAF3C0122B4994F86E00DBB20AF0800A36
:10FCC00017F0BEFD00283DD1BAF1000F7FF485ADDD
:10FCD000514614F0AFFFA8B37FE508F10608D4E55C
:10FCE0004146D00914F0A0FF059014F08EFF616A20
:10FCF000059B01F4807C33B1BCF1000F7FF43CAE76
:10FD000000287FF4E5AED4F8A8307BB1FDF712FBF4
:10FD1000164B834200F0C88000211448FDF7F4F927
:10FD20001348FBF7F9F80023C4F8A830FFF718FCD4
:10FD300053E5002203980F49FFF778FC8146BAF19A
:10FD4000000F6FD1DDF81CB006E703980A49C2F333
:10FD50004042F1E7626A012342F4805286E500BF27
:10FD6000F41A0020631B00205C1B0020801B002075
:10FD7000881B0020DF790300E9FE01005946584640
:10FD800014F058FF00287FF4C1AE042FDDF81CB03A
:10FD90003FF6DDAE022F3FF6D5AE002F3FF463AE47
:10FDA000012F7FF4D4AE626A029B51075CD4012B11
:10FDB00003D902F00303032B63D094F88B3033B3E1
:10FDC00003984649C2F34042FFF730FC03465846C9
:10FDD0009B46FEF7C5FCBBF1000F1BD0BAF1000F2C
:10FDE000B0D00023029394F877203D4994F86E0038
:10FDF000D5F800A015F0AFFA002848D1029B002BDF
:10FE00007FF44FAF9EE7012B08BF0323B8E55846A8
:10FE1000FEF7A6FCBAF1000F5BD14FF0000991E7A5
:10FE20004FF0000994F877202D4994F86E00D5F82A
:10FE300000A015F090FA002884D005F10C0094F889
:10FE400076B016F015F851460346059A584615F057
:10FE500084FA77E7636A09A843F400636362DBE628
:10FE600091073FF505AE08E6D807D0D500230293E9
:10FE7000FDE659460020FEF743F8BAF1000FBDD069
:10FE8000B1E7584617F0E2FD88B9626A95E705F1D7
:10FE90000C0094F876B015F0EBFF51460346059A36
:10FEA000584615F05AFAA9E7FEF71CFD34E7A97A7F
:10FEB0000498C1F38011FDF765FF0028A7D0094B16
:10FEC000039A5846D361FEF74BFC87E7DDF81CB078
:10FED00069E700239946029385E700BFDF790300B5
:10FEE000631B0020037A0300042810B50C460FD0D2
:10FEF00006D8032816D02146BDE8104017F03ABDB9
:10FF0000431F012BF7D82046BDE81040FFF772BB16
:10FF10000022064B0120A3F88A2017F045FD002897
:10FF2000F1D010BDBDE81040FDF752BFF41A00201B
:10FF300004282DE9F74F0D4617D007D8032872D0B3
:10FF4000294603B0BDE8F04F17F014BD431F012B45
:10FF5000F6D8831F584258410021FCF70DFE284671
:10FF600003B0BDE8F04FFFF745BB4FF0000901A813
:10FF70004FF0FF31CDF80490FEF73CFB0198DFF81D
:10FF8000C88048B1FEF7ECFB0198FCF74DFF08284C
:10FF900017D001A81DF08CF8FDF7CCF9854201D1EE
:10FFA000FEF7A0FC01212846FDF7AEF8FFF700FBA5
:10FFB000D8F83830002B41D003B0BDE8F04FFCF743
:10FFC0007BBB019CD8F83870A379BE790C331C44F4
:10FFD00014F017FEE8B114F011FE002819DB0C36FE
:10FFE000B85D07EB060B0BF1080A4A465146C009FB
:10FFF00014F01CFE68B1D4F80E30CBF80830638AD8
:020000022000DC
:10000000ABF80C30A37ABA5DC3F3801363F3C71265
:10001000BA55FEF767FC002294F9051098F87600AF
:10002000FCF7FCFDB5E7074B11201B685978FEF77C
:10003000EDFD054A536A43F02003536203B0BDE867
:10004000F08F00BFC41A0020F41A0020052808BF52
:1000500003200622024B013802FB0030704700BF2C
:10006000B2E30300014B186E80B2704700C001B8C4
:100070000A4BD86800F07060B0F1106F0CD008D84F
:10008000B0F1E06F08D0B0F1006F14BF0020012084
:100090007047B0F1406FF8E701207047000002B8E8
:1000A00070B50E4615460446A8B111F091FE98B9F8
:1000B0000A4B1C600A4B1E600A4B1D6013F0ACFD1E
:1000C00011F032FE02F04CFD074802F055FDBDE88C
:1000D000704002F0E1BA212070BD00BF181E002060
:1000E000141E0020101E0020351D03002DE9F041D4
:1000F000854D86B011F0ECFD1120844911F03AFCD9
:100100002B6851215A685423B2FBF3F2002392B2B8
:10011000184611F0D5FB0446002840F0DF8011F0AE
:100120006FFC7B4B19687B4B186809F0C3F900F032
:10013000A1F90446002840F0D1800A20764A774988
:1001400011F0E6FA0446002840F0C88011F046F9A4
:100150000221322004AA00F04DFA28B94FF0FF30F6
:10016000BDF810101BF02EFF6E460023324606210C
:100170002C208DF8063000F03DFA58B9304618F0C2
:1001800061FA08B130287DD13C2000F051FA2C20D2
:1001900000F04EFA9DF80630190740F1848096E889
:1001A0000300ADF80C10090C02908DF80E109DF8AC
:1001B000063013F0280F07D1DDE90201ADF8041075
:1001C000090C00908DF806102B68186900287FD163
:1001D0002B685A690AB9524A126852490A609A69E8
:1001E0000AB9514A126851490A6093F82220D2078D
:1001F00078D413F0BBFC02A902460746286817F022
:100200006CFC0446002869D10AF0E2FB13F0F7FC0D
:100210000446002862D1012000F07EFE444B18689D
:100220001DF03CFA0446002858D118F072FF04462D
:1002300003F078F8804618F038FA41460246204626
:1002400016F04BFB0446002848D12B681B689B0521
:1002500011D4B7F5FA7F0ED912F04DF901210546F8
:100260000846F7F797FD0121324A084613F0D8FBFC
:10027000284612F044F9304600F0CCFE2E4811F02A
:1002800041FA2BE001213C2004AA00F0B3F940B967
:100290009DF81030012B14BF492372238DF80630CE
:1002A00078E74923FAE7F5F727F8CDE90401030CCD
:1002B0008DF80A30BDF81530ADF80800ADF80B30F8
:1002C0009DF817308DF80D3049238DF80E306EE70C
:1002D00018F000F9044600283FF47AAF204606B033
:1002E000BDE8F08193F8232000234FF0FF3004A9EC
:1002F000CDE904338DF812201BF014FE00283FF4E2
:1003000078AF40F20C44E9E7181E0020351D0300C9
:100310001031002030310020517A0300C5830100E4
:1003200018E303000C1E002014E30300081E002045
:10033000141E0020D3E30300BD03020000220321AA
:1003400001481CF0A2BD00BFD81F00202DE9F041DC
:10035000114818F02EFAE8B9F8F734F805460E46B9
:100360000D4F07F10C082846314618F01EF911F020
:1003700071F80446384618F018FA10B940461CF0D7
:1003800097FE02F0A9FC08B9002CECD1BDE8F041C1
:1003900018F08AB9BDE8F08138310020012310B58A
:1003A000044C2370044B1B6803B19847002323704F
:1003B00010BD00BF9F2E0020081E002050EA010340
:1003C00037B504460D4604D103B0BDE83040FFF711
:1003D000E5BFB1F1FF3F08BFB0F1FF3F13D0F7F722
:1003E000F1FF221845EB010308490948C1E9002340
:1003F00000239D420CBF21464FF0FF31CDE9003371
:10040000044A13F023FB03B030BD00BF700B002083
:100410002C1F002019040200D3B512F073F8044613
:10042000F7F7D0FF0B46104AD2E90067B04273EBF2
:10043000070107D3FFF7B2FF204602B0BDE8D04066
:1004400012F066B8D2E900670022311A67EB0303A5
:100450009342CDE90022134618BF4FF0FF31034A03
:10046000034813F0F3FAE7E7700B002019040200C9
:100470002C1F00200D4B98420DD8023B984210D8FB
:1004800070B1023B98420ED020F0704020F46040E2
:1004900000F590607047064B9842F5D140F21C4041
:1004A00070472120704740F21B4070470AE000F07F
:1004B0000BE000F00023044A52E8000F42E800314C
:1004C0000029F9D1FBF760B84C1F0020054A52E81B
:1004D000003F034342E800310029F8D1024B1B687A
:1004E000184700BF4C1F00200C1E002037B51C68A9
:1004F000E10705D518F04CF8164917481CF0D1FC57
:10050000A20723D501F074FCD0B9144D019011F06D
:10051000F9FF044628461CF0E9FD0190204611F041
:10052000F7FF019890B143799B070CD401A80221F1
:100530001CF0A5FE019801F04BFC17F0D8FFE6E790
:1005400017F0D5FFDEE701F037FCF6E7002003B037
:1005500030BD00BF4C310020D81F0020501F0020AC
:1005600008B5054810F046FF044B01211870BDE89E
:10057000084010F04FBF00BF5C310020A02E0020CB
:1005800038B5044648B111F0BDFF0546214608487C
:100590001CF05CFE284611F0BBFF064B022193F9CC
:1005A000000010F037FFBDE83840FFF7F7BE00BF8E
:1005B000501F0020A02E0020F8B50C4B0C4F044615
:1005C0000E4638681968154608F074FFFFF752FFA9
:1005D00050B933462A46386844F4802109F044F87B
:1005E000BDE8F840FFF746BFF8BD00BF103100205E
:1005F00030310020F8B50C4B0C4F04460E463868DD
:100600001968154608F056FFFFF734FF50B9334616
:100610002A46386844F4802109F070F8BDE8F840B3
:10062000FFF728BFF8BD00BF103100203031002097
:1006300038B50A4B0A4D04461968286808F03AFF95
:10064000FFF718FF40B9286844F4802109F03CF90D
:10065000BDE83840FFF70EBF38BD00BF10310020A5
:10066000303100202DE9F043134B0E461968134B2F
:1006700005468DB01868174608F01CFF80B9334650
:100680000A222846009702A91BF035FA4FF000080D
:1006900004460DF10809444505D1002CEFD1204650
:1006A0000DB0BDE8F083284659F8041B09F00CF999
:1006B00008F10108EFE700BF1031002030310020C1
:1006C000F8B50C4B0C4F06460C463868196808F014
:1006D000F1FEFFF7CFFE054648B9E24316FA82F273
:1006E000386842F4802246F48021FFF7BBFF284699
:1006F000F8BD00BF10310020303100200022034B34
:100700001A609A80FF229A71704700BFC32E0020A2
:10071000064A1379834207D90123126883401342A2
:1007200014BF01200020704700207047541F002094
:10073000054A03461068002208B91A607047C107CD
:1007400048BF01324008F7E7541F0020014B1879D9
:10075000704700BF541F0020F0B541EA002087B069
:1007600040F4902606200F461546F5F771FB1CF065
:10077000B7FF044640B901461A2004F037F96FF07C
:100780008C05284607B0F0BD43688660DAB222B90E
:1007900023F0FF0343F001034360F4F799FD0528BC
:1007A00004BF40F201136360062F204B0CBF40F2E0
:1007B00001114FF48071204617F0D9F92361E369E4
:1007C0006BBB4FF4105323808023638002AB2A4617
:1007D0001E4605F110071D4610685168083203C512
:1007E000BA422B46F7D1102130461CF034FF1022BC
:1007F0003146204601AB13F068FD054620B10146A5
:1008000040F2074004F0F2F8102130461CF031FFAE
:10081000204613F0B8FF20461CF064FFB1E7002328
:100820004FF410511A4613F0BAFFCDE700444004CC
:10083000102A2DE9FF4706460F46154623D8002407
:100840004FF00109DFF84480DFF844A0D8F8002019
:1008500009FA04F3134213D046EA042040EA0A00DE
:100860006A46E9B280B2FFF7C5FE48B92A46394662
:1008700068461CF048F818B960B204B0BDE8F087CB
:100880000134202CE2D14FF0FF30F6E7541F002056
:100890000080FFFF2DE9F3411D4E0546014606226B
:1008A00030461CF030F820B996F9060002B0BDE8D9
:1008B000F0810024A046EF1C2046FFF729FFD8B1A5
:1008C0003B88CDF80080ADF80330BB786946E0B2D4
:1008D0008DF805301AF013F821280DD0A8B903229D
:1008E000294668461CF00FF830B92B6860B23360B7
:1008F000AB88B071B380D9E70134202CDCD12B68F0
:100900003360AB88B380FF23B3714FF0FF30CDE786
:10091000C32E0020034B93F90630013301D1FFF7BA
:10092000EDBE7047C32E0020F7B5044617F0E1FE78
:10093000631C58D1FFF7E2FE0024624E3379A342D4
:100940002CD84FF4004100240846FFF7B9FE2022BE
:100950004FF0FF315C4834601BF0FFFF204602F08F
:100960006BFAFF260446594D5CBB594813F0AEFBA9
:10097000014630B110F1880F03D040F2074004F077
:1009800035F80C214F4A43F6FF70FFF715FE202182
:1009900038204D4AFFF710FE00202AE02046FFF7DE
:1009A000B7FE60B165B20521284617F0E2F80321D1
:1009B000284617F0DEF80621284617F0DAF8013449
:1009C000BCE794F97530013305D02B7843B9132176
:1009D000204618F0A0FB204602F02EFA0446C3E79A
:1009E00084F87560F7E72046FFF792FE18B940F2E9
:1009F000064003B0F0BD6B4606220021204617F0EA
:100A0000FBF8002845D049238DF806304FF47F418C
:100A1000304840EA04200840FFF752FE05212046F6
:100A200017F0A7F80321204617F0A3F80621204667
:100A300017F09FF801222349E3B29A400B6823EA9A
:100A400002030B60244B93F90630A34201D1FFF758
:100A500055FE002005460B791B4A013BC1B2994265
:100A600021DBFF260020D65402F0E6F90546174F99
:100A7000002D86D095F97530A34205D13B78EBB9AE
:100A80001321284618F047FB284602F0D5F9054601
:100A9000EEE76B4606220121204617F0ADF800284C
:100AA000B4D07223B0E75656A64200D025B15518EF
:100AB00095F90150555401250130CFE785F875604F
:100AC000E2E700BF541F0020A32E0020A12E00202B
:100AD000370004000080FFFFC32E00202DE9FF41F6
:100AE000354C064601A8FFF723FE2379019A93426D
:100AF0001ED86279012A40D100274FF0FF383D46C9
:100B000010E02368EB40D9070BD5082202AB114651
:100B100068B217F071F820B1039B43453CBF2F46E4
:100B20009846013523799D42EBD378B2FFF7FCFE5E
:100B3000236813F0010529D0002501220135202D5D
:100B400018D002FA05F71F42F8D13B432360A3688F
:100B50000C21013343F6FF70174A7361A360FFF75E
:100B60002BFDA8B1236823EA07032360A368013B98
:100B7000A36073614FF0FF3519E0022AFAD10F4AE2
:100B8000134413F9010D421CFBD0CFE70127DCE72A
:100B900022790A4C013A2146D2B2601C1BF0C3FEF6
:100BA0006DB22246202138202570FFF705FD28462A
:100BB00004B0BDE8F08100BF541F0020A32E002028
:100BC0002DE9F043002489B0B54D04213F2001AA4E
:100BD0002C70FFF70FFD00B10194019F002F4FD043
:100BE00000267A1E5742574100242C70AD4D0C212F
:100BF0002A4643F6FF70FFF7FDFCC0B10D23AB8022
:100C0000019B2C60032BAC6011D803AC224614214D
:100C100043F6FF70FFF7EEFC48B994E8070085E85B
:100C200007002A460C2143F6FF70FFF7C5FC019B25
:100C3000042B06D004213F200DEB01020191FFF7A8
:100C4000BBFC20213820984AFFF7D4FC28B1202291
:100C50004FF0FF3194481BF080FE03222B795B009C
:100C6000B3FBF2F3914A1370FFF748FDF8F700F970
:100C7000014618B140F2074003F0B8FE002413E02B
:100C800001263746B0E72B68E340DB070BD5082287
:100C90004FFA84F81146404603AB16F0ADFF10B989
:100CA0004046FFF741FE01342B799C42EBD38EB1D5
:100CB0001021372003AAFFF79DFC002858D10620F9
:100CC000F5F7C6F81CF00CFD044680B901461A2061
:100CD00003F08CFE3FB13D20FFF7AAFC00242B79E6
:100CE0009C42C0F0B880002009B0BDE8F083704A93
:100CF00043688260DAB222B923F0FF0343F00103B4
:100D00004360F4F7E5FA052804BF40F2011363607D
:100D1000684B40F20111204616F029FF2361E36978
:100D200043BB4FF41053238080231021638003A81A
:100D30001CF091FC102202AB03A9204613F0C5FA67
:100D40000646102103A81CF094FC204613F01BFD5E
:100D500020461CF0C7FC3720FFF76AFC46B140F282
:100D60000740314603F042FE4FF0FF30FFF7DCFD55
:100D700000262AE000234FF410511A4613F00FFD0D
:100D8000D2E73046FFF7C4FCF0B174B21022032161
:100D9000204603AB16F030FF1028814620D10321F6
:100DA000204603AAFFF7D8FC8046494603A81CF05A
:100DB00060FCB8F1000F0CD040F20740414603F050
:100DC00015FE2046FFF7B0FD01362B799E42D8D3A1
:100DD00080E748F2030040EA062080B2FFF728FCD3
:100DE00010220521204603AB16F006FF102881468D
:100DF00013D10521204603AAFFF7AEFC80464946E1
:100E000003A81CF036FCB8F1000FD5D148F205005C
:100E100040EA062080B2FFF70BFC10220621204694
:100E200003AB16F0E9FE10288146CDD106212046FD
:100E300003AAFFF791FC8046494603A81CF019FC61
:100E4000B8F1000FB8D148F2060040EA062080B29F
:100E5000FFF7EEFBB8E72046FFF75AFCF0B166B2A9
:100E600004220C21304602AB16F0C6FE04280AD13B
:100E7000029B0122C3F300238DF80C300C21304675
:100E800003AB16F08BFE00231022CDE90333CDE92E
:100E900005330D21304603AB16F080FE01341EE70A
:100EA000A12E0020541F0020A32E0020A22E0020DF
:100EB0003700040000444004F8B5104B044618798C
:100EC0000F4B00221D46D1B2884204D913F9017B91
:100ED000561CA74204D10B4B1B788B4202D9F8BD9C
:100EE0003246F0E70649481C1BF01DFD2C702021FE
:100EF000BDE8F8403820024AFFF75EBB541F0020CF
:100F0000A32E0020A22E0020014902481BF0C9BFD9
:100F10006C310020D81F002010220A4B2821DA82D1
:100F20006422C3E906124FF6FF721A8402225A6045
:100F3000002283F82B200F2283F82D0083F82C2029
:100F4000704700BF601F002038B5104C94F82B305C
:100F5000D3B1626812F0010516D104F1080003F064
:100F6000C9FD16F061FE78B14EF6602294F82C307F
:100F70004FF48271534306482A4610F0E7FB18B934
:100F8000636843F00103636038BD00BF601F002049
:100F9000D81F002022F00042052A10B50DD0B2F56E
:100FA000827F13D0032A06D1114A536823F002032B
:100FB000536002F0B3FA002010BD0D4A1B88118D5A
:100FC0009942F8D1002313850120F5E7084B5A68B0
:100FD00093F82B4022F00102012C5A60F4D117F053
:100FE0005DFFFFF7B1FF204602F0E2FAECE700BF39
:100FF000601F0020004870476F1F0020044890F8D1
:101000002B1000F10F020830012918BF104670475D
:10101000601F002038B58379044613F0280F25D0CF
:101020000368134DC5F80F308388A5F81330837912
:1010300000206B7502F058F940B96B68032043F04B
:1010400004036B60BDE8384002F0B2BA436A13F49F
:10105000404FEFD1226843F00803C0F80120A28876
:10106000A0F80520A2794362C271E3E7212038BDD0
:10107000601F00204379024A9B09D05C704700BF83
:10108000F8E303000B6810B503608B88FF2A044661
:10109000838002D10723A37109E0032A08D8054BF6
:1010A0009B5C072B837102D1FFF7E4FFA07110BD99
:1010B0000023F0E7FCE303008379024A03F007030F
:1010C000D05C7047F0E3030010B582798B79094C4E
:1010D00002F0070203F00703A25CE35C9A4206D128
:1010E00006221BF010FCB0FA80F0400910BD002071
:1010F000FCE700BFE8E303007FB5134B0E4605464F
:1011000004460393A0B118F00EF978B900223146D5
:10111000204618F038FA022807D1012331460093FF
:101120002046042303AA16F038FE0DB104B070BDAA
:10113000204618F0C7F804460028F7D018F0F3F856
:101140000028F5D1E2E700BF0100FFFF2DE9F04FD5
:1011500097B08346099118F02CF8099883790C33DD
:10116000C45CC5181CF010F81E2C0646099F24D834
:10117000012C26D9C54BE340DA0722D5384697F82B
:1011800006801CF001F8BBF80A2083B29A4228D2EC
:1011900014F0010240F0A18004F07F03522B00F014
:1011A0009C801E2C00F09980099B21460093584694
:1011B000042317F098FC21240CE004F07F03522B49
:1011C000DCD02146062300225846009717F08BFCFE
:1011D00041F20614584617F0F1FF204617B0BDE85B
:1011E000F08F47443A7B013B1E2A9BB242D8012A2A
:1011F000CED9023A1C2ACBD801A151F822F000BF67
:101200009112020091110200951202009111020048
:101210008B12020091110200811202009111020052
:101220009112020091110200951202009111020028
:101230009912020091110200811202009111020024
:10124000C7120200911102009111020091110200D7
:10125000CB12020091110200CF1202009111020084
:1012600091110200911102009111020091110200EE
:10127000D3120200522A26D0D22A89D10D2B05E0A2
:10128000062B0FD0142B83D10CE0052B80D909E05D
:10129000022BF8E7042BF6E7032B7FF679AFDB0789
:1012A0003FF576AF022C00F0F380DBF800309B684E
:1012B0009F0516D40BF144001BF0FAFE099BCBF8F6
:1012C0004430002486E7012BE0E7032BDEE7012B07
:1012D000D9E7002B7FF45CAFE4E709A81BF0E8FE38
:1012E00069E71E2C584600F0918318F01CF8074659
:1012F000002840F08280584618F010F800287CD072
:1013000004F07F03522B00F0BC80082C68D1B6B2E9
:10131000152E14BF02201020691D17F0EAFF0028C7
:101320005ED0DBF81430D8074BBF23F0010343F045
:1013300001033946012158464CBFCBF81430CBF895
:10134000143018F007F809980D9017F03AFB04468E
:10135000B0F80180B0F803900D981BF015FF152828
:1013600014BF0225102505342146284602F008FE48
:1013700021460390284617F0BCFF0490B8F1000FF7
:1013800000F04381C84500F24081022109200D9AF6
:1013900017F03AFBBBF80A708246023FBFB23E46E6
:1013A00040464FF0FF354946039A18F09EFA04462E
:1013B000002800F06C8118F06EF8002800F084819D
:1013C00001222146584618F00DF903468DF82E00EB
:1013D000002800F01F810D9A009222460821A3E008
:1013E000DBF8143013F001063CD023F00103002198
:1013F0005846CBF8143017F0ADFF1E2C63D8032CE1
:1014000066D9231F142B63D801A252F823F000BF22
:10141000DF160200D1140200CF170200D11402001F
:1014200047130200D1140200B5180200D1140200C3
:10143000D3180200D1140200E9180200D1140200EE
:10144000DD140200D1140200DD190200D1140200E3
:10145000D1140200D1140200F9190200D1140200C3
:10146000031A020043F0010301215846CBF814305F
:1014700017F070FF1223324621465846009617F0A7
:1014800032FB09A81BF014FE1BE700BF5455454171
:10149000099DBA4C284617F094FA2188B0F80160EB
:1014A0002A46584617F034FB2388BBF80A10B3428B
:1014B00028BF3346172BB8BF17235846ABF80A305E
:1014C00017F063FEFDE6522C00F08F82D22CD8D0AC
:1014D000099B002200932146062325E0099F3846F8
:1014E00017F06FFA0546B0F80180B0F803A038464F
:1014F0001BF04AFE15280CBF20460220691D02F091
:101500003FFDB5F8053004900793B8F1000F07D000
:10151000D04505D818F040FB50B91023009701E0E2
:101520000123009742461021584617F0DCFAC8E61E
:101530003A460221112017F067FA44464FF0FF3572
:10154000BBF80A3005909E1E0393063B9BB2B6B2D1
:10155000089351462046049A18F0C7F9814668B3AB
:101560005146079A18F00EFA0446484617F093FFC2
:1015700040B94FF6FF739C4201D00134A4B25445E8
:10158000E7D91BE04FF000030DAAADF8343049460F
:101590000CAB584618F0C3F8039ABDF83430053A3E
:1015A0009A42089A0690D8BF1346002DADF8343001
:1015B00009DB9D4202D1EB1CB34208DB691C1CD144
:1015C0000A230097AEE7351F9D42A8BF1D4604229F
:1015D00011A93846ADF84490ADF846401BF0F9FF2C
:1015E0002A46384606991BF0F4FF4FF6FF73043E77
:1015F000761B9C42B6B2C0D1E0E73946059B043564
:101600005D70584601F00CFD5BE60D9B00930123D5
:101610004246E3E6049B13B1204617F020FF204624
:1016200017F051FFD8B1002D54DC0DA81BF040FD80
:10163000082358468BF81C3050F80C2B40F202510E
:1016400092F870208DF8483000238DF8442011AABC
:10165000ADF84640ADF84A301BF05FFC31E6ADF81E
:1016600044000DF12E032146584611AA18F057F8F0
:10167000BDF844300590BB4228BF3B46002DADF875
:1016800044300ADBAB4202D16B1CB34209DB6A1C5B
:101690000D9B1FD100930A23BAE7B51E9D42A8BF38
:1016A0001D4602220CA90D98ADF830401BF091FFA9
:1016B0002A4605990D981BF08CFF4FF6FF73023EEA
:1016C000761B9C42B6B2E2D0601C80B28145BFF46A
:1016D0006AAEDCE702350D998AF8015091E7DDF832
:1016E0002490484617F06DF9B0F80330B0F8018047
:1016F0000493B8F1000F43D0984541D84FF6FF77D7
:101700004A460221052017F07FF94546BA46BBF844
:101710000A400590023CA4B22946584618F0C0F988
:10172000504506464BD04FF400622946584617F004
:1017300059FF00283ED1304618F04AFA00280CBF65
:10174000022310235745039320D0304618F040FA67
:101750000690384618F03CFA069B834203D1039B5F
:101760000133A34213DB384618F032FA059B0130EF
:1017700019465870584617F09FF9A2E5103300201B
:101780000123CDF8009042460421CDE637460DF105
:1017900046013046ADF8445002F048FC039B4846F1
:1017A0009A1C11A91BF015FF039B023CE41A554536
:1017B000A4B2D8D0049B0135ADB2AB42ACD24FF647
:1017C000FF739F42CFD10A23CDF80090DBE7DDF80D
:1017D00024900024484617F0F4F8B0F80530B0F82B
:1017E00003A0B0F801600746484603931BF0CCFC09
:1017F000C51FADB2102D0C9458D82A46F91D0DA85E
:101800001BF0E0F8002E53D0564551D84A4601212E
:10181000072017F0F9F8A046074633460A249A45F0
:10182000049307D93946BBF80A0017F0D0F803280B
:10183000049B04D8B8F1000F1AD039469AE7ADF8E6
:101840004430039B5846ADF848300DAB13930BAAB8
:101850000DF12E0311A9ADF846A0ADF8505018F0C7
:10186000BDF80A280446E5D0BDF82C3030B11E463C
:10187000234632460621CDF8009055E6ADF83030CB
:10188000BDF82E300CAAADF8323039460423BBF82F
:101890000A0017F0A7F84FF6FF72BDF82E309342FA
:1018A000CBD001334FF001089BB2B8E70424DFE747
:1018B0000124DDE70A23099C8BF81C30204617F031
:1018C00080F823460022B0F80110584616F035FB88
:1018D000F7E4099C204617F074F80C238BF81C30B1
:1018E000B0F803202346EEE7DDF82480404617F0E9
:1018F00068F8054640461BF047FC0023441EBBF831
:101900000AA08DF8343061D014F001075ED1204672
:1019100010F010FA064600285ED00AF1FF33224686
:10192000691C03931BF04EF8424601210F2017F06B
:101930006BF8B1460490002C04DC30461BF0D2FE5C
:10194000049917E739F8025B01222946584617F037
:1019500049FE023C8DF8340068B9284617F0BFFCF8
:1019600010B1284617F07BFD284617F0ACFD60B19A
:1019700080238DF8343030461BF0B4FE2A460E2109
:101980009DF83430CDF80080CEE529460DAB5846A1
:1019900011AA17F0C4FE9DF834300146002BEAD19D
:1019A000039BBDF84420DB1B9A42C2BF0AF1FF3300
:1019B000DB1BADF844304046BDF844201BF009FE67
:1019C000BDF844309842B8D31F44B4E7042300253F
:1019D0008DF834302E46CEE71123F8E75846099AA1
:1019E000B5F8011016F047FB6BE45846099AB5F8B4
:1019F000011016F09BFB64E45846099916F0D5FBDC
:101A00005FE45846697816F03BFC3AE516F058FC5E
:101A100037E500BF7FB5174A0646136842F6052032
:101A200023F00803136017F09BFF054650B168468A
:101A300002F05EF9002017F045FC044620B9294663
:101A4000FFF75AFB04B070BD1022684604F1210173
:101A50001AF059FF38B10121204617F07BFC636969
:101A600023F0010363611EB13146204618F049F8A6
:101A70002046E0E74420002007B5837801916A46BC
:101A8000082104488DF800301BF047FA03B05DF8D8
:101A900004FB00BFD81F00200022054BC3E903222E
:101AA000C3E905221A70DA614FF6FF725A84704753
:101AB000B41F0020014B1860704700BFB01F00200A
:101AC00082780D4B13B55A60B0F8032091B21029FB
:101AD00010D040F60344A1420CD041795B8C8DF8C4
:101AE0000210ADF8042005216A460448ADF8003024
:101AF0001BF013FA02B010BDB41F0020D81F002045
:101B000073B5837901900C33C418C35C132B0ED8C2
:101B1000042B10D9053B0E2B0DD8DFE803F01E0C6B
:101B20000C1E0C0C0C0C0C161A0C0C0C2300302B7D
:101B300013D03E2B1BD0F9F791FA019B834202D0C0
:101B400001A81BF0B5FA02B070BD2046FFF7B8FF40
:101B5000F1E7E2780E4B5A60EDE7204601A901F06B
:101B600009FEE8E7204601A916F0A2FDE3E70025FB
:101B7000084E019B3BB1204656F8043B01A90135B4
:101B800098470E2DF5D101A81BF092FAD3E700BFBC
:101B9000B41F002000E4030007B500F013F920B1E2
:101BA00003B05DF804EBFFF7ABBF00F017F901904D
:101BB00018B1054B1B681BB1984703B05DF804FBD7
:101BC00001A81BF075FAF8E7B01F0020024610B11B
:101BD000022804D07047032102481BF056B9FFF7D2
:101BE000DBBF00BFD81F0020024B1A78024B53F80E
:101BF00022301847B41F002038E4030010B5044613
:101C00000120FFF7F1FF034B00201C70BDE81040DE
:101C1000FFF7EABFB41F002010B50446062142F2C8
:101C2000050016F06AFC2368C0F80330A388A0F80A
:101C300007300648F9F734FA16F0A3FC407920B1D2
:101C400016F09FFC407940F4805010BDDB6003002B
:101C500010B5044606214FF6284016F04EFC2368C6
:101C6000C0F80330A388A0F807300648F9F718FA3F
:101C700016F087FC407920B116F083FC407940F4DF
:101C8000805010BDA5B1010038B505460C4669B9B4
:101C9000022142F21B0016F030FCB5F86E30A0F8BD
:101CA00003300D48BDE83840F9F7FAB9122142F285
:101CB0001A0016F022FC2146B5F86E30053020F8E7
:101CC000023C04F1100351F8042B994240F8042B14
:101CD000F9D10248E6E700BF67630300A36303008E
:101CE00001481BF003BA00BFC41F002040F6FF7379
:101CF0002DE9F3410D46B0F86E100192994205D1DD
:101D000001A81BF0D5F902B0BDE8F08111461346D9
:101D100001229BBB1E481BF099FAFFF7E1FF044626
:101D20000028F0D01BF030FA6379074603F0010871
:101D30006FF30003637104212046A6681BF04FFB7C
:101D40004379044668F300034371DB438179B6F8B5
:101D50006E200C31866003F001036254C2F303224B
:101D6000084442EA03124270478022463046294620
:101D700016F0A3FC2046F9F7A7F9CEE75C79986046
:101D800024F0030414435C7100221B68C1E700BF08
:101D9000C41F002070B50546064C206800B970BD10
:101DA0008368AB4204D106680FF05EFE2660F4E75C
:101DB0000446F2E7C41F0020014601481BF046BA62
:101DC000C81F002001481BF091B900BFC81F0020A8
:101DD000014601481BF03ABAC01F0020034BD868E7
:101DE00018B103F10C001BF081B97047B41F00203B
:101DF000044BDA6822B95869003818BF01207047CF
:101E000001207047B41F00200138C0B20A289ABFD1
:101E1000014B185C0020704740E4030007B50648FA
:101E20001BF064F9042101900DEB01001BF027FA6F
:101E3000019803B05DF804FBDC1F0020F7B51868BB
:101E400010F0020003D0164E316811B9012003B022
:101E5000F0BD0024042223460DEB020001941BF088
:101E60001DF9BDF80630DB0702D4FFF7D7FF0446A3
:101E700000250C4F57F8043B23B12146BDF8040060
:101E8000984748B13368002BE0D0074B022193F903
:101E900000000FF0BFFAD9E70135062DEAD1F1E7CE
:101EA000DC1F0020E01F0020CA2E002010B50948CA
:101EB0000FF0A0FA0024084B0849187020200C608D
:101EC0000FF01CFE064BC3E90044C3E90244C3E91A
:101ED000044410BD7C310020CA2E0020DC1F0020ED
:101EE000E01F002013B5C37A0093B0F80930D0F892
:101EF0000520D0F80110007801F01AFA04460348D2
:101F000000F0F8FE848002B010BD00BF2002040380
:101F1000FF2337B50DF107008DF8073001F036FAD1
:101F2000044604489DF8075000F0E4FE8480857163
:101F300003B030BD2003040110B5007817F031F86C
:101F40000446024800F0D6FE848010BD2002040A38
:101F500038B54B7905465B070C460CD41421204656
:101F6000054A16F0ABFB2046217916F058FC10B953
:101F7000A3791C44257438BD68E40300837810B548
:101F8000132B0C4608D1054B1B6803B1984720461C
:101F9000BDE810401BF08CB810BD00BFF81F00203A
:101FA00010B5837804461F2B10D80021007816F056
:101FB00059FB68B1A37861782078E21C16F054FFD1
:101FC0000446044800F096FE848010BD2124F8E702
:101FD0000224F6E72002560010B54178007816F08A
:101FE000BAFF0446024800F085FE848010BD00BFA1
:101FF000200256020020024B1870024B18707047E6
:10200000CC2E0020CB2E00202DE9F04183780D4608
:102010000D2B90B04FD109AC2646821C00F11A035B
:10202000274610685168083203C79A423C46F7D1E8
:1020300013881C213B8028461BF021F9BDF826405F
:102040002F6814F00C043ED138461BF09DF8A0F127
:102050000208A0450DDA4FF0FF3400239C428DF8B2
:102060001C301EDB01223946A31C07A81BF016F802
:1020700017E0631C0122394605A81BF00FF89DF8F4
:102080001430012BE9D023460122394607A81BF062
:1020900005F89DF81C3013B101331C44D9E78DF8C5
:1020A0001C3001F02DFA012808D0022837D050B991
:1020B00028461AF0FDFF10B0BDE8F0819DF81C30F5
:1020C00013F0010FF4D09DF82F0000F04BFC0446F4
:1020D0009DF8300000F046FC0DF11C089DF828200A
:1020E0000DF12901074605A8FEF7CCFF40469DF8F3
:1020F00036200DF13701FEF7C5FF0D4B1B78DB07CE
:1021000012D405A815F071FDCDE901053A46214626
:102110003046CDF8008005AB00F00CF8C8E79DF81C
:102120001C3013F0030FCDE74FF0FF30ECE700BF9A
:10213000CB2E00202DE9F74FB0F802C006461CF068
:10214000100F1C460C9F9DF934A0DDF838B033D039
:102150005FFA8CF51CF0080F184614BF05F008054F
:1021600005F00F0516F0F3FF8146384616F0EFFF35
:1021700096F90F3080465A46042113480193767829
:1021800016F0E1FB019BA0B105712268C0F80520A3
:10219000A28880F80B90A0F8092080F80CA0437367
:1021A00086733B68C0F80F30BB8880F81580A0F8B4
:1021B000133003B0BDE8F08FCDE90DAB0C9703B041
:1021C000BDE8F04F16F063BAA4E40300002110B597
:1021D000421D0379044608461BF028FA024648B11E
:1021E0006188208815F002FF0446034800F082FD54
:1021F000848010BD1A24F8E720020A0213B50446B1
:10220000007817F059F870B10023CDE90033E27877
:10221000B4F8011016F0A3F80446044800F06AFD73
:10222000848002B010BD2524F7E700BF20020A0415
:1022300073B5B0F80140C678051D007817F03CF87A
:1022400060B121462B460022009616F065F8044640
:10225000034800F04FFD848002B070BD2524F7E7ED
:1022600020020A0F014816F0A0BA00BF3831002042
:1022700010B5104B1B681C7FD4B1102C28BF102444
:102280001AF062FE621C81B200230820D2B20FF065
:1022900017FB044650B9084908481AF002FE0848DE
:1022A00008491AF0FEFD08480FF018FD204610BD41
:1022B0000424E5E7181E00209431002000200020AF
:1022C000FC1F0020A43100208C31002030B5124BBF
:1022D0000D469942144689B01BD1930011D505A92A
:1022E00006A80FF0D3FA082300220393059BE1B25E
:1022F0000293069B2846CDE9003241F000511AF0C6
:10230000A5FD064816F0E9FA00B10471012009B0F4
:1023100030BD0020FBE700BFFC1F002018E50300D4
:1023200022F00042B2F1A04F08B504D1034816F0E4
:10233000D4FA012008BD0020FCE700BF1CE5030023
:1023400070B5FFF78FFF90B1FEF754FE00260446EC
:102350002046FEF7B1FE0546064800F0CBFC86801D
:102360002268C0F80620A2880573428170BD02264B
:10237000014CEDE720090115F4E4030000200A4BAD
:1023800010B5187100F058FD04463CB901F02AF967
:10239000BDE81040054906481AF0A7BD204616F0D2
:1023A000BEFE6468F1E700BFBA250020B43100200A
:1023B000D81F002070B5002000F03EFD0126044625
:1023C000074D04B970BD94F8723033B12E7116F018
:1023D00069F91321204616F09EFE6468F1E700BFFC
:1023E000BA25002038B50023094C2360A380036878
:1023F0002360207816F08BFE054630B90548064963
:102400001AF04FFD608801F003F9284638BD00BF7F
:10241000BA250020D81F0020B431002022F000424D
:10242000B2F5887F2DE9F0471C4600F0E5800ED814
:1024300040F203139A423CD040F209139A4200F052
:10244000C5800E2A00F0B6800020BDE8F08740F27B
:1024500007239A424AD0B2F5037F59D040F20623AF
:102460009A42F1D120684C30FEF726FE25680746D7
:10247000664895F8736095F870A095F9759095F891
:102480007680A48816F029FA0028DDD0EB6C436032
:10249000B5F8503087720381731E5E425E41C6728A
:1024A00080F80CA080F80D9080F80E80A0F80F4006
:1024B000CAE7207800F0B2FC0028C5D0544894F850
:1024C0000090B4F80280A788E688257A648916F01F
:1024D00004FA0028B8D080F80490A0F80580A0F88D
:1024E0000770A0F80960C5728481ADE7207800F01C
:1024F00095FC0028A8D060782578FFF785FC044675
:10250000444816F0EAF900289ED0057144719BE713
:10251000A578012D1ED0022D2DD0CDB9E37894F8E9
:102520000080023BDBB2022B8CBF01253A4A94F9B2
:102530000470667998BFD55C94F90640374816F068
:10254000CCF928B180F8048045718771C671047296
:1025500001207AE7E37894F80080023BDBB2022B9B
:1025600098BF2D4A94F90470667998BFD55C94F9A8
:1025700006402B48E3E7E3782A48023BDBB2022B14
:1025800094BF254A012594F80180277898BFD55C2F
:1025900094F90490667994F9064016F09EF90028A3
:1025A000D6D0A0F804808771C57180F80890467273
:1025B0008472CDE723460822002113F8014B1A4804
:1025C00016F09CF90028C3D00471C1E7174894F8AD
:1025D00000806788A688E588248916F07EF900289F
:1025E000B6D080F80480A0F80570A0F80760A0F8C5
:1025F0000950A0F80B40ABE70D481C7816F06DF9B8
:1026000000283FF421AF04711EE700BF64E503001A
:1026100060E5030058E5030020E5030050E50300F2
:102620004CE5030054E5030048E5030044E50300DE
:102630005CE5030010B5007800F0F0FB40B1132119
:1026400016F069FD0446034800F054FB848010BD79
:102650002524F8E72002060570B5144606460D4607
:10266000204614210A4A16F029F82046217916F04E
:10267000D6F858B9A3790C331C44064BA6711B79C4
:10268000A5801BB1BDE8704016F00DB870BD00BF4D
:1026900040E50300BA250020024B00201A68024BD7
:1026A0005A607047101E00203831002010B5FDF729
:1026B0001DFD044630B9044816F04DF8044608B92B
:1026C000FDF73CFE204610BD3831002073B51C4696
:1026D00040F20A6322F000429A4206D8B2F5C06F77
:1026E00006D8032A20D00D2A57D0002002B070BD92
:1026F0006FF4C0631A44092AF7D801A353F822F0F3
:1027000007280200B3270200D7270200E7270200AC
:10271000FF270200EB2602001F28020035280200D6
:1027200055280200A128020000240DF102000DF13D
:1027300003018DF802408DF8034011F095FA01A8CD
:102740009DF802609DF80350019411F09BFA00B1CE
:1027500001945548019C16F0C0F80028C5D000230C
:102760004371C371037243726FF07203837201236A
:10277000C3720D2383746FF07C030822C3746FF05F
:1027800052030271037502226FF0250345EA062504
:102790008271C46005824375A7E7234604220021A5
:1027A00053F8044B414816F0A9F800289DD08480C6
:1027B0009BE7207800F032FB002896D03C48267832
:1027C00094F90150A47816F088F800288DD006718D
:1027D0004571847189E72478364816F07EF8002820
:1027E00083D0047181E725783348646816F075F862
:1027F00000283FF47AAF0571C0F8054075E72578E9
:102800002E486468F2E72E482578646816F065F86B
:1028100000283FF46AAF0571A0F8054065E7294834
:102820002578646816F059F800283FF45EAF05710A
:1028300044715AE7637824480D2B96BF234A01253B
:10284000D55C247816F049F800283FF44EAF0471A7
:1028500045714AE7637800210D2B98BF1B4A1C483D
:1028600098BFD55C6368A27888BF0125267816F0EA
:1028700045F808B1067145716378012B3FF635AF15
:102880008DF8043001220021114801AB247816F0A4
:1028900035F800283FF429AF01230471437124E780
:1028A00024780C4899E700BFA4E50300A0E50300E5
:1028B0008CE5030094E5030098E5030090E5030030
:1028C00088E5030084E5030080E5030068E5030074
:1028D0007CE5030078E503001422002101481AF08A
:1028E0003CB800BF0420002070B505460FF00AFE7A
:1028F0001A4C064663795B070ED414212046184A09
:1029000015F0DCFE2046217915F089FF20B1304614
:10291000BDE870400FF0FCBDA3790C3323442DB902
:102920001A79FF2AF3D001321A71F0E7012D05D18F
:102930005A79FF2AEBD001325A71E8E7022D05D10E
:102940009A79FF2AE3D001329A71E0E7032DDED1B4
:10295000DA79FF2A1CBF0132DA71D8E7042000209F
:102960009CE50300042828BF0020014B185C704739
:10297000A8E5030038B50546084800F037F90446D5
:1029800048B900F089F904461DB1054B1B689B79D5
:102990002B7000F099F9204638BD00BFBCE503005C
:1029A000202000202DE9F84380460D480F461646AA
:1029B0001D469DF8209000F019F978B9094B1C6864
:1029C00084F80480C4F80570C4F80960A4F80D50B8
:1029D00084F80F90BDE8F84315F0F2BEBDE8F88327
:1029E000B4E503002420002010B50446054800F09B
:1029F000FDF830B9044B1B681C71BDE8104015F0A0
:102A0000DFBE10BDACE503002420002038B505462C
:102A10000C460748012100F0F9F838B9054B1B684E
:102A20001D715C71BDE8384015F0CABE38BD00BFED
:102A3000CCE503002420002038B5054606480C46A6
:102A400000F0D4F838B9054B1B681D715C71BDE806
:102A5000384015F0B5BE38BDC4E503002420002081
:102A600010B50446054800F0C1F830B9044B1B68A6
:102A70001C71BDE8104015F0A3BE10BDD4E50300E5
:102A80002420002038B505460C460748012100F0F7
:102A9000BDF838B9054B1B689D80DC80BDE8384027
:102AA00015F08EBE38BD00BFECE5030024200020E9
:102AB00070B5064608480D46144600F097F848B928
:102AC000064B1B681E71A3F80550DC71BDE8704011
:102AD00015F076BE70BD00BFE4E5030024200020A1
:102AE00038B505460C460748012100F08FF840B97B
:102AF000054B1B681D71A3F80540BDE8384015F073
:102B00005FBE38BDDCE503002420002070B505461B
:102B10000B480E4600F06AF8044678B900F0BCF89D
:102B2000084B04461B6825B1D3F806202A605A8951
:102B3000AA800EB11B7B337000F0C6F8204670BD32
:102B4000F4E5030020200020044A0346106810B179
:102B500002789A4200D170470069F8E71C200020F3
:102B600008B515F0F6FDFFF7B7FE0022014B1A601D
:102B700008BD00BF1C20002038B50F4C054621467B
:102B8000204610F0BDFE4FF48270A8470B4B014663
:102B900018604FF48272204610F0B7FE4FF4827036
:102BA000A847074B014618604FF482722046BDE8E3
:102BB000384010F0AABE00BFFCE50300242000202E
:102BC00020200020084A136833B94178036141F09E
:102BD0000101417010607047197802789142FAD073
:102BE00003F110021B69EFE71C20002010B504461A
:102BF00018F00EFB28B9034B22681C60024B1B68BF
:102C00001A6010BD18200020242000202DE9F84F64
:102C1000046898464FEA042A0AF4E06AC4F30723DA
:102C20004AEA030A0AEB0209B9F5807F83460F4698
:102C3000154603D91D263046BDE8F88F18F0E8FA8E
:102C400006460028F7D1124B24F47F44C3F800B0A5
:102C500024F0C7040F4B44EA19244FEA09291B68E2
:102C60001FFA89F944EA090443F8044B53442A46FD
:102C70004146184619F0A6FE012F04D1FF2DD9D8E0
:102C800000F8015CD7E7022F08BF20F8025CD2E70A
:102C9000182000202420002008B5074B1A68074B95
:102CA00052F8040B1968064B49681B689847054B96
:102CB0001B68988808BD00BF242000201820002031
:102CC000C4310020202000200022024B1A6018F09E
:102CD000A7BA00BF18200020054B186808B1C368C8
:102CE0001BB1003818BF012070470069F6E700BF2C
:102CF0001C20002010B5034C23681860FDF74EFB24
:102D0000206810BD20200020F8B504460D4601467D
:102D10000020174615F01EFD0022184B184E1B68A8
:102D200020461C6033681A705A709A70DA7015F079
:102D3000EBFC18B165B94368220E2BB90F250DE0E5
:102D40005979914204D008331D68002DF8D1F5E778
:102D50003846A84733681B684BB9012524F47F40E7
:102D600020F0C70040F40070FFF7C4FF8580326890
:102D7000012052F8041B15F0EDFCF8BD24200020C2
:102D80002020002070B504460D461B4A13686BB323
:102D900093F87D10586811F0040129D110608C223D
:102DA000184693F8706019F0D8FD034680F87060FB
:102DB0002268C0F85A20A288A0F85E20A27980F884
:102DC00060202868D864AA79A98883F85220FF2255
:102DD00083F8752083F8762040F6FF72A3F86E2002
:102DE000064AA3F85010116813605960184670BD68
:102DF0001A1D0346CBE700BF2C200020282000200E
:102E0000054A0346106800B97047B0F86E209A4230
:102E1000FAD04068F7E700BF28200020054A0346A3
:102E2000106800B9704790F870209A42FAD0406854
:102E3000F7E700BF2820002010B9024B1868704740
:102E400040687047282000200023114A2DE9F041F6
:102E50008C2113608046024601200EF031FD0446AD
:102E600020B905460B4E3060A84502D82046BDE883
:102E7000F08101200EF08AFD07468C2200210135E9
:102E800019F06BFD87F8705037603E1DECE700BF0E
:102E9000282000202C200020012310B58B4090F822
:102EA0007110044621EA030149B280F8711000292B
:102EB00049D115F001FC204617F04CFD102104F11A
:102EC00018001AF0D6FB2046FEF764FF04F1380024
:102ED0001AF0EEF8204617F0A5FC214A13681BB142
:102EE0009C42596830D11160A36859050BD51A0569
:102EF00009D443F40063A18994F87000A36004F13D
:102F00007802FFF7A9FB00232046636019F0F1FF68
:102F100015F051FD4FF48072B2FBF0F2424394F889
:102F200070300344B3FBF2F102FB1133DBB2591EE4
:102F3000C9B2FD29F5D884F8703000236360094BCD
:102F40001A6852B91C6010BD1A465B68002BCBD0C2
:102F50009C42F9D163685360C6E7131D5268F0E7DD
:102F6000282000202C20002010B5084C206830B903
:102F7000BDE81040064B186001200EF0E5BC436828
:102F800090F871102360FFF787FFEFE728200020FB
:102F90002C20002090F8743003F00B03013BDBB2CF
:102FA0000A2B9ABF014AD05C002070470AE6030052
:102FB0001FB5014690F870308DF80430FFF7EAFF36
:102FC000B1F862308DF80C00ADF80630B1F864301D
:102FD00001AAADF80A30B1F866300748ADF80830FC
:102FE000B1F86C3040F20311ADF80E3019F095FFD6
:102FF00005B05DF804FB00BFD81F002007B590F8AE
:1030000070308DF8051001AA40F2072103488DF8B1
:10301000043019F082FF03B05DF804FBD81F0020D4
:1030200038B50A4B04461B680D462BB143699B0714
:1030300002D516F0C8F830B12A4620680421BDE850
:10304000384017F09DBBA3699D6138BD302000203A
:10305000014B1860704700BF30200020024B1868F9
:10306000003818BF012070473020002013B50446F7
:10307000019120B901A81AF01BF8212012E008469E
:103080000029FAD01AF080F880B20028F2D0094B5B
:1030900020461B6801994BB1984728B920460199F1
:1030A000FEF754F802B010BD0020FBE716F0A7FDB4
:1030B000F3E700BF30200020436A70B5590404468E
:1030C00016D4154A03F4004392F82B20012A10D19C
:1030D000826A92040DD4002B00F101010CBF532031
:1030E000142014F0B3FD18B9636A43F00803636257
:1030F00070BD002BFCD1094D661C29463046FDF7FA
:10310000E3FF0028F4D12B68C4F80130AB88A4F8A1
:103110000530AB79E371E7E7601F00206F1F0020E7
:103120002DE9F041244E86F82A00002841D000EB1A
:10313000C000C1000023012204200EF0C1FB05469F
:1031400058B904200EF022FC4FF048082F4630609A
:1031500096F82A30AB4203DC00252846BDE8F08112
:103160003468002108FB05441422A76104F13400EF
:1031700019F0F3FBA0224FF4A073C4E9072307233F
:1031800004F1100084F83130E773E77119F090FF13
:1031900004F1140019F08CFF204615F07BFD40F27D
:1031A0000113E3857F23A76284F83230676201351B
:1031B000CEE73060D0E700BF601F0020084A03461A
:1031C00092F82A10814209D9106840B103EBC30379
:1031D00000EBC300406A00F0010070470020704718
:1031E000601F002038B504460D46FFF7E7FF034691
:1031F00040B10020044B04EBC4041B6803EBC40380
:103200002B6038BD2120FBE7601F00202DE9F04F27
:103210000446344A93B0106851680FAB03C39068FA
:1032200012AA1860E37B94F82E7002EB430333F884
:103230000C1C636A94F82F60DA0444D401263746E4
:1032400041F0100194F80E80C3F340495B0348BF7E
:1032500049F002098BB288F00808012F94F800A009
:1032600094F831500B9304F1080BD4E90723C8F309
:10327000C00894F9324005D0022F03D0042F14BFA8
:1032800000270327012E05D0022E03D0042E14BFE1
:10329000002603265046CDE90C2315F005FDDDE997
:1032A0000C230121CDE90760CDE900515046CDE95D
:1032B0000547CDE903B90B99CDF8088001F0BEF8B8
:1032C00013B0BDE8F08FA26A950648BF41F0200117
:1032D000500648BF41F04001DA0348BF41F0040105
:1032E000B0E700BF16E6030037B5044648B10478DE
:1032F0002046FFF763FF10B9002003B030BD013452
:10330000E4B2074D95F82A30A342F5D9204601A929
:10331000FFF768FF08B90198EFE70134E4B2F1E77D
:10332000601F0020014B93F82A007047601F0020A7
:10333000F7B50E4601A915461F46FFF753FFF0B932
:10334000019C626A93050AD40F4BA6F120019942B1
:1033500017D8A5F12001994213D8AE4211D8E369DC
:10336000B34202D1236AAB4204D0C4E9076542F0FC
:10337000020262629DF82030A78584F8303003B0E5
:10338000F0BD2120FBE700BFDFFFFF00002370B589
:103390001349054691F82A4008689C4201DC1A202E
:1033A00019E0426AD60717D490F83960760713D42B
:1033B000DCB2034603F8014BD1F80F10094EC0F8F8
:1033C0000110B18842F009029980B1799971426285
:1033D000FFF71CFF2C7070BD01334830DDE700BFE4
:1033E000601F00206F1F00208378F7B5122B0E4658
:1033F00044D10B689A790C321344DD781F790DB1F2
:1034000045F48055384601A9FFF7ECFE00BB019C4E
:10341000636A23F01003636205BB40F20323A069D3
:10342000A56180F87670A0F87230D4F801301449A4
:10343000C0F85A30B4F80530A0F85E30E37980F86F
:10344000603000F009F9222229460D4819F085FA6A
:10345000304603B0BDE8F04019F02ABE204615F012
:1034600019FC636A5A0603D523F040036362EFE751
:10347000384604F13401FEF76BFDE9E703B0F0BD17
:103480008E1F002073B5144D144C6A68236802F037
:10349000800103F002030B431BD053064CBF0126EF
:1034A000A67AFDF7ABFD0196837983F00803C3F399
:1034B000C0030093E388A288217A607A00F07AFF43
:1034C00040B9236823F0020323606B6823F0800374
:1034D0006B60002002B070BD601F0020342000200F
:1034E00001210020054BA3F10802C3E9000043F8C5
:1034F000081C4FF010135172536070473C2000209D
:10350000014B187B704700BF34200020024BD87A53
:10351000003818BF012070473420002070B5224EBB
:10352000716811F002013AD1204D2B68580706D579
:10353000084600F065FF2B6823F004032B602B681E
:10354000726803F0080302F00402134310D0FDF781
:1035500055FD83791A071FD5FEF77AFB0446C8B9D3
:103560002B6823F008032B60736823F00403736057
:10357000FFF788FF044668B9EB7A5BB12B685B07FD
:1035800008D40121084600F03BFF50B92B6843F0F6
:1035900004032B60204670BDFEF73EFBDEE71124DE
:1035A000F8E70446F6E700BF601F00203420002043
:1035B000032805D10A4A136843F00803136008E0A2
:1035C000012808D1064BDA7A42B11A6842F00802A3
:1035D0001A60FFF7A3BF10F0FD0FEBD0002070477B
:1035E000342000200020094B10B55862FFF724FC5E
:1035F00004461CB9BDE81040FFF7B6BC204641F2B6
:10360000160115F001FD6468F3E700BF601F00209C
:10361000A0F11B03E02B10B5044618D8042142F298
:10362000240014F06AFF6FF06F0343714223A0F887
:10363000034083710748F7F733FD14F0A2FF407988
:1036400020B114F09EFF407940F4805010BD21203D
:10365000FCE700BF0565030037B504460D4615F0CD
:10366000FAFC6988204615F09BF96A7E2B7E20467D
:1036700043EA0223A4F862306A7F2B7F43EA0223E5
:10368000A4F86430EA7EAB7E43EA0223A4F86630F5
:103690001B23A4F86C302D4BDA8B1B8CA4F868200C
:1036A000A4F86A30022384F8723015F004F820463A
:1036B00017F02BF994F87330022B15D101F0F2F8C2
:1036C00070B194F9753001330AD105212046A36801
:1036D00043F48053A36003B0BDE8304015F01BBD38
:1036E0000021204615F05FF90021204600F006FA7F
:1036F0004FF6FF73288C984225D000F0A5F900946E
:1037000000F090F96A46ADF8040040F20621104836
:1037100019F003FC002240F20221204619F0B5FB0B
:103720002046FFF745FC204617F0FBF8204600F046
:1037300015FEA368012123F480432046A36015F001
:10374000F2FC03B030BD0020D9E700BF601F0020AD
:10375000D81F002007B590F870304FF4887101AA87
:1037600003488DF8043019F0D8FB03B05DF804FB72
:10377000D81F00202DE9FF4103780446302B0E4668
:1037800039D006D8052B25D0082B41D004B0BDE890
:10379000F0813E2BFAD183780C2B4BD8022BF5D934
:1037A000033B092BF2D801A252F823F0453802005E
:1037B000A93902008D3702008D370200413902001D
:1037C0008D3702008D3702008D3702008D370200E1
:1037D00095390200B0F80300FFF712FB28B16179B8
:1037E00009B141F4805115F00FFC304604B0BDE83A
:1037F000F04119F05DBCB0F80300FFF701FB0028B1
:10380000F3D0A17809B141F4805115F056FCECE7F2
:10381000B0F80300FFF7F4FA0028E6D0627990F8D8
:10382000743022B143F0010380F87430E9E703F00B
:10383000FE03F9E7212B00F0CC80292B1FD0202B91
:10384000D3D0A3E78088FFF7DBFA0028CDD0E27859
:10385000002ACAD1E179A27942EA0122A0F86220C5
:10386000E17AA27A42EA0122A0F86420227A617AFF
:1038700042EA0122A0F86620FFF79AFBB5E7C77875
:10388000851C3C2F02D115F0A3FBAEE790F8068013
:10389000B8F1000F23D15F4A546AC2F82480CFB137
:1038A0002946204647F4805715F0D5FBE76084F899
:1038B000728040F20121204601AACDE9014719F0AA
:1038C0002CFBA368414643F480632046A360FFF7C6
:1038D000E3FA8AE729462046FFF7BEFE85E74FF662
:1038E000FF73408C984220D000F0AEF8E8B101A8F8
:1038F000E27904F10801FDF7C5FB01A815F0FEFB14
:1039000028B140F203222946A0F87220E4E70321FF
:1039100040F2064014F0F1FDA388A0F803300D2317
:1039200043713D48F7F7BCFB5FE73C4B223455F849
:10393000042BA54243F8042BF9D12A881A8054E7B6
:10394000B0F80300FFF75CFA00283FF44EAF40F2F6
:103950000911B4F8053090F87020A0F86C308DF89B
:103960000420ADF80630227AE37943EA0223ADF869
:103970000830A27A637A43EA0223ADF80A30227B48
:10398000E37A43EA0223ADF80C3001AA244819F087
:10399000C4FA2AE78088FFF733FA00283FF425AFFE
:1039A000A179FFF72BFB20E78088FFF729FA002891
:1039B0003FF41BAF90F870300E218DF80430D4F82E
:1039C000063001AACDF80530D4F80A30CDF8093018
:1039D000DCE78088FFF714FA00283FF406AF90F880
:1039E00070304FF403718DF80430E37801AA8DF83C
:1039F0000530A3798DF80630E3798DF80730237A06
:103A00008DF80830637A8DF80930A37A8DF80A3082
:103A1000BCE700BF601F0020E96303008E1F002089
:103A2000D81F002050B10C22064B1B68C31AB3FBF1
:103A3000F2F3807A40EA032080B270474FF6FF70BD
:103A4000704700BFC8310020024609490B7A096857
:103A5000FF2B01D10020704703EB430301EB8300F0
:103A600031F82330C3F30B039342F4D0C37AEFE76A
:103A7000C8310020044908B508460FF041FFF7227D
:103A8000024B1A8008BD00BF22E60300103300205D
:103A900010B5044670B30068836CA34222D16368FA
:103AA00083642246144919F000FA04F10C0019F05D
:103AB00020FA04F1440019F0FBFAFFF7CFFA58B1ED
:103AC000A06948B1143019F0F3FAA069183019F060
:103AD000EFFAA06919F006FE2046BDE8104019F083
:103AE00001BE1346002BDCD05A68A242F9D16268AD
:103AF0005A60D6E710BD00BF5792030070B5054667
:103B000048200E4619F0ECFD04460146482226489E
:103B10000FF0FBFE84B1FFF7A1FA90B11C2019F061
:103B2000DFFD1C220146A0611F480FF0EEFEA369D5
:103B30002BB9204619F0D6FD0024204670BD002286
:103B40001A700321284614F02EFFAB6C22466360E6
:103B5000AC6417232681002663811449284625601A
:103B6000267766640DF014FE04F06AFB32460146C7
:103B700004F10C000DF00CFE02232374FFF76EFA23
:103B80000028DAD00A4B19881729D6D9204614F014
:103B900099FF0028D1D11221204615F021FB63693D
:103BA00043F002036361C8E722E603005792030073
:103BB00010330020F8B5054610B3002920DB114C66
:103BC0002468247E8C421BDD3F2919DC032701F089
:103BD000030600EBA10191F831407600B74002F0F6
:103BE000030224EA0704B240224381F8312013B1D2
:103BF000002115F0AFFB2846BDE8F84015F007BCE2
:103C0000F8BD00BF4C20002070B5164600221A7087
:103C100032800A7A0D46072A4DD8DFE802F00409FF
:103C20000D111A1E304AE86830F8023B338043E039
:103C3000EB68981D5B88F9E7EB68981D9B88F5E7B2
:103C4000697B15F0D4FB02221C4B18801846328089
:103C500032E002231A4833802EE01A4C2B7BE8898D
:103C600023702B88E11C013363702B8801331B12F6
:103C7000A37000F0DBF90330308020461CE0124CCA
:103C8000A889EB89020AA3701B0A20706270E37096
:103C900000F040FA58B1C3681A88022A07D19A780E
:103CA0002271DB78637106230748338004E0042324
:103CB000FAE780221A70002070BD00BFE62E0020B7
:103CC00032E60300D32E0020CD2E0020054A064BFD
:103CD0001860136843F001031360828B034B1A8052
:103CE000704700BF442000204C200020C025002049
:103CF00000232DE9F04FDFF8C09191B0D9F80070A2
:103D0000054617F00807CDE90633CDE908330AD098
:103D1000664B03F1100253F8041B934245F8041B51
:103D2000F9D1002011E00320F2F792F819F0D8FC45
:103D3000804648B10620F2F78BF819F0D1FC064610
:103D400030B9404619F0CEFC1A2011B0BDE8F08F12
:103D5000CDE90477F5F78CF8044668B1404619F0D0
:103D6000C1FC304619F0BEFC40F20740214600F08D
:103D70003DFE40F20740E8E74FF4A0524C4BC6E945
:103D80000323F369002B42D14FF410533380802377
:103D900010227380304604AB06A910F096FA044650
:103DA000A0B94046424A049910F06DFB044668B938
:103DB0008346404BBAB21B68D98891422FD8102253
:103DC0002946404605AB10F07CFB0446404610F007
:103DD000E4FA404619F086FC304610F0D4FC304638
:103DE00019F080FC049810F071F9002CBCD12F4B15
:103DF00005F1100255F8041B954243F8041BF9D154
:103E0000D9F8003043F00803C9F8003089E73B4691
:103E10003A464FF41051304610F0C1FCB7E71A682B
:103E2000BCB2210102EB04142046ADF80EB00191A2
:103E3000009215F0CFFE8246204600F03FF930B3E5
:103E4000DDE90021AAF5205080B2032802D9BAF595
:103E5000245F1ED1525A00202146ADF828200DF1D2
:103E60000D030DF10E02ADF82AA0FFF7CDFEBDF84F
:103E70000E2001460BA818F0A5FDBDF80E20404607
:103E800004320AA910F002FB044600289ED1013733
:103E90008FE70AF55640FF3080B20428F7D8525A0F
:103EA000ADF82AA0ADF82820E7E700BFE82E0020F3
:103EB0000002C0034C20002044200020134B014688
:103EC0001B6870B513F0040306D00022104B1C6869
:103ED000E38990B2834209D80E4A14680022E5892A
:103EE00090B2854209D84FF6FF7005E0A56835F815
:103EF000125001328D42ECD170BDA66836F81260C6
:103F000001328E42ECD1034498B2F5E74420002000
:103F1000482000204C200020094B1B685B070AD575
:103F2000084B1A68D389834203D9936833F8100089
:103F30007047C01A80B2044B1B689B68F6E700BF4D
:103F400044200020482000204C20002038B5046880
:103F500005460C222046084918F0D5FC50B902222B
:103F6000064904F10E0018F0CEFC18B902200C34FA
:103F70002C6038BD1020FCE735E6030043E6030063
:103F80002DE9F743102801910BD0022804D04FF6F9
:103F9000FF7003B0BDE8F083019B1888FFF78EFF28
:103FA000F7E701A8FFF7D2FF0228F5D01028EED1DD
:103FB0001B4B019F1E6816F0040608D00024194B05
:103FC000D3F80080B8F81660A5B2AE421AD8002522
:103FD000154BD3F80080B8F81690ACB24C45D6D249
:103FE000D8F81000102200EB0510394618F08BFCB1
:103FF00001350028F1D1A0196FEA40406FEA504026
:1040000080B2C6E7D8F81000102200EB0410394641
:1040100018F079FC01340028D6D145F40040B8E707
:1040200044200020482000204C200020020408B535
:104030001DD5124BC0F30E001B685B0713D5104B48
:104040001A68D38A98420CD2136903EB001000F16E
:10405000100350F8042B984241F8042BF9D110209A
:1040600008BDC01A80B2074B1B681B69EDE7FFF75C
:1040700053FF0870000A48700220F1E74420002036
:10408000482000204C20002070B5044642F603066C
:10409000094B1B681D68A5420AD2204629B915F0B4
:1040A00099FDB04206D1103402E015F09DFD08B133
:1040B000204670BD103CEEE74C200020437ADA0722
:1040C00002D5C3F380007047034BC2881B881A4295
:1040D00014BF012000207047C02500200A4B1B6838
:1040E000DB0708D570B1094B1B68DB88834234BFFE
:1040F00000200120704728B1054B1B88834294BFE4
:1041000000200120704700BF442000204C200020E8
:10411000C225002070B50246FFF7E0FFE8B10F4B63
:104120001968CD88954209D302F180500B68013897
:10413000040103EB00101B5B93420ED0002398B2E6
:10414000854201D8002008E00E681C01345B06EBB4
:104150000310944203F10103F1D170BD4C20002003
:1041600038B5124B04461B8842898B4228BF0B4648
:10417000172BB8BF17231146438115F006F8636962
:1041800023F002036361A3699D693DB100222946C2
:1041900020469A61BDE83840FEF742BF40F209412F
:1041A000204615F01AF8A3691D7038BD10330020A1
:1041B0000148FEF74DBF00BF4982020008B500214B
:1041C00042F20E0014F099F9BDE808400148F6F7F4
:1041D00067BF00BFD564030038B590F8723004465D
:1041E000032B154606D1FFF7E9FF0123002084F8D1
:1041F000723019E0C9B9012B2DD9032140F20640D4
:1042000014F07BF9B4F86E304571A0F80330134810
:10421000F6F746FF14F0B5F98378002BE5D014F0DB
:10422000B0F9807840F4805038BDA3B102214FF638
:10423000044014F062F9B4F86E30A0F80330084876
:10424000F6F72EFF14F09DF94379002BCDD014F032
:1042500098F94079E6E70220E6E700BFE96303004A
:104260001F640300F8B507460E4642F213000E2104
:1042700015461C4614F041F9B7F86E30A0F80560F9
:10428000A0F80330BDF81830A0F80750A0F80B30A4
:10429000BDF81C30A0F80940A0F80D30BDF8203062
:1042A000A0F80F300648F6F7FBFE14F06AF98078A4
:1042B00020B114F066F9807840F48050F8BD00BF5A
:1042C00061640300F8B507460D4642F219001C214F
:1042D0001C46164614F011F9B7F86E300F3020F86E
:1042E0000C3C2B6804F1100240F80A3C6B6820F883
:1042F000026C40F8063C234653F8041B934240F8F6
:10430000041BF9D10648F6F7CBFE14F03AF9807891
:1043100020B114F036F9807840F48050F8BD00BF29
:104320001163030070B506460D4642F27A0004217F
:10433000144614F0E2F8A0F8036045718471064851
:10434000F6F7AEFE14F01DF9407920B114F019F91A
:10435000407940F4805070BD6168030010B5044698
:10436000022142F2300014F0C8F8B4F86E30A0F820
:1043700003300F48F6F794FE14F003F9437963B95C
:1043800014F0FFF8C088FEF73BFD044628B114F096
:10439000F8F8017A2046FEF731FE14F0F2F8407981
:1043A00020B114F0EEF8407940F4805010BD00BF09
:1043B00061B40100F8B507460E4642F241000821FB
:1043C00015461C4614F099F89DF818304771C370D3
:1043D0009DF81C3086710371A0F80750A0F80940C1
:1043E0000648F6F75DFE14F0CCF8407920B114F0E1
:1043F000C8F8407940F48050F8BD00BF09B1010011
:1044000038B505460C4642F24200062114F075F814
:104410000023C57043718371C37103720471064830
:10442000F6F73EFE14F0ADF8407920B114F0A9F88B
:10443000407940F4805038BD69B101002DE9F04168
:10444000154606460F4642F2360019211C46DDF895
:10445000248014F052F82B0AC371230A83729DF84A
:104460001830857103739DF81C30447243739DF8B6
:1044700020302D0C240CC67087800572C4728373A3
:10448000D8F80030C0F80F30B8F804308676A0F8BD
:1044900013309DF8283043759DF92C3083759DF8B5
:1044A0003030C375002303769DF8343043769DF891
:1044B0003830C3760648F6F7F3FD14F062F8407919
:1044C00020B114F05EF8407940F48050BDE8F081EE
:1044D00009B2010038B505460C464FF619400521D2
:1044E00014F00BF8C57044600648F6F7D9FD14F0D7
:1044F00048F8407920B114F044F8407940F48050F5
:1045000038BD00BF7B60030038B505460C464FF64A
:104510001A40052113F0F1FFC57044600648F6F714
:10452000BFFD14F02EF8407920B114F02AF840793C
:1045300040F4805038BD00BFAB60030070B50D463D
:1045400006460121DAB1FFF7C5FF0446A8B90721E5
:1045500042F2350013F0D1FFC6702B684360AB8880
:1045600003810848F6F79CFD14F00BF8437923B15A
:1045700014F007F8447944F48054204670BDFFF7E6
:10458000C3FFE2E77D6203000A4610B5042104463A
:1045900042F2370013F0C6FF032303710023C470F7
:1045A000437183710648F6F77BFD13F0EAFF40790B
:1045B00020B113F0E6FF407940F4805010BD00BFF9
:1045C000716103000A4610B50421044642F2380026
:1045D00013F0A8FF032303710023C4704371837198
:1045E0000648F6F75DFD13F0CCFF407920B113F0DB
:1045F000C8FF407940F4805010BD00BFBD6103008A
:10460000F8B506460F4642F23900062114461D460B
:1046100013F073FF01238471240A0371C77046717C
:10462000C47105720648F6F73BFD13F0AAFF407906
:1046300020B113F0A6FF407940F48050F8BD00BFD0
:10464000096203000148FDF735BA00BF5146020078
:104650002DE9F04F867987B00C3605900546805BD2
:10466000C0F30B00FEF7CCFB044618B905A818F000
:104670001FFD4EE090F87230022BF7D1AB5B059A2C
:10468000C3F30B0103F44053B3F5805F9060A9536B
:1046900042D153796FF300035371836B002BE5D044
:1046A000042105A804F1380618F0E9FD3046059903
:1046B00018F0CCFDA06B002301465A1CA9BBDBB24D
:1046C000012B01D918F033FEA06B18F05DFD032813
:1046D0001FD9D4F83890484699F8067018F054FD60
:1046E0000C3709EB070539F80770A0F104084745B6
:1046F00022D9524FD4F838A007F1100957F804BB5B
:104700005346424629462046D8474F4510D00028F8
:10471000F4D007B0BDE8F08F383018F0C9FC059A26
:10472000537943F001035371BAE713460968C4E7AC
:104730000028EED130469AE7A06B18F025FD04372B
:104740008742F7D36988A1F140033F2B0BD804219E
:10475000304618F094FD2046A26B698816F05AF88E
:104760000023A363D5E705290BD0062961D00429CE
:10477000E0D1304618F083FDA16BA06CFEF776FC0B
:10478000EEE72946204616F043F802460028D1D12C
:104790002B79122B06D0132B36D02046697916F0D0
:1047A0000FF8C7E794F87330022BF6D040F67A4042
:1047B00029898B1F9BB2834224D86A89931F9BB29D
:1047C00083421FD891421DD8AB89B3F5FA7F19D225
:1047D00040F6764CEF89A7F10A0080B2604511D807
:1047E000B4F86A000290B4F86800CDE90070204681
:1047F000FFF738FD021E18BF01222046697915F027
:104800009BFF97E70122F8E794F87330012B03D15F
:104810002046697915F0D4FFA3681A048AD523F4D9
:104820000043A3602B89012B84D12046FEF792FF21
:1048300080E72046A16B16F066F891E748E6030092
:104840000C4B01461A789AB95B689B0710D490F913
:104850007520013218BF012291F8523013F0400048
:1048600005D091F8600010F0400018BFD0B270473A
:104870000122F1E750200020024B586800F00200AE
:10488000704700BF50200020024B586800F008001D
:10489000704700BF50200020014B1B68184700BF25
:1048A000D431002008B513F077F9022817BF034B65
:1048B0000020586800F0100008BD00BF5020002004
:1048C00007B502460846042802F0010113D9B1B920
:1048D00003200C4B5A6002F08003019302F0400366
:1048E000009302F0200302F0040200F087FB002096
:1048F00003B05DF804FB0029EBD00328E9D12120A7
:10490000F6E700BF5020002038B50D490D480DF0E6
:1049100031FA0446054688B90B4B0C4A1A600C4A1A
:104920005A600C4A9A600C4ADA6000F0A5FB032139
:1049300004462846FFF7C4FF084B1D70204638BDCB
:10494000EFBEADDEBEBAFECAD4310020F14F020088
:1049500083AC03003D5002000D5B0200502000209C
:1049600038B5044603200DF0E5F90546D0B194F8BA
:104970007030037094F8753043702046FEF70AFBE0
:104980002A46A87040F20261074818F07EFA074BE9
:104990002046DB680121984794F97500BDE838404E
:1049A000FBF7B8BF38BD00BFD81F0020D4310020AE
:1049B00070B5054608200E460DF0BCF9044680B1DE
:1049C00095F8703000210370064B4660DB6828467E
:1049D00098472246BDE8704040F20161024818F055
:1049E00054BA70BDD4310020D81F002038B5054618
:1049F00008200C460DF09EF9024638B1C0E900547B
:104A0000BDE838400D21024818F03FBA38BD00BF5C
:104A1000D81F002038B5054608200C460DF08AF94D
:104A2000024650B195F8703040F205610370446061
:104A30000248BDE8384018F028BA38BDD81F002019
:104A400013B504460191114612B301A904200DF0DB
:104A5000A1F9019B104A2046B3FBF2F102FB11338E
:104A600045F218020021019301AB16F069F8082005
:104A70000DF060F9024648B194F8703040F20461DC
:104A80000370019B4360054818F0FFF902B010BDA8
:104A900045F2180201ABE8E740420F00D81F0020A2
:104AA00010B5044601200DF045F9024648B194F8CE
:104AB000703040F203610370BDE81040014818F007
:104AC000E4B910BDD81F002038B5054608200C46B3
:104AD0000DF030F9024650B195F8703040F20761A0
:104AE000037044600248BDE8384018F0CEB938BDC4
:104AF000D81F0020014B5B68184700BFD43100204D
:104B000010B50446006C30B94FF4B07018F0E8FDF1
:104B1000206420B910BD4FF4B07118F0AAFDFF2336
:104B2000226C82F85E31A3681B0603D5054B012079
:104B30001360EFE794F87300034B0449012808BFA2
:104B40000B46F4E735B10300FD5F0200995B0200FC
:104B500010B50F4C2368D3B10022D3F8A0001A7708
:104B600083F83D2083F85E200FF0B0FA20684421DE
:104B7000603018F07EFD206821211D3018F079FD8D
:104B800020682121BDE810403E3018F072BD10BDF4
:104B900058200020036C53B983681B0609D490F891
:104BA0007320054B0548012A08BF1846704718684E
:104BB00070470348704700BF995B0200FD5F020029
:104BC00035B103002DE9F0438BB006AC884615469D
:104BD0000346264600F11007224618685968083334
:104BE00003C2BB421446F7D11021304618F033FD02
:104BF000002306200593F1F72BF918F071FD044608
:104C000048B3DFF880904FF4807115F0CEFE4FF47A
:104C10001051C0F8109015F09EFF8023102763807C
:104C200005AB2846029332463B464946CDE900870C
:104C3000F4F758F80546F0B93946404618F00BFD30
:104C40003946304618F015FD20460FF09CFD2046F1
:104C500018F048FD0BE06FF08C0140F20740FFF7C1
:104C6000C5FE1021304618F004FD6FF08C05284673
:104C70000BB0BDE8F083014640F20740FFF7B6FEF7
:104C8000DEE700BF0044400470B50E4604461546FA
:104C900092B020223046434917F035FE68B92022F1
:104CA0002846414917F02FFE38B9404B1B681B7D41
:104CB000002B63D040F203401BE0246C20223046DE
:104CC00004F1540117F01FFE38B92022284604F1E0
:104CD000740117F018FE0028ECD00620F1F7B8F8A0
:104CE00018F0FEFC044630B901461A20FFF77EFE9C
:104CF0001A2012B070BD00234FF48041009315F0CC
:104D000054FE2B4B44F21211036115F024FF4FF4B3
:104D100080736380042330468DF8043006F120024E
:104D20000DF1050350F8041B904243F8041BF9D120
:104D30000DF10500202118F08EFC28460DF1250309
:104D400005F1200250F8041B904243F8041BF9D1EE
:104D500020210DF1250018F07EFC01A96B464122AF
:104D600020460FF0B2FA014650B920460FF00BFD75
:104D7000204618F0B7FC00980FF0A8F90020B8E71B
:104D800010F1870F03D040F20740FFF72FFE2046B7
:104D90000FF0F9FC204618F0A5FC00980FF096F9EA
:104DA00088E700BF0DE70300EDE603005820002070
:104DB000000002092DE9F0439846002387B004461D
:104DC00006200E461746CDE90433F1F741F818F0F6
:104DD00087FC054660B3DFF884904FF4805115F0EE
:104DE000E4FD4FF41051C0F8109015F0B4FE80238C
:104DF00021466B801022284604AB0FF066FA044669
:104E000028BB05AB029310233246CDE90083494607
:104E10003B4604980FF086FB0446C0B904980FF097
:104E200055F928460FF0AFFC284618F05BFC0AE065
:104E30006FF08C0140F20740FFF7D8FD04980FF0A7
:104E400045F96FF08C04204607B0BDE8F083214699
:104E500040F20740FFF7CAFDE0E700BF0002C003D1
:104E60002DE9FF41044606208846F0F7F1FF18F0CF
:104E700037FC054648B901461A20FFF7B7FD6FF029
:104E80008C04204604B0BDE8F0814FF4807115F029
:104E90008CFD184B4FF41051036115F05CFE224657
:104EA0006C46802327466B8002F11003264610686B
:104EB0005168083203C69A423446F7D11021384669
:104EC00018F0C9FB43461022394628460FF0FDF979
:104ED000044620B1014640F20740FFF787FD10214C
:104EE000384618F0C6FB28460FF04DFC284618F04F
:104EF000F9FBC6E700444004FF282DE9F74318BF3B
:104F0000384C814618BF44EA00244FF006000F4693
:104F1000164608BF344CF0F79BFF18F0E1FB8046C3
:104F200000285AD0014620460FF0E4F805464046D6
:104F30000FF029FC404618F0D5FB15F1880F48D139
:104F4000B9F1FF0F47D10620F0F782FF18F0C8FB38
:104F5000044658B901461A20FFF748FD00200546CF
:104F60003C6006B1356003B0BDE8F08300231E4A03
:104F7000019343688260DAB222B923F0FF0343F061
:104F800001034360F0F7A4F9052808BF40F20113BC
:104F9000204608BF636040F2011115F006FD134B77
:104FA0004FF41051236115F0D6FD802301A920464E
:104FB00063800FF026FB014618B140F20740FFF76F
:104FC00015FD20460FF0DFFB204618F08BFB019CFF
:104FD000C4E7002DC2D02120C3E71A206FF08C0552
:104FE000BFE700BF0680040037000400004440040F
:104FF000014B1B68187A704758200020003918BFF1
:105000000121003B18BF012310B50B4C003A246866
:1050100018BF0122A3749DF808302070003B18BF10
:105020000123E3749DF80C302174003B18BF012369
:105030006274237510BD00BF5820002001280AD0DB
:1050400002280ED098B90B4B1A68936943F00103FC
:10505000002093617047074B1A68936943F002037D
:10506000F6E7044B1A68936943F00403F0E7212044
:10507000704700BF5820002010B5194C236833B981
:10508000A42018F02DFB206038B91A2426E0FFF781
:105090005FFDA421206818F0ECFA03224FF0FF31E5
:1050A000236810481A70D960002210211A771972EB
:1050B00083F83D200C4983F85E201A829A749A6125
:1050C0000CF066FB044648B9F3F7D2FE30B1224635
:1050D0000549044817F0E9FE40F20744204610BD98
:1050E000582000205C200020DFAA03002DE9F043B7
:1050F00083680446590687B040F1B48023F040032A
:105100008360FFF747FD734EB04203D0724B984265
:1051100040F0AB8094F9758004F13409B8F1FF3F99
:105120001DD112F039FD022872D0636B04201A8859
:105130008DF808201A4632F8021B090A8DF809106A
:10514000D3F8023002A9CDF80A3053680A22CDF80C
:105150000E30FBF76DFBB0F1FF3F804658D0A568DD
:1051600015F4807554D10620F0F772FE18F0B8FAE5
:10517000074698B901461A20FFF738FC204641F24D
:105180000601FFF715FC20460021FCF77DFD04F128
:10519000340007B0BDE8F04315F0F4BC2046FFF73B
:1051A000F9FC864228D14D4D394645EA0825284666
:1051B0000EF0A0FF064638460FF0E5FA16F1880F0C
:1051C0001BD1474D394645EA082528460EF092FF87
:1051D000064638460FF0D7FA384618F083FA9EB9DB
:1051E000606B2A4602A90A30FFF7ECFC78B3102165
:1051F00002A818F03EFAC1E72E462046FFF7CAFC87
:10520000354B8342E8D1DCE7314640F20740B3E753
:1052100094F87430DA0702D4A368DB05AED5002316
:1052200001A904F118000193FFF71AFE18B10198C3
:105230000EF04CFFA2E7606B019A02A90A30FFF75B
:10524000C1FC054601980EF041FF002DCFD120464C
:1052500002A9FCF719FD02A8102118F00AFA484625
:1052600015F090FC07B0BDE8F083636B1A88002A44
:1052700084D11C4A904203D01B4A90427FF47EAFF7
:105280000022013313F8011F00297FF477AF0132A8
:10529000082AF7D1206C019100F5987001A9FFF759
:1052A000DFFD0028C3D1606B019A02A90A30FFF725
:1052B00089FC054601980EF009FF002D97D1204684
:1052C00002A9FCF7E1FC02A8102118F0D2F904F1C0
:1052D0003400C5E7FD5F0200995B02000580040011
:1052E00003800400A56C02009D7B020038B50446D3
:1052F0000D460520022115F06EFB0246C0B18379F0
:10530000062103445D73204615F03AFA204645F421
:105310009051FFF74DFB94F87310064B064A204658
:10532000012914BF11461946BDE8384015F0E4BB09
:1053300038BD00BF995B0200FD5F02002DE9F0431C
:10534000804693B006200F4616469946F0F780FD3A
:1053500018F0C6F9054648B901461A20FFF746FB82
:105360006FF08C04204613B0BDE8F0834FF4804109
:1053700015F01BFB5D4B47F21211036115F0EBFBBF
:105380004FF480736B805A4B1A68137F022B21D124
:1053900002F1600302F1800153F8040B8B4247F8DD
:1053A000040BF9D102F1A00153F8040B8B4246F82B
:1053B000040BF9D1D2F8A0302846C9F800300FF01C
:1053C000E2F9284618F08EF9B8F1000F40F0868017
:1053D0000024C7E79369DB072DD5464B03F1200274
:1053E00053F8041B934247F8041BF9D1424B03F1D5
:1053F000200253F8041B934246F8041BF9D14B4694
:1054000020223E4928460EF060FF044628460FF051
:10541000BAF9284618F066F9002CD5D0214640F29A
:105420000740FFF7E3FAB8F1000F9BD00821404690
:10543000FFF75CFF96E7494628460FF0E2F804467E
:1054400090B1014640F20740FFF7D0FAB8F1000FE3
:1054500003D008214046FFF749FF28460FF093F993
:10546000284618F03FF97DE76B46412201A9D9F89B
:1054700000000EF0F0FE044628460FF084F928469E
:1054800018F030F94CB1214640F20740FFF7AEFA70
:10549000D9F800000EF01AFEC5E73A460DF10503F3
:1054A0000DF1250153F8040B8B4242F8040BF9D19E
:1054B00032460DF1450153F8040B8B4242F8040BC0
:1054C000F9D101A8412118F0D4F83846202118F06C
:1054D000C2F82021304618F0BEF875E7002245F2E8
:1054E0001601404615F01EFB72E700BF00000209DE
:1054F0005820002058E6030079E603002DE703005A
:105500002DE9F74390F873700446012F056C04D120
:1055100095F85031002B40F04F8195F85C3195F8AB
:105520005181032B00F2F180DFE803F00287AFD452
:1055300018F0010F7CD01121062015F04CFA81469D
:10554000002800F039818679102106440D36304656
:1055500015F00EFB014658B120460821FFF7C6FEA4
:10556000002140F2074003B0BDE8F043FFF73EBA28
:10557000A07CC0F11002304417F0EFF912F00CFBE0
:10558000022895F95E010BD032460521FBF7E4F8BD
:1055900090B10821204603B0BDE8F043FFF7A6BE56
:1055A00033461022052112F0F9FA28B1002140F209
:1055B0001B40FFF71BFAECE712F0EEFA02280FD1BE
:1055C000012F0DD004F1180306F1100256F8041B48
:1055D000964243F8041BF9D1A36843F48073A36097
:1055E0004A460621204615F0CBF80B21072015F07E
:1055F000F2F98146002800F0DF80867995F95E3166
:105600000C36064443F43F430821A6F80130F01C51
:1056100015F0AEFA0A22042195F95E01731C12F00E
:10562000BDFA0028C2D14A460621204615F0A8F846
:1056300095F85C31013385F85C3118F0020F1FD00A
:105640001121082015F0C7F90646002800F0B480A3
:105650000023817901AA01440D31FF20019315F047
:10566000F1FA40B108212046FFF740FE40F2074022
:105670000199FFF7BBF932460621204615F080F864
:1056800095F85C31013385F85C3118F0020F1CD0BD
:105690000821092015F09FF98146002800F08C8030
:1056A00086790C360644FBF7A5FC83794A4683F0DD
:1056B0000803C3F3C003737003680621C6F8023001
:1056C00083882046F38015F05BF895F85C31013350
:1056D00085F85C3118F0040F12D011210A2015F062
:1056E0007AF90646002867D0807910223044AB2131
:1056F0000D3017F032F932460621204615F040F8F9
:1057000095F85C31013385F85C31012F08D0236CAA
:1057100093F85031002B4FD195F85C31042B4BD1CD
:10572000A36C10220B2195F95E01313312F036FA89
:1057300078B140F21B412046FFF73AF9204B21494E
:105740002046012F08BF194603B0BDE8F04315F00D
:10575000D3B9A36C01220C2195F95E01203312F01C
:105760001DFA0028E5D1A36C10220D2195F95E01E8
:10577000213312F013FA0028DBD1082295F95E01DB
:10578000114604F1100312F009FA0028D1D1236C5C
:1057900093F85E2184F87520FF2283F85E2112F0D1
:1057A000FBF9022808BFA368204604BF43F48073B6
:1057B000A360FFF7D5F8C1E703B0BDE8F08300BFF1
:1057C000995B0200FD5F02002DE9F04F97B015468E
:1057D000DDE9209804AA06468C4692461C46524BA8
:1057E000229F03F1100B9646186859680833AEE8FB
:1057F00003005B457246F6D16B4620226146504657
:10580000FFF7D8FA8346002871D1484B05F1100202
:10581000089365238DF824300DF12503184655F8BB
:10582000041B954243F8041BF9D1102117F013FF14
:105830000DF13503184604F1100254F8041B94428C
:1058400043F8041BF9D1102117F005FF99F8063031
:10585000062183F00803C3F3C0038DF84530D9F85F
:1058600000300DF14600CDF84630B9F8043001247F
:10587000ADF84A3017F0EFFE98F80630062183F0B5
:105880000803C3F3C0038DF84C30D8F800300DF195
:105890004D00CDF84D30B8F80430ADF8513017F068
:1058A000DAFE002335228DF854306846239B08A980
:1058B0008DF85340FFF77EFA8346C0B91021239834
:1058C00017F0C9FE3B463522684608A98DF82040EE
:1058D000FFF770FA834650B9B27C0146C2F110025C
:1058E000384617F03AF81021384617F0B4FE102168
:1058F000684617F0BEFE352108A817F0BAFE102141
:10590000504617F0B6FEBBF1000F06D00821304616
:10591000FFF7ECFC17B0BDE8F08F5A4645F21201D4
:10592000304615F0FFF8F5E79AE603000062746C64
:1059300070B51E460423054696B014468DF8143003
:1059400001F120020DF1150351F8040B914243F8C7
:10595000040BF9D120210DF1150017F07CFE224631
:105960000DF1350304F1200152F8040B8A4243F88B
:10597000040BF9D120210DF1350017F06CFE04ABBA
:105980000293202301931A9B314600930E48412332
:1059900005AA0EF0D4FD0446412105A817F069FEC2
:1059A00054B1214640F20740FFF720F8082128466D
:1059B000FFF79CFC16B070BD224645F21501284643
:1059C00015F0B0F8F6E700BF00000209F8B504468C
:1059D000FEF736FF266C054628B394F975305F1C38
:1059E0000BD086F85E31FEF747FF0721012014F047
:1059F000F2FF024618BB1A2111E02046FBF76EF8B1
:105A000086F85E01236C93F95E310133EBD1FEF72A
:105A100033FF90B1A3685D0709D441F20521204608
:105A2000FEF7C6FF07E0FF2386F85E31EFE70521AA
:105A30002046FFF75BFC0020F8BD0025D5E7324982
:105A4000867909680C3691F800C0831983F801C083
:105A500091F81CE0281E18BF0120BEF1010F0DD1E6
:105A600083F802E0D870487C00B3D87800071DD4D2
:105A7000A3685B07DBD441F20321D0E78F69BEF155
:105A8000020F07F002070ED191F85EE0BEF1000FA1
:105A900009D04FF0010E83F802E0D870002FE2D158
:105AA00040F00800DEE74FF0000EF4E7BCF1030F12
:105AB00007D0096911F0FF1F1EBFD97841F004011A
:105AC000D97094F874108F0708D5D978480705D491
:105AD000BCF1030FCFD041F00401D970002D18BFE5
:105AE000032510215D7119719D71216C9059C1F8C8
:105AF0000600988848819B7920460B73062114F094
:105B00003FFE012098E700BF58200020204B10B531
:105B10001B6804469B6913F0040310D141B180F85F
:105B2000773090F87010BDE810401A4817F084B92B
:105B300090F87330012B03D18368580705D410BD4A
:105B4000022B02D183685907F9D494F9772094F88D
:105B50007730002AF3DBB3B9012384F8773094F867
:105B600077305B08EBD04FF47A7294F8701053439F
:105B7000084800220BF0EAFD94F8773063F07F03C9
:105B800084F87730DBE75A06E9D45B00E5E700BF2D
:105B9000582000205C20002045F21E0330B59942B9
:105BA0000446154689B010D845F21603994213D819
:105BB00045F20103994200F09F8145F20C0399429E
:105BC00022D0B1F5A04F00F09D812A46204609B0B1
:105BD000BDE8304000F0C0B9A1F5A043173B072B4A
:105BE000F3D801A252F823F0CD5C0200CB5B020097
:105BF000CB5B0200CB5B0200B55E0200CB5B020018
:105C00007B5E0200B95C020090F97730002B02DB6A
:105C10008268530707D520460921FFF767FB41F249
:105C2000092009B030BDAB792B449F4D5B7C2D68BA
:105C300003F008016D7CD5B121B90321FFF756FBB4
:105C40002120EEE713F0040F03F0010308D042F027
:105C50000802826093B9A36843F02003A36013E0B5
:105C6000002BF8D0836843F010038360F3E75807F4
:105C700044BF42F00802A260DB0703D5A36843F0EB
:105C80001003A3600029E6D1A368224643F0040371
:105C9000A360864920460BF07BFD0221204612F0CE
:105CA00082FE47F23053002245F21A0120460BF0E3
:105CB0004DFDA3689D054AD5A368580747D594F8BC
:105CC000700009B0BDE8304014F0B4BD90F87430F5
:105CD000D90745D590F9753001333AD094F91310AE
:105CE00001291DDCA26893060DD56F4B15071B68B3
:105CF00001D4187C38B1187F10B91878032802D065
:105D00009B6998072CD501290AD0674B12071B689D
:105D100001D41A7C22B11A7F12BB1B78032B1FD12E
:105D20000023CDE90433CDE9063311F035FF022815
:105D300001AB2DD1A06AE16A228E03C31A802046EE
:105D4000BDF8042004AB0DF10601FEF7BBFA0020FC
:105D500067E78368DA0616D4FEF78EFD0028BDD00B
:105D6000514B1B68197F022929D1DA7C3AB393F889
:105D70005E3023BBA3685B0717D52046FFF7B6FA52
:105D800041F202204DE7FEF75BFD0028E4D0E7E793
:105D90000A22022194F9750011F02EFF0028CED1BD
:105DA000CDE90100ADF80C00C9E7204641F202211F
:105DB000FEF7FEFD01212046FFF7A8FEE0E72046A2
:105DC000FEF79EFEA56860B96D0705D5082120463F
:105DD000FFF78CFA1A2024E71A212046FEF7E8FD87
:105DE000F8E715F0040508D0FEF74EFDC8B12046CF
:105DF00094F97510FEF768FEA9E722462B49204664
:105E00000BF0C6FC0221204612F0CDFD47F23053C4
:105E10002A4645F21A0120460BF098FCA368580761
:105E2000E2D494F97530591C15D048F2080040EAC4
:105E3000032080B2FAF7FCFB052194F9750011F0FC
:105E400098FE032194F9750011F093FE062194F950
:105E5000750011F08EFE226C2046D2F8583143F0C6
:105E60002003C2F85831FFF7B1FD00283FF46FAFAF
:105E700020460F4914F040FE69E7FEF705FD0028B3
:105E800062D0236C002B5FD0A26852075CD5D3F898
:105E90005831980658D42B78002BC2D105212046C2
:105EA000FFF724FA53E700BF5820002041AB03005E
:105EB000CD72020090F87430D90706D4234914F04B
:105EC0001BFE29462046FEF773FDA3685A077FF59F
:105ED0003EAF204645F21A0116F0AEFF204622469C
:105EE0001B4916F0E2FFA368022123F03C03204681
:105EF000A360FCF7D1FF2AE70246154915480BF0CD
:105F000047FC24E745F21A0116F096FFA36823F038
:105F10003E03A360236C2BB193F95E01431C01D0B7
:105F2000FAF702FD22462046094916F0BEFF224636
:105F30000749084816F0B9FF20460221FCF7ACFFDC
:105F4000204614F05DFE02E702206AE6995B02003B
:105F500041AB0300D81F002045F21703994210B54A
:105F6000044640D01AD845F20603994228D019D8E1
:105F700040F2012321F00201994213D190F87010F0
:105F80001A4816F059FF94F873300022012B4FF491
:105F9000A041204608D1FFF7FFFD03E045F21A03B8
:105FA000994204D048200AE000F028F8FAE71049A6
:105FB00014F0A2FD07212046FEF7FAFC002010BDD8
:105FC00093791A44517C41F49051FEF7F1FC94F816
:105FD0007310084A084B2046012914BF1146194680
:105FE00014F08AFDEAE70220E9E700BF5C20002008
:105FF00035B10300FD5F0200995B020045F21E030C
:1060000099422DE9F3410446154611D845F216038D
:10601000994214D845F20103994200F0258345F2D4
:106020000203994200F09880B1F5A04F00F022835E
:106030002A46204602B0BDE8F041FFF78DBFA1F52A
:10604000A043173B072BF3D801A252F823F000BF5F
:1060500071600200316002003160020031600200B4
:10606000256602003160020013620200ED61020049
:10607000974E33681A7F022A11D1DA7C7AB193F8ED
:106080005E3063B941F20221FEF792FC2046012105
:10609000FFF73CFD41F2022002B0BDE8F081A368A9
:1060A000590701D50220F7E72046FEF7C9FB336800
:1060B000051E1A7818BF0125032A07D019696AB28C
:1060C00011F0FF1F24D042F0040503E094F874207F
:1060D000920725D49A6996071FD41A7F012A1CD0EB
:1060E00045F0080502210B2014F075FC0246E0B1D2
:1060F0008379062103445D7394F97530204601339A
:1061000002BFA36843F00203A36014F039FB0CE064
:1061100094F874108F07D6D4DCE75B7C002BE1D0B9
:1061200041F203212046FEF743FCA368224643F0D8
:106130000403A360674920460BF02AFB0221204696
:1061400012F031FC47F23053002245F21A0120468A
:106150000BF0FCFA00209FE78368580703D494F9FA
:106160007730002B05DB236C53B1D3F85831D906B7
:1061700006D520460921FFF7B9F841F209208BE73F
:106180002046FEF7BDFC28B908212046FFF7AEF8EF
:10619000212081E7206CD0F8583143F01003C0F87B
:1061A0005831AB790C332B445A68C0F806201A8951
:1061B000428101229B7A0373236C9A71A26812F0C8
:1061C000040610D12246434920460BF0E1FA022191
:1061D000204612F0E8FB47F23053324645F21A01EE
:1061E00020460BF0B3FAA3689A05B3D5236C002BB5
:1061F000B0D0D3F85831DB06ACD594F97530013303
:1062000020D094F87430DF071CD5A36843F0020354
:10621000A360236C002B3FF445AFD3F85831DA0666
:106220007FF540AF9F063FF53DAFFEF72DFB10B366
:10623000A3689E071FD42B78EBB905212046FFF7F2
:1062400055F887E7FEF720FB94F9751040B14E1C16
:1062500002D1A3689807DCD42046FEF735FC79E725
:106260000846FAF755FA0028D3D094F87430D907C5
:10627000CFD4052189E794F97530581C15D048F220
:10628000080040EA032080B2FAF7D2F9052194F918
:10629000750011F06EFC032194F9750011F069FC92
:1062A000062194F9750011F064FCA368256C23F0B5
:1062B0000203A360D5F85831054F43F02003C5F819
:1062C00058313B68AA7A1B7A934205D906215CE7CC
:1062D0005820002041AB030094F9521094F852303A
:1062E0000029B2BF012383F00803C3F3C003102ABF
:1062F00028BF10222B7194F86030204683F00803E9
:10630000C3F3C0036B71A2746E7AFEF799FA00288A
:1063100036D0F10734D594F97530D4F840805A1C42
:1063200024D088F85E3106F00D063B689A69900724
:1063300004D41A7F012A01D0310701D406F0F706F0
:106340001A78032A1FD01B6913F0FF1F01D046F0F3
:10635000040694F874309A071BD5730719D40321E7
:106360002046FEF7C3FF40F2034095E62046FAF7C9
:10637000B5FB88F85E01236C93F95E310133D2D10D
:1063800006F00C06D1E71B7F002BE2D106F0FB06DE
:10639000DFE70721022014F01EFB01900028E2D065
:1063A00090F806C03A680CF10C0C137800EB0C0165
:1063B0004B70137F012B06D0022B46D192F85E3032
:1063C000003B18BF01238B701023CE7016F001061E
:1063D00008BF32460B711FBFEB7A2A7B03F0030321
:1063E0004B71236C14BF02F003024E718A7183F863
:1063F00051214A7983F8502150F80C20C3F80D2020
:106400008A88A3F811208A79DA7406B3206C90F890
:10641000501111F002061AD194F85210062281F0A0
:10642000080190F95E0104F14C03C1F3C00111F0C1
:10643000B5FB60B13146FEF7D9FA20460821FEF7D8
:1064400055FF01A816F034FE8DE70023BBE7019E3F
:10645000002E88D0FEF710FA95F809C078B11CF02C
:10646000010F04D0236C93F95E31013307D105216C
:106470002046FEF73BFF30460BF0F6FA88E63B6815
:106480000CF00802597C29B112B12A7C100703D400
:106490000321EDE7002A75D02A7C110772D5D5F8C3
:1064A000581141F00401C5F85811B5F8501121F404
:1064B000807121F00101A5F85011187F297A022876
:1064C0000BD071B942EA0C0212F0040248D185F8EF
:1064D0005D211B7C002BDBD10DE021B993F85E2000
:1064E0009ABB0221C4E7012283F83D20DA7C92BBEB
:1064F000042385F85D3132460621204614F040F928
:1065000095F85D31206C042B52D13B6800F59870F2
:1065100003F11D022D3352F8041B9A4240F8041B6C
:10652000F9D1D5F8583195F85D2103F00401002A1E
:1065300045D123F00203C5F85831E27400294AD04E
:106540005B49204614F0D8FA04E683F83D10DB7C62
:10655000002BC6D1CCE793F85E30002BC8D1C0E742
:10656000EA791978052A28BF0322524801EB8101F4
:1065700001448A5C85F85D211B7C002BBBD0002A7E
:10658000B9D185E71A7F012A02D12A7A002AAFD130
:106590001CF0040F03D12A7C12F0040297D0EA7990
:1065A0001978052A28BF0322434801EB8101DFE760
:1065B0001022002100F5987016F0CFF9B1E743F0F2
:1065C0000203C5F8583141B90123032AE37412D9F3
:1065D000042A7FF4BFAD3949B3E7A37C0F2B89BFF1
:1065E00094F87430012343F0080384F8743088BFB2
:1065F0000223E374A4E7012A07D02046304914F0AF
:106600007BFA2046FEF74CFAA4E520462C4914F00C
:1066100073FA3B68D968481C424242412046FEF763
:106620000FFA97E590F87430D90706D4254914F08D
:1066300063FA29462046FEF7BBF9A3685A077FF59F
:1066400089AD45F21A01204616F0F6FB2246204697
:106650001D4916F02AFCA36823F00403A36002215D
:106660002046FCF719FC75E50246174917480BF060
:106670008FF86FE545F21A0116F0DEFBA36823F0F0
:106680003E03A360236C2BB193F95E01431C01D040
:10669000FAF74AF9224620460B4916F006FC224634
:1066A00009490A4816F001FC204614F0A9FAD6E779
:1066B000B9710200ABE60300C4E60300D166020034
:1066C00029710200995B020041AB0300D81F002032
:1066D00073B545F20406B142044615460DD045F2A5
:1066E0001006B14222D0B1F5A04F38D114F063F9B1
:1066F000236CD3F85831D90720D5236CD3F858210F
:10670000D2070BD4AA7998330C3215446A1D15357B
:1067100052F8041BAA4243F8041BF9D1216CD1F8AA
:10672000583113F004030CD00F4904E0016CA83178
:1067300014F095F90D49204614F0DEF9002002B05E
:1067400070BD81F85C31012301F1B802009320464D
:1067500001F1A80301F5987114F007FCEEE702B00F
:10676000BDE87040FFF7F8BB7167020009680200DE
:10677000B1F5A04FF7B5044608D045F21105A9427E
:1067800036D003B0BDE8F040FFF7E6BB006C102147
:10679000B83014F0EDF960B108212046FEF7A6FDEF
:1067A00040F207400021FEF721F940F2074003B014
:1067B000F0BD256C95F85D6105F1A807013E022E3C
:1067C00001979CBFD5F82C0195F85C6105F1540147
:1067D0009EBFF04000F0010040F08000009005F105
:1067E0001402204605F1B80314F032FC0020DEE765
:1067F000016CA83114F033F92046024914F07CF9F9
:10680000F4E700BF0968020045F2100330B5994271
:10681000044685B000F0A6800CD8B1F5A04F27D073
:1068200045F20503994228D0204605B0BDE8304026
:10683000FFF792BB45F21103994200F0B08045F298
:1068400012039942F0D1016C91F85D3113B1043B10
:10685000012B03D82046B83114F0E5F8236C93F8E7
:106860005D31042B40F2DF80052B03D16F4992E0AC
:1068700014F0A1F8002005B030BD9179036C0C3103
:106880000A44511DC833153251F8040B914243F8A4
:10689000040BF9D1206CD0F8583113F0040354D014
:1068A00090F85D31042B22D1614B1B6893F85E5048
:1068B00065B1002100F114020091114600F5A070AD
:1068C00001903E33204614F0C3FBD3E71021B830CB
:1068D00014F04EF958B108212046FEF707FD40F2AA
:1068E00007402946FEF782F840F20740C3E7216CD3
:1068F00091F85D3101F1C80213B1043B012B12D8AC
:1069000001F1F803039301F59873029304F15A031C
:10691000019304F15303009301F1B8032046D831E9
:10692000FEF752FFA6E701F5A073019391F85C0111
:10693000D1F82C31C34003F0010343F080030093EE
:10694000134601F154021431BCE780F85C3100F1C8
:10695000C802009300F5987100F5A073204614F06A
:1069600004FB87E7056C102205F1980105F5A0707E
:1069700015F0C9FF20B104212046FEF7B7FC79E7E6
:10698000D5F858312B499B0742BF94F8743043F037
:10699000020384F87430204614F0AEF86AE7056C00
:1069A00095F85D3105F5A070042B1ED1204B102207
:1069B00019684E3115F0A7FF0028DCD1102105F130
:1069C000B80014F0D5F8216C01F1F803039301F538
:1069D0009873029304F15A03019304F15303009353
:1069E00001F1C80201F1B80398E70146102205F150
:1069F000980015F088FF0028BDD105F1B8012046A8
:106A000014F011F8216C91F85C310133DBB2142BD6
:106A100081F85C31D8D0D1F8583123F00103C1F8A6
:106A200058310549B7E70549B5E700BF416A02009B
:106A300058200020A56C0200D1660200F96A02000D
:106A400045F21403994213B504462BD00CD8B1F586
:106A5000A04F13D045F20E03994232D0204602B027
:106A6000BDE81040FFF778BA45F219039942F5D115
:106A7000137813BB0C21FEF739FC10E013F09BFFD9
:106A8000216C204601F59473019301F1B803009342
:106A900001F1540201F1C803143114F051F900203E
:106AA00002B010BD036CD3F82821114BB2FBF3F1F7
:106AB00003FB1121FDF7AEFFF1E70E4914F01CF8BE
:106AC000EDE79179036C0C310A44511D03F5847391
:106AD000153251F8040B914243F8040BF9D1226CA2
:106AE000D2F8583143F00803C2F85831D7E700BF55
:106AF00040420F00F96A0200F0B545F20E06B142BD
:106B0000044615468DB00ED045F21306B1425CD056
:106B1000B1F5A04F40F0BD8013F04DFF236CD3F8CA
:106B20005831190757D5236CD3F8582112070CD4C4
:106B3000AA7903F584730C3215446A1D153552F891
:106B4000041BAA4243F8041BF9D10023256CCDE9AC
:106B50000833CDE90A3385F85C3195F85D310DF1E4
:106B6000200C042B2AD14D4B1B6893F83D205AB1C1
:106B7000674603F11D022D333E4610685168083206
:106B800003C69A423746F7D105F5A073069304F180
:106B90005A03059304F153030493EB7905F1C802FA
:106BA00003932B7A02936B7ACDE900C305F1B80306
:106BB000204605F1F80114F037F90CE0013B022BF7
:106BC0009CBFD5F82C310893DEE7056C95F85C3155
:106BD00023B1012B54D000200DB0F0BD102205F5DB
:106BE000A07105F5847015F08EFE20B10B212046B2
:106BF000FEF77CFBEFE7D5F858310DF1200C9B0731
:106C000042BF94F8743043F0020384F874300123D7
:106C100085F85C310023CDE90833CDE90A3395F8D6
:106C20005D31042B25D11D4B1B6893F85E205AB1B2
:106C3000674603F13E024E333E4610685168083203
:106C400003C69A423746F7D105F58C73069304F1D3
:106C50005303059304F15A030493AB7B05F1B80287
:106C60000393EB7B02932B7CCDE900C305F1C803B2
:106C70009EE7013B022B9CBFD5F82C310893E3E73C
:106C800005F58C7113F0B3FE2046054913F034FF6F
:106C9000A1E70DB0BDE8F040FFF75EB95820002035
:106CA000A56C0200B1F5A04F73B50446154677D028
:106CB00045F21B06B14240F0F68090F87430DB07D5
:106CC00066D5056CB5F850312BB1794913F014FF36
:106CD000002002B070BDD5F858315E0747D56B7AF9
:106CE000D80744D52B7CD90741D5A36C10220B21A2
:106CF00095F95E01313310F051FF38B140F21B417C
:106D00002046FDF755FE40F21B40E2E7A36C206CE5
:106D100001220C2190F95E01203310F03FFF002882
:106D2000ECD1A36C206C10220D2190F95E0121336F
:106D300010F034FF0028E1D10822206C114690F9B0
:106D40005E0104F1100310F029FF0028D6D1236C56
:106D500093F85E2184F87520FF2283F85E21204697
:106D6000544913F0C9FE2046FDF7FAFDB0E705F5DA
:106D7000987304F1180205F5A07553F8041BAB4293
:106D800042F8041BF9D1A36843F48073A360E6E7DB
:106D9000484913F0B1FE29462046FDF709FE97E762
:106DA000036CD3F8582112F0040245D05A7AD20766
:106DB0008ED51B7CDB078BD510F0EEFE0228206CF5
:106DC0000ED000F59872032190F95E01F9F7C4FC2A
:106DD00000283FF47DAF08212046FEF787FA92E7AE
:106DE00000F598731022032190F95E0110F0D6FE91
:106DF00028B1002140F21B40FDF7F8FDEBE7206CC5
:106E0000102200F59873052190F95E0110F0C6FE7E
:106E10000028EED1236C04F1180103F5987203F5F4
:106E2000A07352F8040B9A4241F8040BF9D1A368FD
:106E300043F48073A3604BE7D3F8B810C3F8D010C5
:106E4000D3F8BC100192C3F8D410006C01A900F56E
:106E50009870FEF705F848B101980DF037F9204613
:106E60000821FEF743FA40F2074032E7206C019A0E
:106E700000F59871C830FDF7A5FE05460198002D74
:106E8000EBD10DF023F9236CA07C03F59873294610
:106E9000C0F11002184415F060FD216C2046B83195
:106EA00013F0C1FD14E702B0BDE87040FFF754B81D
:106EB000B96E0200FD5F0200B1F5A04F2DE9F0416F
:106EC0000446154600F01E81A1F5A043DE1F042EE6
:106ED00000F21F819279083B0C321544026C92F843
:106EE0005021032B05D8DFE813F047009300C400BE
:106EF0000A01D10740F1BB80053510222946874899
:106F000015F001FD002800F09C8010F045FE0228DD
:106F1000206C27D02A46032190F95E01F9F71CFC6A
:106F20000026074610F038FE022812D194F873307C
:106F3000012B0ED12B4604F1180205F1100153F874
:106F4000040B8B4242F8040BF9D1A36843F480731D
:106F5000A3601021284616F08CFB002E6CD0002177
:106F600030462FE02B461022032190F95E0110F0ED
:106F700015FE00270646D5E712F0010777D010F07E
:106F80000BFE022821D0236C062093F95E81EEF7D8
:106F90005FFF16F0A5FB064608B91A26DFE7014693
:106FA0005F4840EA08200DF0A5F8804630460DF015
:106FB000EAFB304616F096FBB8F1000F05D04146CB
:106FC00040F20740FDF712FD37E0206C05F105089F
:106FD00043460A22022190F95E0110F0DFFDD5F848
:106FE00005300646A362D5F80930E362B5F80D30E6
:106FF00023860028B3D1226C92F8503123EA07038C
:1070000082F850312046FEF77BFA0020BDE8F0817F
:1070100092072CD510F0C0FD022805F10505206C63
:1070200016D006212A4690F95E01F9F795FB10214A
:107030000746284616F01DFBCFB108212046FEF773
:1070400055F920460821FEF751F940F20340DDE7EB
:1070500006212B46102290F95E0110F09FFD064696
:107060001021284616F005FB002E7FF478AF00278C
:10707000C1E79307FBD510F08FFD02281AD0236CCF
:10708000062093F95E71EEF7E3FE16F029FB064643
:10709000002882D00146234840EA07200DF02AF854
:1070A000074630460DF06FFB304616F01BFB0FB164
:1070B000394685E7697989B90A466B1D13F8010FCE
:1070C00060B90132062AF9D194F85210206C81F08F
:1070D000080104F14C03C1F3C00106E000394FF090
:1070E000060218BF0121206CAB1D90F95E0110F063
:1070F00055FD064600287FF432AF02277BE702F0F9
:10710000040778E713F057FC0022236C83F85C2116
:1071100078E7BDE8F041FEF71FBF00BFDDE60300E2
:10712000038004000680040070B545F20406B142F5
:107130000446134624D045F21806B14206D0B1F5F4
:10714000A04F32D113F037FC002070BD11684D1CE8
:1071500003D10121FEF7CAF8F6E7026CD2F8580114
:10716000400743BF002182F85C111B68C2F8301150
:107170002046104948BFC2F82C3113F0BDFCE3E7AC
:107180009979026C0C310B44591D9832153351F822
:10719000040B994242F8040BF9D1226CD2F8583111
:1071A00043F00103C2F85831CEE7BDE87040FEF766
:1071B000D3BE00BFD166020045F215039942F7B570
:1071C000044651D00CD8B1F5A04F19D045F20D03AB
:1071D00099421BD0204603B0BDE8F040FEF7BCBE8C
:1071E00045F216039942F5D1016C01F1D8030093E1
:1071F000D1F8943001F134021431FEF799FB01E02B
:1072000013F0D9FB0027384603B0F0BD93790C3357
:107210001A44551D02F1250632462946FDF734FD74
:10722000074620B10B212046FEF760F8EBE7294620
:10723000236C143351F8042BB14243F8042BF9D1D9
:10724000236C01F12002343351F8040B914243F8CE
:10725000040BF9D1216C204601F1940301F1740271
:107260005431FEF76BF8CDE713F015FC236C93F85F
:107270005D31052BC6D8DFE803F0190311111E1983
:1072800020460E4913F038FC0D4B20461B68D96888
:107290004B1C5A425A41FDF7D3FBB3E7204607493E
:1072A00013F02AFC2046FDF7FBFBABE7054920461F
:1072B00013F022FCA6E70449F9E700BF2971020098
:1072C000582000207167020009680200F8B545F2F5
:1072D00016039942044600F061810BD8B1F5A04F26
:1072E0000ED045F2030399420ED02046BDE8F84087
:1072F000FEF732BE45F217039942F6D1022002E0B2
:1073000013F059FB0020F8BD9379056C0C33D618A7
:10731000F379DF0708D4FDF7AFFA28B1052120463D
:10732000FDF7E4FF2120EEE79E4F327A3B681B7A9F
:107330009A4201D20621F2E7D6F80530C5F80E30A0
:10734000B6F809306B8202236B7394F9523094F8CB
:107350005210002BB2BF012381F00803C3F3C00316
:107360006B7194F8603083F00803C3F3C0032B7192
:10737000337A102B28BF1023A374F379D8072BD5A9
:107380006B7ADA0728D5737AEA7A134085F8513197
:10739000B37A2A7B134085F8503195F95E31013379
:1073A0001ED0206C90F850319B0719D481F0080151
:1073B000062290F95E0104F14C03C1F3C00110F004
:1073C000EDFB68B140F21B412046FDF7F1FAA368DE
:1073D0005907A7D50821A2E7002385F85131DAE73C
:1073E0003B68F079597C00F0080229B112B16A7A41
:1073F000120703D4032192E7002A79D06A7A110791
:1074000076D5D5F8581141F00401C5F85811B5F8F2
:10741000501121F4807121F00101A5F8501193F869
:107420001CC0B179BCF1020F02D019B3022176E77A
:1074300089B1012283F83D20DA7CB2B9042285F8B3
:107440005D21A27C0F2A27D994F8742042F008020B
:1074500084F8742020E093F85E20002AE6D0DA7CDD
:1074600083F83D10002AE1D1E8E793F85E20002A76
:10747000E4D1DBE7024312F004023FD072794A49BB
:10748000052A28BF0322187802EB82020A44125C04
:1074900085F85D21002AD4D1197C95F85D2109B1C8
:1074A000002AA7D0206C042A00F598703AD103F185
:1074B0001D022D3352F8041B9A4240F8041BF9D1E7
:1074C000D5F8583195F85D2103F004017ABB23F01B
:1074D0000203C5F85831E27400295AD0216C2046C5
:1074E00001F1940301F174025431FDF727FF09E71C
:1074F0001A7F012A05D1B2791AB1042285F85D21DB
:10750000CAE7420703D46A7A12F00402F6D072790D
:107510002649052A28BF0322187802EB82020A4472
:10752000125CEBE71022002115F017FAC8E743F0D0
:107530000203C5F8583149B90123013AE374032A1B
:107540003FF6E0AEDFE802F010181025A37C0F2B09
:1075500089BF94F87430012343F0080384F8743031
:1075600088BF0223E374B9E72046114913F0C4FA37
:107570002046FDF795FAC5E620460D4913F0BCFA02
:107580003B682046D9684B1C5A425A41FDF758FACD
:10759000B8E60849204613F0AFFAB3E613F07BFAD9
:1075A0000549F7E758200020ABE60300C4E60300D6
:1075B000A97F0200857E0200BD75020045F20D0321
:1075C0009942F7B5044627D00DD8B1F5A04F1DD08C
:1075D00045F20403994200F08F80204603B0BDE8D5
:1075E000F040FEF7B9BC45F21103994200F0A680C5
:1075F00045F215039942F0D1006C90F85D31052BEE
:1076000006D8DFE803F0503A423A555013F0D3F968
:107610000027384603B0F0BD93790C331A44561D49
:1076200002F125052A463146FDF72EFB074620B11B
:107630000B212046FDF75AFEEBE73146236C14334D
:1076400051F8042BA94243F8042BF9D1236C01F122
:107650002002343351F8040B914243F8040BF9D162
:10766000216C204601F1D8030093D1F8943001F148
:1076700034021431FEF75CF9CAE720463B4913F0A7
:107680003BFA2046FDF70CFAC2E72046374913F0D3
:1076900033FA374B20461B68D9684B1C5A425A4173
:1076A000FDF7CEF9B4E73349204613F025FAAFE7EA
:1076B0002F4B1B6893F85E5065B1002100F1140256
:1076C00000F5A07001900091204611463E3313F062
:1076D000BFFC9DE71021C83013F04AFA00283DD0C6
:1076E00008212046FDF702FE294640F20740FDF73B
:1076F0007DF940F207478CE79179036C0C310A441D
:10770000511DA833153251F8040B914243F8040B74
:10771000F9D1256C102205F1A80105F1980015F0AA
:10772000F2F820B904212046FDF7E0FD70E7D5F816
:10773000583143F00103C5F8583169E70C4B056C2B
:10774000196810224E3105F5A07015F0DCF80028FC
:10775000E8D1102105F1C80013F00AFA216C204687
:10776000C83113F060F904499EE700BFA97F020009
:1077700058200020DD7D02007D77020045F21003D5
:10778000F0B59942044685B000F087800CD8B1F579
:10779000A04F1CD045F2050399421DD0204605B0EC
:1077A000BDE8F040FEF7D8BB45F21103994200F066
:1077B0008D8045F212039942F0D1036C93F85D314C
:1077C000042B40F2B380052B03D159497BE013F021
:1077D000F2F8002005B0F0BD9179036C0C310A4439
:1077E000511DB833153251F8040B914243F8040B84
:1077F000F9D1256C102205F1C80705F1B80631460C
:10780000384615F080F820B904212046FDF76EFDBA
:10781000DFE7D5F8583113F0040332D095F85D3125
:10782000042B13D105F1F803039305F59873029324
:1078300004F15303019304F15A0300933A4633468B
:10784000204605F1D801FDF7BFFFC2E705F5A0709E
:1078500005F1140105F1540201900BB1052B06D17D
:10786000002300932046334613F0F2FBB1E795F86E
:107870005C01D5F82C31C34003F0010343F08003D1
:10788000EFE785F85C3132460093204605F5A0739A
:1078900005F5987113F069FB9BE7056C102205F163
:1078A000A80105F5A07015F02EF80028ACD1D5F888
:1078B000583120499B0742BF94F8743043F00203CB
:1078C00084F87430204613F017F982E7056C102213
:1078D00005F1A80105F5A07015F015F8002893D161
:1078E00095F85D31013B022B0FD895F85C310133DF
:1078F000DBB2142B85F85C3107D0D5F858310E492E
:1079000023F00103C5F85831DCE705F1F8030393D0
:1079100005F59873029304F15303019304F15A039C
:10792000009305F1C80205F1B80389E70349CAE7E6
:10793000417902009D7B0200857E0200C179020030
:1079400073B545F21406B14204461AD045F2190641
:10795000B14221D0B1F5A04F28D113F02CF8216C01
:10796000204601F59473019301F1B803009301F1EE
:10797000140201F1C803543113F0E2F9002002B0FF
:1079800070BD036CD3F828210B4BB2FBF3F103FB62
:107990001121FDF73FF8F1E713781BB90C21FDF732
:1079A000A5FCEBE7054913F0A7F8E7E702B0BDE84F
:1079B0007040FEF7D1BA00BF40420F00C17902000B
:1079C000F0B5B1F5A04F05468DB008D045F21304CF
:1079D000A14244D00DB0BDE8F040FEF7BDBA00238F
:1079E000046CCDE90833CDE90A3394F85D310DF12B
:1079F000200C042B2CD11F4B1B6893F85E205AB12E
:107A0000674603F13E024E333E4610685168083225
:107A100003C69A423746F7D104F58473069305F1FD
:107A20005303059305F15A030493E379284603931E
:107A3000237A04F1C8020293637A04F1F801CDE9D4
:107A400000C304F1B80313F0EFF900200DB0F0BD4E
:107A5000013B022B9CBFD4F82C310893DCE7016C6E
:107A600001F5847112F0C3FF2846034913F044F86E
:107A7000EBE700BF582000207D7A0200F0B545F208
:107A80000E06B142044613468DB00BD045F21303E7
:107A9000994260D0B1F5A04F77D112F08CFF002051
:107AA0000DB0F0BD9979026C0C310B44591D02F5F3
:107AB0008C72153351F8040B994242F8040BF9D13A
:107AC000256C102205F58C7105F5847014F01BFFF0
:107AD00020B90B212046FDF709FCE0E70023CDE9A2
:107AE0000833CDE90A3395F85D310DF1200C042BF4
:107AF0002AD1284B1B6893F83D205AB1674603F101
:107B00001D022D333E4610685168083203C69A4262
:107B10003746F7D105F5A073069304F15A03059390
:107B200004F153030493AB7B20460393EB7B05F1F5
:107B3000B80202932B7C05F1F801CDE900C305F1F1
:107B4000C80313F071F9AAE7013B022B9CBFD5F8DB
:107B50002C310893DEE7056C102205F5A07105F5C0
:107B60008C7014F0D0FE0028B3D1D5F858312046DF
:107B70009B0748BF94F87430074944BF43F00203A1
:107B800084F8743012F0B8FF89E70DB0BDE8F0401A
:107B9000FEF7E2B9582000209D7B020070B5B1F5D8
:107BA000A04F0446154688B077D045F21B06B14277
:107BB00040F00A8190F87430DB0766D5056CB5F8A3
:107BC00050312BB1834912F097FF002008B070BDEF
:107BD000D5F858315E0747D56B7AD80744D52B7C4A
:107BE000D90741D5A36C10220B2195F95E013133E1
:107BF0000FF0D4FF38B140F21B412046FCF7D8FE0D
:107C000040F21B40E2E7A36C206C01220C2190F9AA
:107C10005E0120330FF0C2FF0028ECD1A36C206C72
:107C200010220D2190F95E0121330FF0B7FF0028DB
:107C3000E1D10822206C114690F95E0104F1100395
:107C40000FF0ACFF0028D6D1236C93F85E2184F8A6
:107C50007520FF2283F85E2120465F4912F04CFF19
:107C60002046FCF77DFEB0E705F5987304F1180295
:107C700005F5A07553F8041BAB4242F8041BF9D17B
:107C8000A36843F48073A360E6E7534912F034FF1E
:107C900029462046FCF78CFE97E7036CD3F8582161
:107CA00012F0040255D00022CDE90122ADF80C20DB
:107CB0005A7AD2073FD51B7CDB073CD50FF06CFF0F
:107CC0000228206C0CD000F59872032190F95E0117
:107CD000F8F742FD78B308212046FDF707FB8FE750
:107CE00000F598731022032190F95E010FF056FF02
:107CF00028B1002140F21B40FCF778FEEBE7206C36
:107D0000102200F59873052190F95E010FF046FFEF
:107D10000028EED1236C04F1180103F5987203F5E5
:107D2000A07352F8040B9A4241F8040BF9D1A368EE
:107D300043F48073A3600023BDF80420CDE904332D
:107D4000CDE906330DF1060104AB2046FCF7BAFA83
:107D50003BE7D3F8B810C3F8D010D3F8BC100092AA
:107D6000C3F8D410006C694600F59870FDF778F8F8
:107D700048B100980CF0AAF920460821FDF7B6FAA0
:107D800040F2074022E7206C009A00F59871C83055
:107D9000FCF718FF05460028EBD100980CF096F987
:107DA000236CA07C03F59873C0F110022946184497
:107DB00014F0D3FD2A46CDE90155CDE90455CDE9AE
:107DC000065504AB01A9C0E708B0BDE87040FEF756
:107DD000C3B800BF31B10300995B0200B1F5A04FF9
:107DE00070B50446154607D045F20406B1420CD0E2
:107DF000BDE87040FEF7B0B812F0DDFD236CD3F89B
:107E00005831D90701D4002070BD236CD3F8582114
:107E1000D20718D4AA79A8330C3215446A1D153537
:107E200052F8041BAA4243F8041BF9D1206C10221B
:107E300000F1A801983014F066FD20B90421204615
:107E4000FDF754FADFE7206C1021C83012F090FEE5
:107E500058B108212046FDF749FA40F207400021B9
:107E6000FCF7C4FD40F20740CEE7216C2046C83144
:107E700012F0D9FD2046024912F03EFEC3E700BFD2
:107E80007D770200B1F5A04F13B504460ED0A1F5E1
:107E9000A043103B012B45D8016C983112F0DFFD57
:107EA0002046234912F028FE002017E0016CD1F88B
:107EB000583101F1C80213F0040328D010211046F4
:107EC00012F056FE60B108212046FDF70FFA40F28D
:107ED00007400021FCF78AFD40F2074002B010BDC8
:107EE000216C204601F19803019391F85C21D1F8AF
:107EF0002C31D34003F0010343F08003009301F1E0
:107F0000140201F1C803543113F0A2F8CCE781F850
:107F10005C310123009301F1980301F5987113F08E
:107F200024F8C1E702B0BDE81040FEF715B800BF65
:107F3000357F0200B1F5A04F70B51346044607D057
:107F400045F20406B14207D0BDE87040FEF704B820
:107F500012F031FD002070BD9979026C0C310B4498
:107F6000591DA832153351F8040B994242F8040BFD
:107F7000F9D1256C102205F1A80105F1980014F043
:107F8000C2FC20B904212046FDF7B0F9E2E7204603
:107F900005F1C80112F047FD2046024912F0ACFD80
:107FA000D8E700BF7D770200B1F5A04F70B503465A
:107FB000144607D045F21806B14207D0BDE870401C
:107FC000FDF7CABF12F0F7FC002070BD1268551C07
:107FD00003D10121FDF78AF9F6E7016CD1F85801C8
:107FE000400743BF002281F85C212268C1F830219C
:107FF00048BFC1F82C211846014912F07DFDE3E786
:10800000857E0200184640F20A4322F000429A425E
:108010002DE9F04120D8B2F5806F01D800203EE074
:108020006FF480642244092AF8D801A353F822F09F
:108030007780020083800200A3800200F1800200AA
:10804000C58002000D8102002F81020037810200ED
:108050001D8002004F8102006FF4A0615318042BB1
:10806000DCD8A2F20252032A79D8DFE812F08A00A3
:108070009200B700CB0005784488644810F02DFCCE
:108080003EE005784468826900F1080300216048F9
:1080900010F034FC10B10571C0F805400120BDE8B6
:1080A000F081067845880479826900F1080300218F
:1080B000584810F023FC0028F0D00671A0F80550B5
:1080C000C471EBE704790778A4F11B0359425941C5
:1080D0004688C58800F1080289004F4810F033FC3B
:1080E0000028DBD00771A0F80560C4710581D5E7D1
:1080F000057844884269031D0021484810F0FEFBC2
:108100000028CBD00571A0F80540C7E70678458860
:10811000848800F108020021414810F014FC002876
:10812000BCD00671A0F80550A0F80740B6E7057866
:1081300044683C48A2E704783A4810F0CEFB002897
:10814000ACD007234371002304718371A6E7047840
:10815000354810F0C2FB0028A0D004719EE70778D4
:1081600046880579C48800F1080200212F4810F0E4
:10817000EAFB002892D00771A0F80560C571048160
:108180008CE7077846880579C488294810F0A5FB54
:10819000EFE787684588047906787FB1C78800F1E2
:1081A00008020021234810F0CEFB00283FF476AFF0
:1081B0000671A0F80550C47107816FE73B463A4647
:1081C00039461C4810F09AFB00283FF467AF06714F
:1081D000A0F80550C471077247725FE790F80080FD
:1081E00047880679C5880489134810F076FB002873
:1081F0003FF454AF80F80480A0F80570C671058183
:1082000044814BE7057844680C4837E780E7030072
:108210007CE7030078E7030070E7030074E70300DE
:108220006CE7030068E7030050E7030064E703001E
:1082300060E703005CE7030058E7030054E703002E
:10824000004870470580020030B5044685B00846F6
:10825000039113F0D1F8830708D410F0010003D084
:1082600003A814F025FF012005B030BD03998B79D8
:1082700003F10C0288188A5C013A1C2A00F2E8809B
:10828000DFE802F00FE689E68CE695E69CE6A4E6D8
:10829000ACE6B3E6BAE6C2E6E6E6C4E6D2E6D4E683
:1082A000DD0003790BB103F588534278023A162AB0
:1082B000D6D801A151F822F0158302006182020094
:1082C0001F830200618202002B8302006182020090
:1082D0003783020061820200438302006182020050
:1082E0005B830200618202004F8302006182020010
:1082F00067830200618202007383020061820200D0
:1083000061820200618202007D83020061820200BC
:108310008D83020017212046FBF722FFA0E70022F1
:108320002046114611F0F4FD9AE71A460021204636
:1083300011F09BFE94E700222046114612F006F849
:108340008EE700222046114611F0EEFE88E71A461D
:108350000021204611F0DBFF82E71A46002120466B
:1083600011F0B8FF7CE700222046114612F0E1F838
:1083700076E71946204612F045F971E7009300238D
:1083800020461A46194612F047F969E71946204671
:1083900012F094F964E7B0F80110BCE702338B7176
:1083A0000A4600234178204611F0B2FD5BE7013315
:1083B000002220468B7111F058FE54E702338B7176
:1083C00042780023204611F0C1FF4CE701338B7146
:1083D000002320461A4611F0A7FE44E7013300228D
:1083E00020468B7111F076FF3DE7013300222046D5
:1083F0008B7111F08CFF36E702338B7142780023CA
:10840000204612F096F82EE70021B3E705338B7172
:108410000023B0F80320B0F8010000930B4601469A
:10842000204612F0F9F81EE70021B0E703338B7104
:108430000A46B0F80110204612F05FF913E7033343
:108440008B710A46B0F80110204612F05FF90AE776
:10845000002009E72DE9F04F144687B09B46C36B17
:1084600006460D465B69012202A960689847F36BD6
:10847000012203A95B692846984702A813F0C6FBAE
:10848000074648B10023A37563754FF0FF33A3601F
:10849000002007B0BDE8F08F03A813F0C4FB012350
:1084A000A375237E04EBC303DD611F846368AB42C5
:1084B0000ED1206003A813F0D8FB4FF0FF332075D6
:1084C000A360237D043B022B25D80023A375DFE79F
:1084D00023681A1A03A853425341A37513F0C5FB2E
:1084E000237D834203A818BFA77513F0A0FB07469E
:1084F00002A813F09CFB874203A81CBF0023A375AE
:1085000013F09DFB074602A813F099FB87421CBF9E
:108510000023A375D5E703A813F089FB80B1F36BA3
:10852000022204A928465B69984704A813F08EFB31
:108530000346207D032839D8DFE800F038380409E5
:1085400003A8F3E7237ECC2204EBC3031A8401F0D3
:10855000C9FA109B187003A8277E13F05CFB04EB8C
:10856000C70787F8220003A8237E04EBC303B3F8F0
:10857000209093F8227013F05AFB804603A813F062
:108580005EFB8246B8F1000F15D0F36B022204A9FE
:1085900028465B69984704A813F01DFB6075637D4E
:1085A0006BB90023A3754FF0000838E0227E04EB7E
:1085B000C2021384CBE703A813F0F8FAEEE794F8AD
:1085C0001680B8F1000FEED0B9F1000F09D1DFB17C
:1085D0000123627EE375002A44D19F4218D1677659
:1085E00014E0736C05EB0A02594285EA0200084266
:1085F0001CBF0021A175591E0A409B1A9945D0D86D
:10860000A37D002BE3D1CEE7E37D43B94FF0000813
:108610004B4652462946304613F074F8A060A27DBE
:1086200012B123694B4423611349237E097899428F
:108630001ED901332376BBF1000F1BD0D2B1E37DED
:10864000C3B1B8F1000F15D1032F13D0A1684B1C93
:1086500010D0109B2246304600930123FFF7FAFE0C
:10866000A07507E0012FDAD0032F08BFA376CDE76E
:108670000023A375A07D0CE7DCE003002DE9F04F9B
:108680000E468BB09846002304464FF0FF3110464B
:1086900017468DF8133001F00FFAB6F5801F3BD363
:1086A000B21C53D1E56A6B1C57D1616A204612F0A7
:1086B0006FFF0546B31CDFF8189118BF0123019323
:1086C000636A05A9626C4FF0000B0293236802FBFA
:1086D000053AE36B05225B695046984705A813F0FD
:1086E0004EFB13F071FB504613F079FB82460146B6
:1086F0004B1C05D0636C81EA0A025B42134232D004
:108700002946204612F044FF029BAB424DD0BBF1FC
:10871000000F4DD10546D3E7314605AA04F1080004
:1087200013F02AFA0146481C10D0384601F0C4F96B
:108730000DF1130301223946204613F05FF828B1EA
:108740009DF8133088F80030002003E0237C002BD4
:10875000A8D11D480BB0BDE8F08F2368ED1A636CFB
:10876000B5FBF3F5A6E7484601F0A6F90DF11303B2
:10877000019A4946204613F041F8034690B1B21CD5
:1087800003D0D9F80020B2420CD19DF813204946FD
:10879000039338460D4B88F800201A6814F012F93C
:1087A000039B9B46D9F80810A2E7BBF1000FD0D07D
:1087B000B6F5801FC8D298F8003031467A6804F1C7
:1087C000080001F0BDF8BFE70BE000F0D8E00300BF
:1087D000081700202DE9F3410E4604461746984637
:1087E000816A194DE36A8B422AD04B1C18E0284657
:1087F00001F062F90DF1070301222946204612F02B
:10880000FDFF30B143469DF8072029462046B84772
:10881000B0B1A9684A1C05D0012E0AD0E36A99427A
:10882000E5D10DE06968204612F03FFF012E0146B8
:10883000D8D16B6881EA0302636C5B421A42D1D0E3
:1088400002B0BDE8F08100BFDC1600202DE9F04148
:10885000036B9046826B90B007680E469A42426C5A
:1088600001A9044688BF8363436A02FB0377C36B95
:1088700005225B693846984701A813F080FA012861
:108880000146307056D0656C06A9E26B2368606AB9
:10889000D2F814C0052205FB00300025E04706A8E9
:1088A00013F06DFA012823D001218DF834800E9544
:1088B0008DF83C10D4E90A32CDE90B4593422AD118
:1088C0001946204612F0F1FE236B626C1433E0620D
:1088D0009B1A23630C9B53B99DF83C303BB1626AF1
:1088E000616C2368E06B01FB023113F000FA0C9D10
:1088F000E36B052201A938465B69984701A813F08C
:108900003EFA3070236B2846A26B9A4288BFA3635D
:1089100010B0BDE8F081237C33B90BAA1C4904F1E7
:10892000080001F05DF8D5E70BAB1A4A2046FFF7C7
:1089300051FFCFE7237C23BB2246174904F10800EF
:1089400001F04EF8616A204612F043FE616A421C53
:10895000204612F00CFE054620B9236B626C1344CE
:10896000143B2363A16A204612F09FFE2368A06295
:10897000C01A636CB0FBF3F06062204612F0D9FEBF
:10898000B6E70023054A2046FFF724FFDAE700BFD9
:1089900081910200FD90020085B8030021B8030018
:1089A00073B50D46D11E1C461B7E4A424A419A426F
:1089B00026D129682368994222D3636899421FD837
:1089C000114E0DF107033246FFF758FEC0B9726829
:1089D0006B689A4214D19DF80730DA1E5342534116
:1089E000227E93420CD1636901336361D4E903238E
:1089F000934205D22968A26842F82310013323610B
:108A0000012002B070BD00BF341700202DE9F04FE7
:108A10008BB09A46DFF854B180469DF850300D4631
:108A200016460293DBF810305345C0F09880DBF80F
:108A30000430D1460193B9F1000F00F08C80D8F8D2
:108A40003C30012207A901985B69984707A813F0F9
:108A5000EAF8DBF80030984240F0848007A813F071
:108A6000EEF80428074614D107A813F0EFF8019B8D
:108A7000029A04463B44002A3ED1864212D9361A55
:108A800014460199404612F010FEA9EB040901902A
:108A9000D1E7D8F83C30022208A901985B699847D1
:108AA00008A8E2E7841B9F19544528BF5446032CAD
:108AB000AAEB040A4FEA94021CD9D8F83C302946A4
:108AC000384604F003065B69984724F003031F440B
:108AD0001D44002ED5D0D8F83C30012208A93846D4
:108AE0005B6998473246284608A9354413F06AFF67
:108AF0000026C6E72646ECE700F0030203440746DB
:108B000003922A1805930492049BDD1B059BD81B36
:108B1000039B9F420FD1002FB3D0D8F83C300122E5
:108B200008A95B6998473A4608A9284613F0EBFE66
:108B300078B93D44A5E7D8F83C30012208A95B6923
:108B40009847042208A9284613F0DDFE08B9043F1F
:108B5000DAE7DFF81C9048460BB0BDE8F08FDFF88D
:108B60001490F8E7DFF81090F5E700BF60170020D9
:108B700012E000F011E000F022E000F02DE9F041F9
:108B80000F4688B016469846044660B390F83450B5
:108B9000FDB1012112F0C1FC0E9B0021CDF8048033
:108BA0000496CDE902379DF83C308DF81C30237CCB
:108BB000CDE905118BB901AA0C4904F1080000F0B8
:108BC0000FFFE06BDDE90553002E08BF1D4612F0D4
:108BD00067FE284608B0BDE8F08101AB044A204694
:108BE000FFF7F8FDEDE70546F3E700BF4FB80300D8
:108BF000A18902002DE9F04F99B00F460446099271
:108C00000A69416C0E93D31D1439B3FBF1F30133A0
:108C100002EBC302036B9342C0F00F820023DFF824
:108C200024940D93E36A48461946079300F044FFE5
:108C3000D7E9033604930E9B022B4ED1CC2E40F085
:108C40008C81099B002B42D03946204612F086FECB
:108C5000656C079A6B1E14901340ED1AE36B0122AA
:108C600016A978685B69984716A812F0E0FF0028FB
:108C70000CBF04230823782E06933FD90123002537
:108C80004FF0080A05933B6805990E98C9F8003023
:108C9000C9F8106012F0EDFF4FEA9A03DDF81CB03E
:108CA00089F81400109300230B930F9308930C93EF
:108CB000616C4A1E0BEA02028B1A002E3AD0554410
:108CC000AB4242D8236B5B1A13442363ADE0049B91
:108CD0001B68149308230693D0E7656C782E079AD7
:108CE00005F1FF3303EA0203A5EB030516D8FB7D6C
:108CF0007BB9099B002BB1D104230693331DAB42F2
:108D000010D9A6B1082DB9D804250023AA46059389
:108D1000B9E7099B002BA1D10823EEE7099B002BA3
:108D20009CD1D7E7002505954FF0040AABE7042551
:108D30000596F9E75345C5D30BEB0A03B0460393F9
:108D4000089B002B18BF032313E0A3EB0A03B046D4
:108D50000BEB0A029E42039228BF98469E42EFD92F
:108D6000D9F810200123964289F8173071D1C9F83B
:108D700004B0089399F81730002B6CD099F818209C
:108D80000899D31C013209EBC30389F81820C3F8F2
:108D900004B0A3F808809972B8F1000F14D00E9BAC
:108DA000022B5BD10B9B7BB90F9B4344032B0BD94D
:108DB000E36B012214A903989B6998470546002894
:108DC00040F03D8101230B93089B16A80193059B5E
:108DD0000093434699F81420396800F023FEE36BB2
:108DE000109A16A99B6958469847051E0D9B18BFF7
:108DF0005B4652460D9359464346204612F082FC8C
:108E0000236B08F10302C9F80800A3EB0A0322F060
:108E100003029B1A2363002D40F011810F9BA6EBE8
:108E20000806DDF80CB043440F935946204612F073
:108E30003CFC00258346002E7FF43AAF814A04F1C2
:108E40000800396893685268E3620E9B00F078FD71
:108E5000DEE002238DE7C9F804B09DE7099B002BF3
:108E600030D1049BB8F1030F43440A9327D9E36B35
:108E70004FEA98029B69DDE90301984705460028FF
:108E800065D118F003025FD028F00305049B2B4442
:108E90000493039B1D444FF0FF33049915A81593C9
:108EA00013F090FDE36B2846012215A99B699847B2
:108EB0000A9B05460493002D86D0039B99E7039DEA
:108EC0004246E8E7039B0A9307F120031193FB7DD9
:108ED00078689BB13D7E00230C9AD9B28D4211D99E
:108EE000119903F1010C31F83310914226D907EBA7
:108EF000C3030699D8690A44104403E00C9B069A00
:108F000013441844E36B012215A95B699847159B2C
:108F1000012213A913930C9B0A9804330C93E36B5F
:108F20009B699847039B0A9A054643449B1A042B66
:108F300007D978B9134604330A93C8E7521A63462F
:108F4000CBE70A9B0393B6E70A9B04933CE70A9B93
:108F50000493B2E70A9B0393AFE73B4E04F1080387
:108F600003932368079A606CA2EB030ABAFBF0FA3A
:108F700000FB0A3012F033FFE16A8046204612F00F
:108F800094FBA26A82424AD0626CD9F80830511E22
:108F90002568E0620B40216B891A0B4423630D9B0B
:108FA0005D1BB5FBF2F5AA4536D1079BB3EB080A6A
:108FB00012D0E36B4FEA9A0241469B699847E36AF5
:108FC000079A834653440398DA46E362236B9B1A5D
:108FD0004344236312F0A1FD2368616CE06B01FB45
:108FE000053112F071FE204612F0A2FA204612F06E
:108FF000A0FB2063BAF1000F11D03A69616CD31D58
:109000001439B3FBF1F3013302EBC3029042A8D24F
:10901000304619B0BDE8F08F4FF0000ADCE73A693E
:10902000616CD31D1439B3FBF1F3013302EBC302BE
:10903000236B9342BFF4F6ADEAE7044EE8E72E4611
:109040008CE700BF0817002023E000F006E000F0E6
:109050002DE9F3471E46436904468846B342174646
:109060009DF828903DD300258DF80750D4F830A006
:10907000204612F029FA82450AD2236AB5EB430F43
:1090800006D200220DF107012046FFF7DFFB30B3C7
:109090009DF80730012B05D100220DF10701204674
:1090A000FFF7D4FBB9F1030F06D0256B31462046FC
:1090B00012F0F5F9854218D30D4D4FF0FF312846D7
:1090C00000F0FAFC4B46002229462046C5F80080F5
:1090D000C5E9037602B0BDE8F047FFF78BBD013567
:1090E000C4E7044802B0BDE8F0870348FAE700BFD0
:1090F000341700200FE000F006E000F0032A2DE90D
:10910000F34106460D4617461C4606D1237A012B2D
:1091100023D0012002B0BDE8F081DFF860800DF1BE
:10912000070309684246FFF7A9FA60600028EDD1FD
:109130009DF80720237A032AE8D0D8F804106A683B
:109140009142E3D1012B2969D4F80CC007D10CEB73
:1091500001037269934202D92074207CDAE7083156
:109160003B46012230466144E1602946FFF742FD5B
:1091700060600028CAD00020CCE700BF3417002070
:109180002DE9F341089C032A1746266806D1237A65
:10919000012B24D0012002B0BDE8F081DFF89080DF
:1091A0000DF1070330464246FFF768FA6060002879
:1091B000EDD12568D8F80400A96AD5F844C0484024
:1091C000227ACCF100031840E1D1012A09D1E268EA
:1091D000D8F8103013447269934202D92074207C6D
:1091E000D9E72868EB6A1B1A081AB3FBFCF3B0FB3B
:1091F000FCF083420BD1706CF36A421E1340326B59
:10920000121A28461344336312F04FFAE862D8F872
:109210001020E36808320649206813440122E36005
:109220003B46FFF7E7FC60600028B0D00020B2E7C3
:10923000341700202DE9F04F4FF0FF334FF6FF7247
:10924000002500F10806044687B0C3620F46056298
:109250000563C0E90923304612F05FFC204612F096
:1092600067F928BB2046394612F0E2F9204612F091
:109270005FF928BB8A4D204612F08EFAECE0E26BD3
:1092800001A92368606CD2F814C0052200FB0530E8
:10929000E04701A812F073FD012828D12946204695
:1092A00012F097F9421C2946204612F060F9013568
:1092B000E3699D42E3D3204612F03AF90028D1D069
:1092C00000254FF0FF394FF6FF73CA46A846C4E9A0
:1092D0000853E369984514D3A5EB0905012D37D848
:1092E000636A4FF6FF72934247D16E4DC3E712F0A7
:1092F00070FD0028DBD02946204612F06AF90246AC
:10930000D1E7236801A9E26B606C5769052200FB75
:109310000830B84701A812F032FD834601A812F0C8
:1093200005FD0746584612F04FFD70B15745236AB8
:10933000BA4638BFC4F82480B94503F1010328BFF9
:10934000B946BD42236238BF3D4608F10108C0E777
:109350004FF6FF7300256362E3699D42C0D2676CDC
:109360000522206801A9E36B07FB050001355B6955
:10937000984701A812F0DAFCEEE7E26B01A9676CEE
:1093800020685569052207FB0300A84701A812F0D1
:10939000CDFC626A2368606C434D00FB023012F022
:1093A0001EFD4FF0FF33A0622A46E3626FF0010119
:1093B0000DF103032046FFF761F9002850D1AD6895
:1093C00029462046E56212F08FF8206320B9E16A51
:1093D000204612F06AF9E0622946204612F065F94B
:1093E0000546A36A9D423DD165692046626CE91C31
:1093F000143AB1FBF2F105EBC1050335B5FBF2F50B
:10940000023512F0C9F98046A8423DD2616A204671
:1094100012F0BEF80027064604F1400A474512D371
:10942000626C01A9236802FB0639E36B05225B69C4
:109430004846984701A812F079FC5346024649462F
:10944000E06B12F0CEFC01373146204612F0A0F856
:10945000AF420646E2D3154D284607B0BDE8F08F6F
:10946000A56AADE72946204612F03EF8236B074671
:10947000294603442046236312F017F90546002FBE
:10948000AFD1C4E90B07ACE73046002512F045FB2D
:109490000023074A20461946FFF79CF9EBE600BF78
:1094A00003E000F016E000F03417002013E000F0B5
:1094B000EBB70300634A00232DE9F04117680E461D
:1094C0000446136018B9604D2846BDE8F08190F855
:1094D00034500DB309680268914240F0AA80716867
:1094E0004268914240F0A580B1688268914240F0A4
:1094F000A080F168C268914240F09B803169426966
:10950000914240F09680B169C26B914240F09180E7
:1095100072691D468261D7E750222946D0F838800B
:1095200013F01BFA336804F10800C4F83880236094
:1095300073686360336963617369D6E90212A3617A
:1095400012F0FDFAB36904F14000E3639B689847A9
:1095500094F8432020B1E561002AB4D03B4DB3E735
:10956000656C002DF7D06668B6FBF5F3E361002A61
:10957000A9D0B542F2D82268B2FBF5F105FB112261
:10958000002A58D105FB1363002B54D1204611F05B
:109590009BFFA369043303449E424ED3636940F6A4
:1095A0003472CC3B93424AD8B5F5007FD6D3032121
:1095B000204611F0B2FFE36BD4E900011B68984725
:1095C000E36B05460220DB6898471DB1002384F851
:1095D00034301EE039462046FFF72CFE1C4B054672
:1095E000984204D139462046FFF724FE0546636CB5
:1095F000143B002DEAD1226A204602FB03F611F04B
:1096000063FFA369043303449E4206D284F83450B6
:10961000104DE06B12F044F956E70F4A012384F82D
:10962000343013680133D4E90001136008F0DBFF24
:10963000EFE70A4D48E70A4D46E7064D44E7094D76
:1096400042E700BF6420002009E000F004E000F0E1
:1096500013E000F002E000F06020002008E000F0DD
:1096600001E000F005E000F02DE9FF410F469046D3
:109670001E46054698B390F8343093B3B1F5801F79
:1096800031D21A4C022111F048FF0DF10F0322468E
:1096900039462846FEF7F2FF024678B101234246DA
:1096A0003946284600933346FFF7D2FC0446E86B60
:1096B00012F0F6F8204604B0BDE8F0819DF80F30B6
:1096C000012BEBD12169B142E8D1009341463346E9
:1096D0002846FFF79BF904460028DFD1E7E7044C52
:1096E000E8E7044CE6E7044CE4E700BF601700201D
:1096F00009E000F007E000F00AE000F02DE9FF418A
:109700000C4616461F46054688B390F8343083B39E
:10971000B1F5801F2FD2DFF87C80012111F0FDFE12
:1097200021460DF10F0342462846FEF7A7FF0446E7
:1097300070B99DF80F30012B11D1D8F81030BB4211
:1097400013D10246009031462846FFF75FF90446E0
:10975000E86B12F0A5F8204604B0BDE8F081074C94
:10976000074A022B08BF1446F2E7064CF0E7064C06
:10977000F1E7064CEFE7064CEDE700BF0BE000F029
:109780000CE000F011E000F009E000F007E000F06C
:109790000AE000F0601700202DE9F04385B00C4688
:1097A00017461E46DDF830800546A0B390F83430E9
:1097B0009BB3B1F5801F32D2DFF88090012111F008
:1097C000ACFE21460DF10F034A462846FEF756FF30
:1097D000044688B99DF80F30012B14D106EB08031D
:1097E000D9F810209A4214D30090434632463946A5
:1097F0002846FFF70BF90446E86B12F051F82046B3
:1098000005B0BDE8F083074C074A022B08BF144699
:10981000F2E7064CF0E7064CF1E7064CEFE7064CA2
:10982000EDE700BF0BE000F00CE000F011E000F00D
:1098300009E000F007E000F00AE000F06017002007
:109840002DE9F3411F4600230C46164605463B60B2
:1098500050B390F834304BB3B1F5801F28D2DFF805
:109860006480012111F059FE21460DF107034246A3
:109870002846FEF703FF0446A0B99DF80730032BE6
:1098800010D0022B0AD10123336004233B60E86B24
:1098900012F006F8204602B0BDE8F081D8F810308A
:1098A0003060F3E7034CF2E7034CF3E7034CF1E7D6
:1098B000034CEFE70BE000F009E000F007E000F0F8
:1098C0000AE000F06017002030B50C4685B0054670
:1098D00028B390F8343023B3B1F5801F23D202218E
:1098E00011F01BFE0DF10F03104A21462846FEF72A
:1098F000C5FE034688B99DF80F20032A0DD0032228
:109900002146009202462846FFF7A2FB0446E86B78
:1099100011F0C6FF204605B030BD054CF7E7054CF9
:10992000F8E7054CF6E7054CF4E700BF60170020A8
:109930000BE000F009E000F007E000F00AE000F0C2
:109940002DE9F0414668002E46D005684FF0000C26
:10995000A846AE4655F83C400CF1010CC4F3130781
:10996000013401D0B94218D0B4450EF1080EF1D13E
:109970002F46002403E0B44207F1080713D055F83E
:1099800034C00134BCF1FF3FF5D1C1F313017A605B
:1099900041EA03513960BDE8F08141EA0353CEE961
:1099A0000032BDE8F081032B16D0002403E0B4425E
:1099B00008F1080810D055F834700134C7F3075780
:1099C000032FF4D1C1F31301C8F8042041EA035373
:1099D000C8F80030BDE8F08101230372BDE8F081D2
:1099E0002DE9F043476883B0C7B1064688469146E3
:1099F00000243368304653F8345003EBC403013479
:109A0000C5F30752C5F31301013505D05B68CDF8E6
:109A10000090C04710B17768BC42EAD303B0BDE8FC
:109A2000F08300BF73B5012A044622489DF8185000
:109A300000EAC11123F07C4007D9961E012E28D9D7
:109A4000073303F07F03194308E09DF81C300A43F5
:109A5000DB0603F0C053134343F060410023C4E925
:109A600000108DF80730B5B1202221460DF1070016
:109A700012F00CF91A220DF10700211D12F006F95F
:109A800063689DF80720082043EA8263636002B0A0
:109A900070BD1143E2E71B220DF10700214612F0D1
:109AA000F5F823689DF80720042043EAC263236089
:109AB000EDE700BF80FFFF0738B5094B0D460021D9
:109AC00004461A6812F049FF00234FF0FF32236169
:109AD000A260E3822383A376C4E9002538BD00BFDA
:109AE000D8E003000138C0B205289ABF014B185CCA
:109AF0000120704784E703002DE9F0410E465968C4
:109B000088B007461546490A0024012922464FEA33
:109B1000510104F10104F8D8DC78520399784FF030
:109B2000000824031B88C9020DF1070004F48054C7
:109B3000C3F30A0301F4006192B28DF807800C436D
:109B400002A923449C18254B1B22039325F078433C
:109B5000ED436FEA0444029312F098F89DF8072051
:109B600025F07845029B02A90DF10700029543EA12
:109B7000C2631B228DF807806FEA1444049312F02D
:109B800085F89DF8072007A9029B06F110000794AD
:109B900043EAC263012205934FF0FF330693BB698A
:109BA00098470446BB6905A9012206F108009847B9
:109BB000404518BF0446BB6904A90122301D9847DF
:109BC000404518BF0446BB69012203A930469847A7
:109BD000404508BF204608B0BDE8F08101009AB2B8
:109BE0001046044A1368591E033102D8002111603F
:109BF00018477047E4310020034B1868034B0028D6
:109C000008BF1846704700BF68200020B4E7030073
:109C100008B5044812F022FA80F00100400000F07C
:109C2000FE0008BD7020002013B50B4C02292260F5
:109C300005D10A4812F012FA002002B010BD0A46FF
:109C400000930146064B054812F0EAF9003818BFA8
:109C500001204000F1E700BFE43100207020002027
:109C6000E19B0200014812F00CBA00BF70200020F6
:109C70000021014812F027BA7020002008B5064BD9
:109C80001B68013305D0FFF7EDFF80F00100C0B283
:109C900008BD0020FCE700BFE4310020F8B50D4608
:109CA00010B900242046F8BD0E4F3E68002EF8D1B2
:109CB00000F07EF804460028F3D0386000F0C4F8C5
:109CC000204612F0E0F838B130463E6000F0BCF8B3
:109CD000204612F0D3F8E4E7002DE3D02046A84751
:109CE000E0E700BF6C200020024B1868003818BF66
:109CF000012070476C20002038B50C4602F002F8B5
:109D0000A3780B4A13705A1E55425541A8420CD0F5
:109D1000012B04D02846BDE8384001F0DBBF2046C7
:109D200001F0AAFF0028F5D038BD0020FCE700BFF5
:109D3000F82E0020002108B5024B08465B689847C2
:109D4000002008BDF831002010B50446FFF754FF8D
:109D50000C4B1A1A53425341A34201D1012010BDAA
:109D6000094B1B683BB9094A064B002C08BF134638
:109D7000074A1360F2E712F067FA0028F3D00020D8
:109D8000EDE700BF8CE703006C200020B4E7030080
:109D900068200020431E033306D8044B984228BF96
:109DA0001846642838BF6420704700BF40420F0047
:109DB000F8B5054608F09FFB07460F4B1E6826B90D
:109DC000384608F09CFB344611E0B4688CB194F836
:109DD00010C01CF0010F0CD14CF0010C95E80F00E5
:109DE00084F810C084E80F00384608F088FB20464D
:109DF000F8BD3668E3E700BFEC31002038B5054612
:109E00000C4641B10B6833B11B68013303D0CB68FA
:109E10000BB18B684BB912F0EBFBBDE838404FF447
:109E200086724121002000F07FBA084602F028FF28
:109E30000023044A85F81C31C5E93043C2E90033E8
:109E400038BD00BF780B002010B5044618B9054B8B
:109E5000054A136010BD00F06FFFD4F8CC30002B22
:109E6000F6D1F4E765BE0300E831002008B50246EC
:109E70000868FFF78FFF08604868FFF78BFF4860AE
:109E80008868FFF787FF8860C868FFF783FF0B6962
:109E9000C860581C03D00B48834228BF03460B619F
:109EA0004B69581C03D00748834228BF0346886982
:109EB0004B61FFF76FFFBDE808408861104601F075
:109EC00067BE00BF40420F002DE9F84FD0F8C43004
:109ED00006460F4613B1438B8B4244D0D6F8C0B030
:109EE000BBF1000F42D0DBF80830002B3ED0DBF88E
:109EF0000C1000293AD0D6F8D4A0BAF1000F38D00F
:109F00004FF000094D46C84601E0DBF8083005EB8C
:109F1000C50203EB8204E3890135BB4214D8238ACE
:109F2000BB4211D3B4F91220B6F92630934250DD6A
:109F3000304696F81011EBF7FBFAB37D8146834269
:109F4000A04606D9DBF80C108D42DED3B8F1000F25
:109F500039D00023424630461946D0477783C6F8A9
:109F6000C48086F819910020BDE8F88F0320BDE871
:109F7000F88FD14647F6FF755446524604EBC408A5
:109F800003EB8808B8F80E30BB4216D8B8F810308A
:109F9000BB4212D3B8F91220AA4202D14FF0FF09F6
:109FA000DCE7304696F81011EBF7C2FAB37D814634
:109FB0008342D3D94246DBF80C100134A14204D9C4
:109FC000DBF80830DAE70120CEE7002AFBD0904624
:109FD000C4E7A046BDE700BF2DE9F04782B00446C4
:109FE0000F46164601F0D6FF002856D1484D2B6883
:109FF000D4F8C0A0D4F8C4800BB1534568D04FF05A
:10A000000009AF6001F0F8FF0128074657D120464C
:10A0100012F012FA002844D12B68DAF80010D8F8B0
:10A02000002013B1186888425DD0204612F0B6F9BE
:10A03000C5E900A8D4F8D4508DF80760002D59D098
:10A040000022204611460DF10703A847204601F0E3
:10A050008DFA0546B9F1000F0CD05EB9012F05D07D
:10A0600025B12C4B002103205B689847284602B09D
:10A07000BDE8F087B5FA85F040F2DB3233214009C4
:10A0800000F052F93146204601F0A4FC224B05466F
:10A09000414620461B689847E0E700231C4D6B6053
:10A0A000A5E794F91030002BB6DAA36B5B05B3D5A6
:10A0B0001A4B0122002120461B689847ACE700217B
:10A0C000012000F077FE01F097FF0128FBD19EE709
:10A0D0006B68002B93D0434591D1AB689F4214D05D
:10A0E0004FF001098DE7696811B1096891429FD06D
:10A0F00059689AE7A17D94F819313246994228BFF0
:10A100001946204601F0B4F9A0E70025AEE700BFEC
:10A11000780B0020F8310020E8310020FC220020DC
:10A12000F8B50E46054608F0E6F9314607462846DA
:10A13000FFF7CAFE0446F8B1284612F07DF938B19F
:10A1400095F91030002B08DB0023114A82F8AC305F
:10A15000384608F0D4F92046F8BDAB6B13F48063A1
:10A16000F3D0B5F80A31B3420FD0B5F80C319B1BD0
:10A17000B3FA83F35B09E8E701F0EEFE22463146CD
:10A180002846FFF729FF0446D6E70123DDE700BF95
:10A19000001E00B0F8B51C4B05461B680E4603B107
:10A1A000984731462846FFF729FED5F8C03073B1ED
:10A1B0005B6963B112F0C3FAD5F8C03040F25312B4
:10A1C0005B6942211B1A5842584100F0ADF8002249
:10A1D0004FF6FF734FF0240CF768D0B2B84208D3A3
:10A1E0001C4621462846FFF79BFF12F009FA20463D
:10A1F000F8BDB1680CFB0011CC899C4202D2002C46
:10A20000EFD023460132E8E7F822002070B504467B
:10A210000E4608F070F9314605462046FFF780FFEC
:10A22000044620B9044B01465B6803209847284642
:10A2300008F065F9204670BDF831002037B51B4B9A
:10A24000D0F8C020D0F8D4501A60D0F8C42004460A
:10A25000C3E9012100228DF807200DBB817D90F814
:10A2600019312A46994228BF194601F001F92046C2
:10A2700001F07CF9B0FA80F04FF47D72332140098F
:10A2800000F052F80121204601F0A4FB0546084BDE
:10A2900020461B68D4F8C4109847284603B030BD48
:10A2A00011460DF10703A847E1E700BF780B002036
:10A2B000E831002013B50446694611F06DFE2046D2
:10A2C00011F0F5FFFF28024606D020469DF8001049
:10A2D000EBF7AEF902B010BD0048FBE70080FFFFCE
:10A2E0004FF4007307B50A490DF10602ADF80630C8
:10A2F00011F06EFEBDF80630B3F5007F05D10228DF
:10A3000008BF002003B05DF804FB0120FAE700BF9E
:10A3100088200020024B1960024B1860FEE700BF46
:10A32000F03100208822002008B550B90548064BBE
:10A3300001601A60054B1A68054B1A601868FFF730
:10A34000E9FF08BDF03100208C2200206C200020A5
:10A3500088220020054B1B680BB9184670478342C2
:10A3600001D01B69F8E70120704700BF942200204C
:10A37000094A13680BB918467047834207D11B6915
:10A3800001201360054A1368013B1360704703F115
:10A3900010021B69EEE700BF9422002090220020EB
:10A3A0002DE9F74F064608F0ADF8DFF828810123C4
:10A3B00098F800B0DFF820910190BBF1000F06D0B3
:10A3C00089F8003003B0BDE8F04F08F0A1B83F4F66
:10A3D00088F8003089F800B011F0C3FE08B111F020
:10A3E000BEFE3D683A495DB9DFF8F0A0DAF800201A
:10A3F0000024AA423B682FD84FF0FF3134483BE09D
:10A400006B7D8BB12B68B34202D09A1B8A420BD969
:10A410006A6813442B60AB68003A18BF0122003B06
:10A4200018BF01236A75AB752D69DCE7907D20B1FB
:10A43000107D88429CBF014614461269002AF5D15E
:10A44000002CD9D0D4E90001A275411AD4E9023216
:10A45000204698470135C9E71A46FF21EEE75A7DA5
:10A460004AB11A68B24224D0921B824221D891424A
:10A4700001D311461C461B69002BF0D15CB120466C
:10A48000FFF776FF38B13B683C602361DAF80030B3
:10A490000133CAF800303B685A7D6AB911F05DFE9D
:10A4A000064699F80030002B94D1019888F80030C6
:10A4B00088E71C460021DEE7186800F0D3F8044660
:10A4C00011F04BFE0646002C84D1EAE794220020CE
:10A4D000FCFFFFBFFA2E0020F92E00209022002062
:10A4E00038B5054608B31822002112F036FA08F0F4
:10A4F00009F802462846FFF72DFF20B1104608F064
:10A5000007F8022038BD0A4B1C6854B909491D6080
:10A510000B68104601332C610B6007F0F9FF2046F1
:10A52000F0E704F110032469EFE70120EAE700BF38
:10A53000942200209022002038B50446FFF70AFF3D
:10A5400007F0E0FF05462046FFF704FF637D23B9CF
:10A55000284607F0DDFF032038BD00236375064B56
:10A560001B68A34203D111F0F8FDFFF719FF28463D
:10A5700007F0CEFF0020EFE7942200202DE9F84FEE
:10A58000DDF82890984604460D469246FFF7E2FE15
:10A59000DDF830B007F0B6FF074611F0DEFD0646E5
:10A5A0002046FFF7D7FE637D23B12046FFF7C4FFA7
:10A5B0000023A375BAF1010F23D175B9B8F1000FCB
:10A5C00021D1B9F1000F03D05A4631462046C84781
:10A5D000384607F09DFF002019E035440D4BAA1BBB
:10A5E0009A4210D8012363759DF82C303046C4E997
:10A5F0000058C4F808902375C4F80CB0FFF7D0FEDB
:10A60000E6E7AE42EAD1384607F082FF0120BDE816
:10A61000F88F00BFFCFFFFBF2DE9F04107468846D9
:10A62000FFF798FE07F06EFF3D68064611F095FDB6
:10A630007B7D7BB185420DD0094B2C1A9C4209D8F9
:10A64000304607F065FFB8F1010F08BF25462846E0
:10A65000BDE8F081304607F05BFF0025F7E700BF5B
:10A66000FCFFFFBF0023024A194600F0A3BD00BF54
:10A6700025C103000C232DE9F74F06460F4614466B
:10A6800000254FF00609DFF854801370EBB209FB88
:10A6900003F3D8F80010CA185079012807D9207898
:10A6A000A0F10C035842584103B0BDE8F08F31F9D6
:10A6B00003B01179B2F902A030460022019111F0E5
:10A6C00015FD019908B90135E0E72170B7F90030AF
:10A6D0005B45F8DB5345F6DC0020E5E7F43100206C
:10A6E000014911F040BD00BF55C20200014911F0FF
:10A6F0003ABD00BF29C2020070B5164E03280446B9
:10A700000D4633781ED023FA04F202F00102AA4269
:10A710001DD053B10122A240A54023EA02032B43DE
:10A72000DBB233704BB1012070BD2DB10A4B01205B
:10A730001B6898473378EDE73570074B00201B689E
:10A740009847F0E79A07DED003F0FC03E9E7002022
:10A7500070BD00BFFB2E0020D422002038B5044677
:10A760000D46FFF7C1FA60B101F02AFC48B9012D8E
:10A7700007D8012011F05FFE0D4B1B6823B15B6809
:10A7800098470C4B1C7038BD09F0E4F90A4B1A6865
:10A79000801A1860EDF7C4FE4FF47A72074B1B68FD
:10A7A00002FB003011F03AFC012001F011FCE8E757
:10A7B000F422002032330020CC220020D0220020BE
:10A7C000F8B505460C4607F096FE104F06463B7856
:10A7D00033B1012D04D01CB90D48EDF7A5FD3C7037
:10A7E00021462846FFF788FF0A4B04461B783BB9F1
:10A7F0003B782BB911F007FE10B1074B1B68984747
:10A80000304607F07CFE2046F8BD00BFFC2E00203D
:10A81000A8220020FB2E0020F8310020054A0B461C
:10A82000117831B100211170034A01215268187862
:10A8300010477047FC2E0020F8310020124B0239DF
:10A84000012910B518701ED8FFF74EFAD8B101F0E3
:10A85000B7FBC0B101F020FAA8B90C4B1C6834B1A9
:10A8600023689847BDE81040002011F0E4BD11F0C6
:10A87000D3FB074B186009F06DF9064B18602046B2
:10A8800001F0A6FBEEE710BD32330020F4220020D9
:10A89000D0220020CC22002038B5044680B107F039
:10A8A0002AFE012104460846EDF774FA01210B4AFD
:10A8B000084609F0B5F82046BDE8384007F01FBE4D
:10A8C00007F019FE054621460120EDF763FA012045
:10A8D0002146024A09F0A4F82846EDE7FAE703000A
:10A8E000F0B585B007F007FE324D04462B7823B152
:10A8F0003148EDF719FD00284FD1EDF77DFD02AA93
:10A9000003A911F06AFD034600283FD011F079FD3C
:10A91000029B984223D10020284B03991B68284EA4
:10A920009942307027D90027C91A012322482B7079
:10A93000244A3346CDE9007709F0C3F8002834D122
:10A94000214A1378D90708D5317831B903F0FE03CD
:10A95000137013B91D4B1B689847204611E011F086
:10A960004EFD029B98421ED0002318461349144AFC
:10A970000968137003910121FFF7BEFE00232046F2
:10A980002B7007F0BCFD002005B0F0BD20462B70F9
:10A9900007F0B5FD012005B0F0BD204607F0AFFD82
:10A9A000032005B0F0BD0220B6E7032320462F7038
:10A9B0003370F3E7FC2E0020A8220020C8220020DC
:10A9C000313300201DA80200FB2E0020D4220020DD
:10A9D00038B507F090FD0F4D04462B789BB90E4A11
:10A9E0000E4913700E4B0F4A0F481A600F4A5A60F7
:10A9F000EDF74AFA0E490F48EDF746FA0E4B0F4AAB
:10AA00001A6001232B70EDF77BFB204607F077FDE2
:10AA1000002038BDFD2E0020FC2E002000E80300A1
:10AA2000F8310020E1A8020098220020C1A702000E
:10AA300008E80300A0220020D422002099A80200E8
:10AA400010B50446D0F8F8200A4B4FF40061C3F863
:10AA50009020027C120202F4006205F059FE237C71
:10AA600013F0080F4FF4007314BF034A034A13672F
:10AA700010BD00BF001E00B0001002B8002002B8D8
:10AA800037B50C461D4D41B90A46012105F040FE7F
:10AA90001B4BEC605C6003B030BD0122114605F039
:10AAA00037FE0722174B0121DA60237901A82B73A7
:10AAB0006379019311F0B2FE019BC2B2D34000F062
:10AAC0000F0040EA03106873A279AA73E279EA736F
:10AAD0002068286183B1012102888B4205D823793F
:10AAE000013B1344084A1362D5E730F81150013195
:10AAF000AA4228BF2A46F0E71A46F0E7001F00B036
:10AB00000C1F00B0006000B8004000B810B5054C44
:10AB1000237823B103F0BAFC0020207010BD03207D
:10AB2000FCE700BFFF2E002008B503F099FC0122CE
:10AB3000014B00201A7008BDFF2E0020431C07D0D7
:10AB40006FF0FF02034B10401A62A3F580531862A6
:10AB5000704700BF00E000B810B5042301240A4A82
:10AB60000A49D1F8EC00C2F8EC30C2F8E0300C63CE
:10AB70004FF40051D162410742BFC2F8E030A2F564
:10AB80008052C2F8EC3010BD006000540040005408
:10AB900000F01803182B0AD003070AD440F201135F
:10ABA00010F0100018BF1846034B98637047002040
:10ABB000FAE70120F8E700BF001F00B0364B2DE98F
:10ABC000F7431E6801F4007900F00103174653EAC9
:10ABD000090205460C4632D04FF0000823B300238B
:10ABE000002200210120CDE9008804F09BFB042015
:10ABF00002F0F8FD4146304603F040FA012241469A
:10AC0000B083104611F049F9B16B06F1D80003F09A
:10AC1000B9FA22490868FFF791FF4FF0FF330B6044
:10AC2000337C43F004033374B9F1000F07D00121E2
:10AC3000304611F0B5F924F4007405430C43D6E90D
:10AC40004E232A40234052EA030103D014493046E0
:10AC500009688847FB070FD51249134A0868002185
:10AC6000136811600121114A117003B19847104B0C
:10AC7000002102205B68984717F00E0F08D040F2C1
:10AC80000B223B21002003B0BDE8F043FFF74CBB93
:10AC900003B0BDE8F08300BF6C200020003200202C
:10ACA00004320020E8220020EC220020012F0020A6
:10ACB000F8310020F7B504461046D4E94EC7DDE967
:10ACC00008268CEA020587EA06010540194085EA54
:10ACD0000C057940C4E94E51002523F4004106EAF1
:10ACE000010320F0010043F40073024043F002032B
:10ACF000CDE9005504F016FB237C9A0717D5D4F84C
:10AD00003C319B0513D54FF48811204611F048F9CA
:10AD1000237C65F341032374D4E94E2302400B40A6
:10AD200052EA030103D003492046096888470020FE
:10AD300003B0F0BD0432002038B10368044A002B90
:10AD400008BF1346034A13607047014BFAE700BF80
:10AD500017C2030004320020024B586A00F00F00B3
:10AD6000704700BF001F00B00F2938B505460C46DC
:10AD70000ED801F041F901280CD1074A2846536A40
:10AD800023F00F032343536211F059FB002038BD19
:10AD90000120FCE70220FAE7001F00B0014B986A8F
:10ADA000704700BF001F00B0014B00209962704740
:10ADB000001F00B003282DE9F347884655D82C4BD7
:10ADC00013F800902B4B1E5C2B4B13F800A007F0E0
:10ADD00092FB074604F060FC054640B100230022C8
:10ADE000CDE9003301200023002104F09BFA04F098
:10ADF0005BFC48B100230022CDE900330020002392
:10AE00004FF4004104F08EFA6EB31C4BDC6C04F07E
:10AE100008041B4B31464846DC6404F073FE0123F2
:10AE200052463146484604F0EFFE164BDC6465B1ED
:10AE3000154B1868816BD83003F0A4F913490868E2
:10AE4000FFF77CFE4FF0FF330B60B8F1000F04D02A
:10AE50000F4B002103205B689847384602B0BDE8DD
:10AE6000F04707F04CBB3446D3E702B0BDE8F087AB
:10AE700018E8030014E8030010E80300004000B8DD
:10AE8000006000B8005000B86C20002000320020A4
:10AE9000F83100200F4A136F13F0A00F15D1506F37
:10AEA00010F0040013D10C4BD3F8C03E23F07F43C5
:10AEB00023F0FF035BB1D368C3F30362092A07D011
:10AEC000B2F10C0018BF012070470020704701202C
:10AED000704700BF000002B8001000B070B50D460A
:10AEE00016460BB1FFF738FE01240A4A294693683B
:10AEF000926A03F0070306339C40C2F30C03E41A82
:10AF0000A4B2B44228BF34460348224601F028FCCC
:10AF1000204670BD004000540840005470B50D46F6
:10AF2000064620B9194B1B68A3B1032011E001F0BC
:10AF300063F8012828D1164B93F90040C4F11C0492
:10AF4000641BC4F11C03002BB8BF5B42232B0CDD38
:10AF5000012070BD81EAE173A3EBE173DBB2232B27
:10AF6000F6D80B4B19700020F3E7B57407F0C3FA5D
:10AF7000084AE402D36904F4FF2423F4FF231C43AA
:10AF8000D46107F0BCFAEEE70220E2E76C20002073
:10AF9000FE2E002000C000B810B5044611F04CFA97
:10AFA00010B1012001F094F82046FFF749FD07F0A9
:10AFB000A2FA0A4A0121D2F88C3E044623F020036B
:10AFC000C2F88C3E0222064B08469A60054B5B682D
:10AFD0009847204607F093FA002010BD001000B0FB
:10AFE000001002B8F8310020094B08465A6A910255
:10AFF0000BD4D3F80021D20708D4D3F8803013F44F
:10B00000706F14BF0120002070470120704700BFFF
:10B01000004001B8F8B50E46836B02EA010423EA4A
:10B02000010323438363464A01F00B0323EA04012F
:10B03000D1642340A2F5805277070546D36410D52A
:10B040000121FFF7D1FF60B104F0FEFC4FF4007363
:10B0500014F0040F14BF3B4A3B4A536204223B4B9B
:10B060001A67F00606D514F0100F14BF00221B2239
:10B07000374B5A6531061DD5220616D54FF40012FE
:10B08000304B1A62012203F58053C3F8002107F008
:10B0900032FA0E210746032002F0B6FF40F20122E9
:10B0A0002B4B3846DA6207F02AFA214605F1D80020
:10B0B00003F068F8F30503D5E7052AD502F074FF1D
:10B0C000B00503D5A10527D502F07AFF16F48C6FE1
:10B0D0001DD014F4806224D095F91030002B0CDAC6
:10B0E0006A8BB5F80A31934219D0B5F80C319A1A27
:10B0F00053425341174A82F8AC30D5F8C81028465D
:10B1000011F08AF88022144B5863144B1A61002006
:10B11000F8BD02F043FFD3E702F04CFFD6E701236E
:10B12000E8E77305E9D595F91030002BE5DA094B0E
:10B13000114683F8AC200A4B28461B689847DCE789
:10B14000006000B8005001B8006001B8002002B8EB
:10B15000004000B8001E00B0001F00B0000002B8A0
:10B16000FC220020014B1868704700BFE422002039
:10B1700037B507F0C0F9002401230022CDE90034DF
:10B18000002305461946104604F0CCF8022002F0D0
:10B1900029FB064B21461C60054B02205B68984743
:10B1A000284607F0ACF9204603B030BDEC22002061
:10B1B000F83100202DE9FF4102290D461646984638
:10B1C000039004D1FFF7D4FF04B0BDE8F08107F08D
:10B1D00092F91D4F04463B683BB1B34205D007F0DE
:10B1E0008EF9002301203B60EEE7184B0022C3F8E4
:10B1F000008001233E60CDE9003300230026104685
:10B20000194604F08FF8124B02201E7002F0EAFA81
:10B2100033462A46022003A902F002FB0D4B039A93
:10B220001A6008B92046DAE70B4D2B6898470128C9
:10B23000014604D0204607F062F90020C4E76B689D
:10B2400002209847F6E700BFEC220020E822002009
:10B25000012F0020E4220020F8310020044B5B6E17
:10B260005B054EBF0120034B187800F001007047CA
:10B2700000C001B8012F0020014B186A02F0D6BEB1
:10B28000004001B8014B186A11F05BBA004001B8E8
:10B29000437C5A1F012A01D9082B05D14B7C2BB1C5
:10B2A000012B05D0022B05D010F0E1BF02487047FA
:10B2B000024870470248704720A1070048E8010093
:10B2C00040420F0070B50E4607F015F9054600F034
:10B2D000B7FE044620B1284607F011F9204670BD9C
:10B2E00004F0B2FB104B3278D3F8C03E022A23F0B0
:10B2F000F00315D0101F42424241520043EA0213AC
:10B300007278022A0ED0111F4A424A41520043EA83
:10B310008213054AC2F8C03E0422044B1A67DAE7DA
:10B320000122EBE70122F2E7001000B0002002B892
:10B3300070B50E4607F0DFF8054600F097FE0446AC
:10B3400020B1284607F0DBF8204670BD04F07CFBF6
:10B35000104B3278D3F8C03E022A23F00F0314D0EA
:10B36000101F42424241520013437278022A0ED00B
:10B37000111F4A424A41520043EA8203054AC2F879
:10B38000C03E0422044B1A67DBE70122ECE70122EE
:10B39000F2E700BF001000B0002002B82DE9F8432A
:10B3A0000E780446042E0D4690F810810BD100272C
:10B3B0005FFA87F9484601F095FD08B14E4602E074
:10B3C0000137042FF4D1304601F08CFD002845D020
:10B3D00094F81031B34208D1AA88E36C9A4204D1A0
:10B3E0006A88B4F812319A4235D084F81061AB887B
:10B3F0003046A4F814316B88A4F81231AB8804F5F8
:10B400008875E364FF23E37511F025F9A0752846DC
:10B4100001F094FC18BB284601F05AFDF8B9D4F8A5
:10B42000C43053B194F81011414506D02046B3F909
:10B430001220EAF77DF884F81901204601F0B4FEE5
:10B440000949A4F814010123084AD1F8FC1004F1B9
:10B45000D80003F04DFD0020BDE8F88301200C2347
:10B4600084F81031F8E700BF001F00B0581F00B08B
:10B47000F8B5054690F810010C460C28164622D067
:10B48000FF2922D01AB14FF0FF32114B1A6011F090
:10B49000E2F8074695F8100101F082FD844228BFCA
:10B4A0000446E4B2BC4238BF3C46E0B2E87501F065
:10B4B0001DFE044616B9284601F086FDA4F1FF03DF
:10B4C00058425841F8BD0220FCE70120FAE700BFCE
:10B4D0000C32002010B590F8103104460C2B3DD0F2
:10B4E000D0F8C4308175B3B3D0F8D420D2B990F875
:10B4F00019318B421CD300222046FFF7B9FF80B9D7
:10B50000174B1B78022B0BD8204601F04DFE154936
:10B510000123154AD1F8FC1004F1D80003F0E8FC2F
:10B52000002010BDB0F92620B3F912309A42E2DDB6
:10B530000022204694F81911FFF79AFF0028F0D155
:10B54000C4F8C400204610F0BBFC01462046BDE80C
:10B550001040FEF7E5BDFF23C375E1E70220E0E7F9
:10B5600014330020001F00B0581F00B0036C012BE3
:10B5700001D100207047F0B5054668498DB011F043
:10B580009FF8D5F8C46001466C8BC5F8C80026B199
:10B59000336813B15B68002B68D106F0ACFF06F08E
:10B5A000AEFF0123D5F8C8108DF80630B389D6E96F
:10B5B0000120E31A9BB200FB03225948ADF8043086
:10B5C000036800928B4207D0284610F025FE8022A7
:10B5D0005449554B48631A61534C00F00DFD012846
:10B5E000FBD1A3689A06F8D428469DF80620009956
:10B5F00006AB03F0ABF9002835D100F0FDFC0128C3
:10B600000446FAD1684606A903F058FB064650BB2B
:10B610006A8B464B5A642B7C60F341032B7401F018
:10B620003FF8D5F8C4305969431E0F68DBB2FD2BD3
:10B63000029721D9FB1C35D84B68FF2808BF274645
:10B64000039368D1DE1C23D8024602A9284610F0D5
:10B650003BFFD7B9D5F83C3199053FD42B7C43F05B
:10B6600002032B7411E002200DB0F0BD1A68032A0A
:10B6700093D99B6A5B0E97E74B68012803930FD021
:10B680000246284602A910F01FFF00200DB0F0BDB1
:10B690000133274B5B6818D0DA1C30D80393D3E70B
:10B6A0000746CFE7224B01371B6818BF0127DA1C7A
:10B6B00006D802934B68FF280393C3D00020C3E74A
:10B6C000FF284B6824D00393C3E7DC1C1AD802463A
:10B6D000284602A9039310F0F7FEBBE74FF4803130
:10B6E000284610F05DFCD5E94E2302400B4052EA9B
:10B6F0000301CAD00F49284609688847C5E7FF28D3
:10B70000A7D1DBE7FF28A5D10022284602A9E2E75E
:10B710002046039396E73246B3E700BFFC1F00B014
:10B72000D8220020001F00B0000002B8008001B83D
:10B73000143200200432002038B590F81C51044621
:10B740003DB306F0D8FE1F22124B013D5A62154050
:10B75000114A12495562D4F820518D66D4F824510B
:10B76000CD66D1F80011C9070FD54FF0FF31C3F8EE
:10B770000411616CC2F804114FF0F041C3F81011CC
:10B78000E37CDB060B40C2F81031BDE8384006F020
:10B79000B6BE38BD006001B8005001B8004001B825
:10B7A0002DE9F74F06461546084619B9012003B0A2
:10B7B000BDE8F08F002AF9D0032904D8002101F058
:10B7C000A9F90028F2D004888278B4F5804F02F0FD
:10B7D000070180F0CB80A1F1070C037990F8059068
:10B7E000C788DCF1000040EB0C000529287394BFEA
:10B7F0000020C2F30010C2F3801C6873900985F822
:10B8000010C000F00200C2F3C00C40EA0C00C2F30A
:10B8100040126874AA74AF820BB996F8FE30013BEF
:10B82000DBB2EB74B36BD80600F18C8006390129CA
:10B8300000F288804FF001084D4B083C5B6D4D4B8A
:10B84000DF6B9B6B47F0005703F00703063308FAE2
:10B8500003F8002308F1FF3804EA080417F804A0ED
:10B86000013404EA0804AB60631D03EA0803BAF17B
:10B87000800FFA5C717C03F1010318BFAAF1320A50
:10B8800003EA080308BF6FF07F0AFB5C18BF4FFA9A
:10B890008AFA41B30020D6F8D0300BB15146984710
:10B8A000631CE87385F80EA003EA0803F95C013312
:10B8B00003EA0803FA5C013303EA080341EA0221C0
:10B8C000FA5C013303EA0803F85C41EA0241002311
:10B8D00041EA00616A7C304603F0D4FB062328600D
:10B8E000AB71002063E742EA0323D9040FFA83FB1C
:10B8F00025D5D6F8C830ABB11A68022A12D993F808
:10B900002400CBF30B03DB0008B1B3FBF0F3994544
:10B91000C0D8002BBED0C9EB0920B0FBF3F0C04368
:10B92000C0B2B8E729463046FFF7B2FC0190304676
:10B9300010F08DFC019BB3FBF0F0C0B2E1E7385D85
:10B940004000EDE700230020EB730B4B5A69C2F374
:10B950000723120448BF63F0FF035AB212F1800FAD
:10B960001CBF323B5AB2AA730346B8E702201EE757
:10B97000004000B80040005400C000B870B54FF45B
:10B9800080640B4D0B4B0020D3F8EC60C5F8EC4005
:10B99000C5F8E04004F014F94FF40053EB6573056B
:10B9A00042BF054BC5F8E040C3F8EC4070BD00BF96
:10B9B000006000540040005400500054082310B1AF
:10B9C000024A13677047024AFBE700BF001002B843
:10B9D000002002B8F8B504460E4611B9037C5A0699
:10B9E0003FD44FF6FF73E18BD4F8C870994204D06E
:10B9F000304B1B680BB1204698472F4D2B68BB423C
:10BA00004CD02E4B1B683BB11FB13A68002A47D07F
:10BA1000BF683946204698470727204601F0C4FBF7
:10BA2000002E31D006270126254B94F9122093F9D8
:10BA300000302449C3F11C039B1ACA69DB0222F4BB
:10BA4000FF2203F4FF231343CB61D4F8C8301E4A0E
:10BA50002B601E4B976720461E7010F0F0FC0020F4
:10BA6000F8BD4FF6FF71144DD0F8C8702A6866F320
:10BA700086139742C183037417D0104B1B68002BA9
:10BA8000C2D101F091FB072711493B46114AD1F879
:10BA9000FC1004F1D80003F02BFAC3E70127BCE740
:10BAA0001746204639469847B6E701F07DFB012747
:10BAB000EAE700BFE0220020D8220020DC2200209C
:10BAC000FE2E002000C000B8006000B8002F00204B
:10BAD000001F00B0581F00B008B5482200210248DE
:10BAE00010F03BFF002008BDC41E00B00C2337B58A
:10BAF00080F810310023837464234FF0FF357822DF
:10BB0000C0E93933C0E93B33C0F8E0304FF6FF738A
:10BB10000446A0F8F4200376C383C564C582056299
:10BB20008584057503F0C8FD2046FFF7D5FF94F91D
:10BB300012102046FFF7F2F9602340F6FF71114A18
:10BB40002046D36402F11C42D162D1650E4A2946D7
:10BB5000D36440220D4B1A67A26BFFF75BFA0E23EA
:10BB60000022CDE9003340F202231046194603F0CB
:10BB7000D9FB01F0D3F9204603B0BDE83040FEF711
:10BB8000AFBB00BF004000B8005000B8002002B8B2
:10BB9000034670B50C68B0F81421013408BFD3F81F
:10BBA000E0408D6808BF0C604C68D830013404BF99
:10BBB000D3F8EC404C606E1C38D1D3F8E840CE6826
:10BBC0008C60751C38D1D3F8E4500E69CD60013615
:10BBD00004BFD3F8D8600E614E69013604BFD3F8B4
:10BBE000DC604E618E69013604BFD3F8F0608E616F
:10BBF0008E693EB35A32B24238BF32460E688A610D
:10BC0000C3F8E8404C68C3E93865C3E93B420A69B8
:10BC1000C3F8D8204A690C49C3F8DC20D1F8FC10DD
:10BC200007230A4A03F064F9002070BD02F15A04A8
:10BC3000AC4238BF2C46C2E702F17805B54238BFA6
:10BC40003546C2E76422D9E7001F00B0581F00B094
:10BC500038B50446074D21462868621C003818BFD5
:10BC6000012002F0F1FB2B680020003B18BF0123EC
:10BC7000A37038BDF022002038B5054C054B417843
:10BC800000782568236002F09FFB00B1256038BD75
:10BC9000F022002024E8030070B506F02CFC0546D5
:10BCA0000B4E00F0A9F9012804D0284606F027FC25
:10BCB000022070BDF36813F0706FC3F30364F0D11A
:10BCC000B36ADB06EDD5284606F019FC2046F0E7FE
:10BCD000000002B8074B1B684BB10028064B08BF99
:10BCE0000023064A1360064B18700020704702209C
:10BCF000704700BFF02200201CE80300F42200205F
:10BD0000022F0020014B1878704700BF022F00203F
:10BD100038B506F0F0FB4FF6FF710A4A13888B42E4
:10BD200003D106F0ECFB032038BD074C074D1B0484
:10BD30006566A4F580546366118006F0E0FB002080
:10BD4000F2E700BF12330020006001B80000FFFFDF
:10BD50002DE9F743044688461546FFF79BF870B176
:10BD60006F4F7B69DB0740F1D88006F0C4FB0646C5
:10BD7000032001F033FE30B1304606F0C0FB022054
:10BD800003B0BDE8F0837F6917F00607F4D13046B1
:10BD900006F0B5FB634B4FF400612046D3F8C09E1C
:10BDA000D3F8946E04F0C8FC40B14FF40072012146
:10BDB0005D4B08461A673A4610F06FF894F9103058
:10BDC000002B06DAA36B5F0542BF4FF40022574BEE
:10BDD0001A6741462046FEF7A3F9524BC3F8C09EAE
:10BDE000C3F8946E0028CBD1237CD80601D4002D53
:10BDF00054D0C5F3400003F0EDFD022315F4807F1D
:10BE00001BBF0021494A484A136717BF484A1367B6
:10BE10005161136303F018FE4FF4806315F0040FB3
:10BE200014BF444A444A15F0400F53624FF00402D5
:10BE30003D4B28461A674FF0400314BF3F4A404A23
:10BE4000C2F88830FEF7A4FE204610F037FA38B169
:10BE50004FF4807315F0010F14BF344A324A136750
:10BE6000A90644D54FF6FF72A38C93420FD0354AF2
:10BE70003549526E100CC2F301120132B3FBF2F3DA
:10BE800008802C4A2C4931481B0448665366003D03
:10BE900018BF0125237C65F304132374204610F09A
:10BEA000CBFAF0B1204610F009FAD0B14FF40031CE
:10BEB000204604F041FC431C03229BB2244801A904
:10BEC00010F05CFB9DF8042002F00703052B9DF8A1
:10BED000053015D112070DD443F480731D4AC2F802
:10BEE000A030002003B0BDE8F04310F085BBFFF7A1
:10BEF0000FFFCCE713F0040F09D19DF80630EBE7F4
:10BF000003F03002202A05D113F0010FF4E74FF4BB
:10BF10008073E3E79DF80630E0E7032030E700BFD9
:10BF200000C001B8001000B0002002B8001002B834
:10BF300000400054005001B8006001B800D000B8C3
:10BF400000E000B8004001B8123300200000FFFFFD
:10BF500008400054001E00B008B50B4BD3F84C113C
:10BF60004B1C0FD011F080410CD10320FEF722FFB3
:10BF70004FF080624FF40071044BDA67044AD162DB
:10BF800001225A6108BD00BF0080E00F001002B816
:10BF9000004000B84FF40022034B186F03F5005324
:10BFA0001A67C0F3C0407047000002B8024B034A52
:10BFB00000201A60704700BFDC22002081AA020026
:10BFC000024B586900F00100704700BF00C001B883
:10BFD000084B5A69D10707D508B901F0DFBB5B6987
:10BFE000DA0706D401F0CCBB5B69DB0701D400287B
:10BFF000F8D1704700C001B80F4BDB68C3F303638F
:10C00000013B0B2B0FD8DFE803F006060C060606F3
:10C0100006080A0808080220704704207047052017
:10C02000704703207047054B5B6913F0060F0CBF88
:10C0300001200420704700BF000002B800C001B812
:10C04000094AD368C3F303630B2B08D06FF49050F5
:10C05000184100F0010080F0010040007047106FAF
:10C0600010F48030EDD17047000002B80C4AD3685C
:10C07000C3F30363062B07D8042BD8B20BD8C31E17
:10C080005842584140007047072B06D1D2F8300182
:10C090000028ECD17047022070470020704700BF95
:10C0A000000002B8094BDB68C3F303639A1E012A40
:10C0B0008CBF00220122012B02701EBF4FF40262CE
:10C0C00022FA03F303F001030B707047000002B87B
:10C0D000024B1B6803B11847704700BF08230020BC
:10C0E000024B1B6803B11847704700BF04230020B0
:10C0F000F0B5CF072BD5002A14BFAA2555250E462B
:10C100001E24154F01F0030383F001033B449B7889
:10C1100006F0070C17F80CC0013C63444FEA5606C2
:10C12000F6D10E4E73436FF481769B0C334482B983
:10C1300091FAA1F195FAA5F54A082D0F490042EAB6
:10C14000C57201F00204C474C0E91123F0BDAA2530
:10C15000D5E7034AF7E700BF38E8030036FC1000D4
:10C16000B756351230B547F6FE74154BC3F830425A
:10C17000856C04EA4504134DC5F830420F245C6613
:10C18000CC071BD5D2B901246C664FF0FF34C3F83D
:10C190000441456C0B4CC4F804514FF0F045C3F812
:10C1A0001051C37CDB062B40C4F810312AB10222A7
:10C1B000054BC0F88010C3F8C02030BD0224E3E76F
:10C1C000006001B8005001B80040005413B5437C32
:10C1D0000446033BDBB2072B96BF104A0021D15C1B
:10C1E000FEF7E2FD012001F043FA4FF4F0620C4B40
:10C1F000DA644FF40072A3F58053DA64637C053B84
:10C20000012B08D80421074B01229B6E0DEB010086
:10C21000019300F0FBFA02B010BD00BF30E803004C
:10C22000006000B8004001B8012310B580F8F63076
:10C230002823C0F8DC30042304464374044B1968F7
:10C24000FDF7A8FF2046FFF7C1FF002010BD00BF8B
:10C2500090E80300012310B580F8F6302823C0F8D9
:10C26000DC30022304464374044B1968FDF792FF47
:10C270002046FFF7ABFF002010BD00BF94E803008D
:10C28000012910B5044604D90239012914D9032023
:10C2900011E00B4B19680523012284F8F6204FF4B6
:10C2A000BC726374C4F8DC202046FDF773FF20469F
:10C2B000FFF78CFF002010BD024B19680623EBE747
:10C2C0008CE8030088E8030038B5184B04461D6865
:10C2D00045B1EB6833B1286801F0A8FDAB68186878
:10C2E00001F0A4FD124B1B682BB1DA681AB19B68F0
:10C2F000186801F09BFD0F4B1B682BB1DA681AB16F
:10C300009B68186801F092FD0B4B1B682BB1DA6833
:10C310001AB19B68186801F089FD2046FFF79AFF63
:10C320002046BDE83840FFF751BF00BF94E8030046
:10C3300090E803008CE8030088E80300072330B589
:10C34000144CE363144B61B94FF480424FF48041C5
:10C35000C3F8B410C3F8B820C3F8BC20C3F8C02099
:10C3600030BD44250D4940F040004D6388630121F4
:10C37000D9634FF480414AB1C3F8B410054BC3F8F8
:10C38000B810C3F8BC10C3F8C010E9E7C4F8B41083
:10C39000F4E700BF006000B8005000B8004000B8EB
:10C3A0002DE9F04F87B09046019305460F4606F001
:10C3B000A2F8064603F0DEFB6B7C033BDBB2072BE7
:10C3C00096BF554A4FF0000B12F803B0032F10D858
:10C3D000DFE807F002141B220222504BDFF86091C5
:10C3E000D3F800A06A74012285F8F620BAF1000F94
:10C3F00017D10124204607B0BDE8F08F484B042236
:10C40000D3F800A0DFF83C91ECE70522454BD3F8C8
:10C4100000A0DFF83491E5E7434B0622D3F800A0F3
:10C42000F7E7D5F8C020524507D0504600F028FC69
:10C430000022C5F8C0A0C5F8C42041462846FDF733
:10C4400043FD044603F0B8FC5F4507D0D5F8C4208F
:10C4500028461268DAF804100FF0A0FF019BDFF8FD
:10C46000ECA0A3F15A0001F033FBB0F57F4F3FBFC2
:10C470002E4B9B6B0133C018A0F57F40CAF89C007F
:10C48000484602F0C9FC0023CAF8A000CAF8A4304C
:10C490002CB941462846FDF7D1FE044618B1304676
:10C4A00006F02DF8A6E70522214B4FF00209C3F84C
:10C4B0002421012241461A672846C3F80890FEF756
:10C4C0006BFD044618B11B4BC3F80890E7E73946EB
:10C4D0002846FEF769FC109B28460293119B02A98F
:10C4E0000393BDF84830CDF81340ADF810309DF8F7
:10C4F0004C308DF817408DF812300FF051FE044685
:10C500000028CCD10C4907230C4AD1F8FC1005F1C6
:10C51000D80002F0EDFCC2E730E8030094E8030025
:10C5200090E803008CE8030088E8030000C001B82D
:10C53000001002B8002002B8001F00B0581F00B061
:10C54000D0FB010050BD0100501C0700001E00B0D0
:10C55000431EDBB2FD2B14D9FF280B6801D14A68BA
:10C56000134313F0802F1EBF42F20102074BC3F8A2
:10C57000282251F82020054BC3F85022C3F854223A
:10C5800070470128F5D10023E9E700BF004001B85A
:10C59000F0B585B06D460E460F4B074614460FCBDF
:10C5A00085E80F000D4BD3F848020090D3F84C22D9
:10C5B00001923EB1631EDBB2FD2B0AD93060FF2C25
:10C5C00000D172602246294638460FF07DFF05B043
:10C5D000F0BD012CF4E700BF40E803000080E00F4D
:10C5E00030B50C4B0546187085B0082380B90A4A4F
:10C5F000C2F8FC3351B96C46084B0FCB84E80F00EE
:10C60000074B2A4621461868FFF7C2FF05B030BD28
:10C61000044AEDE733330020001002B850E803006D
:10C620006C200020002002B838B5044601F02CFB35
:10C63000E0782179174A40EA0143C2F8CC34E57921
:10C64000A37943EA0543C2F8D03423781BB1002311
:10C650000422E8F7B3FC63782BB100230422E179CC
:10C66000A079E8F7ABFC2278012372B10A4AC2F83C
:10C67000C8346278022352B1074AC2F8C834A0789D
:10C680000021FFF7ADFF002038BD044AEFE7034A61
:10C69000F3E700BF00C0035000D0035000E0035098
:10C6A000014B1878704700BF33330020124BD3F88A
:10C6B000E020D2031ED54FF480321049C1F8E020AB
:10C6C000A1F58051C1F8EC201A6CD1B2C2F3072257
:10C6D000C3F88010C3F880200422C3F88020002211
:10C6E000C3F88020C3F88020C3F88020C3F88020DE
:10C6F000C3F88020704700BF004000540060005421
:10C70000F8B50D461746064605F0F5FE012304214F
:10C71000084C094A2363A760E6602561C2F8E0106F
:10C72000064AC2F8843105F0EAFE0DB10223236304
:10C73000F8BD00BF004000540060005400E100E07C
:10C740000122054B1860054B1A6640F6FF7299638B
:10C75000D863DA65704700BF102300200040005402
:10C760002DE9F04F042A05460B4683B039D901263E
:10C770000978141F81615A7803F1040982619A785B
:10C780008261DB7883610368D0F808B003F00703A7
:10C7900006339E4006F1FF3A0AEA0B084768A6EB0B
:10C7A0000802944247F000570ED84946224607EB4C
:10C7B000080010F007F946EA0A0604EB0B023240C3
:10C7C000AA6003B0BDE8F08F494607EB080001926C
:10C7D00010F0F8F8019A384609EB0201A21B424416
:10C7E000E7E7013A032AECD8DFE802F00B0805027C
:10C7F00013F8012B826113F8012BAA6113F8012BA6
:10C80000AA611B78AB6103B0BDE8F08F38B50C4668
:10C81000154601460F4B68B101220F48C3F8C020EE
:10C820002246FFF79DFF1DB104220A4BC3F8C0202A
:10C83000002038BD64B1D3F8A420A24284BF0122F5
:10C84000C3F8C0200222C3F8A040C3F8C020EAE722
:10C850000122FAE7004000549840005410B505F05A
:10C860004AFE0122174B18491A66C3F890209A66AF
:10C87000164A0446DA660722C3F88C20144B1A8045
:10C880000023144A13804FF4A022C1F8E020A1F540
:10C890008051C1F8EC20104A1360104B1B6F5B02F3
:10C8A0000AD54FF480020E4B18680E4BD8301A6729
:10C8B00050F8A01C01F066FC2046BDE8104005F0D1
:10C8C0001EBE00BF0040005400600054100D002048
:10C8D000C6250020C42500200C230020000002B83B
:10C8E0006C200020002002B807220D4B01211A8085
:10C8F00000220C4B1A800C4BC3F8C010C3F89820D0
:10C900004FF40052C3F89C00C3F8BC20F022074B40
:10C910009A64A022A3F580539A64FFF79FBF00BFDB
:10C92000C6250020C425002000400054006000B847
:10C930002DE9F041044688B105F0DDFD3C4E3D4A4D
:10C940003388032C03F0780105463B4F03F07F0C3E
:10C9500011445BD13C6824B905F0D1FD0320BDE84A
:10C96000F08124F00104386820F00100A04252D187
:10C9700000223A6022888C426FEA42426FEA5242B9
:10C9800022803ED12D4CDFF8D0C02788ACF1800842
:10C990003A46083A92B201F10800604528BF404685
:10C9A000082A04D9B0F800E0BEF5804F3ED22280BC
:10C9B0003B440C8888789B1A2149DBB2C4F30C04F1
:10C9C0004C6433804B67C1F88C204FF480221D4BA0
:10C9D00000F00700C3F8E02001221B4BC3F88421BC
:10C9E000FFF764FE04280CD14FF48002174B1B6F35
:10C9F000174B1868174BD8301A6750F8A01C01F075
:10CA0000C1FB284605F07BFD0020A8E7601E012839
:10CA100098BF0C46A7E7094862440088A21A48BF9D
:10CA2000803208389042A5DC284695E70146B0E7F9
:10CA3000C4250020100D00200C230020C625002056
:10CA4000004000540060005400E100E0000002B823
:10CA50006C200020002002B8900D00201249134BDA
:10CA60000A881B8812481344083292B20A8011497E
:10CA7000073BC1F88C204FF480210F4A03F0780364
:10CA8000C2F8E0100121034498780C4A00F0070036
:10CA90000428C2F8841103D10949CA681203FCD4DE
:10CAA000084A1360704700BFC6250020C425002037
:10CAB000100D0020004000540060005400E100E030
:10CAC000000002B80C23002010B5054C206828B1E6
:10CAD000C30701D4FFF72CFF0023236010BD00BF64
:10CAE0000C2300204FF48033084AC2F8EC30A2F542
:10CAF0008052C2F8E030064BD3F88830C3F30C0301
:10CB0000782B01D8FFF7D2BD704700BF00600054FA
:10CB1000004000542DE9F84304460E4605F0EBFCB6
:10CB20004F4B81461A884F484F4D02F07801032C35
:10CB30002D8802F07F03014417D14C4C24688CB936
:10CB40002A44073A02F0780284180344E31A48BFE3
:10CB50008033AB4210DB484605F0D1FC0024204670
:10CB6000BDE8F88324F00104EFE7012C02D0022C89
:10CB7000EBD1083D0C46E8E7002E40D08C423C4902
:10CB800041D1D1F8448001278A6B02F007020632B6
:10CB90009740D1F88820C2F30C029A4246DD2588DE
:10CBA000B5F5804FD7D2A378C5F30C0503F0070382
:10CBB0007A1EA5EB08053A43052B337005EA0205FA
:10CBC0002CD82DB2E84340F23A420421C00FFDF7C1
:10CBD000ABFB7580E378274A337412687B1E03EA47
:10CBE0000803D118B160A9B213FA85F5BD4291BF0F
:10CBF0000023FF1AB780F2609CBFB180F360484603
:10CC000005F07DFCABE7A4F10802824238BF04F1D5
:10CC10007802B2F80080C8F30C08B4E7164B5B6DDD
:10CC2000003B18BF0123A5EBC305CAE70B6C7A1EB6
:10CC3000A3EB08033A431A40104B15B2DB6862B904
:10CC4000C3F30363D91E4B424B41DB0033700B4BE4
:10CC500072809B6FC3F30723BDE70823F6E700BF8D
:10CC6000C4250020100D0020C62500200C23002024
:10CC70000040005410230020004000B8000002B81B
:10CC8000054BA822D3F84C013121431C0CBF0120D5
:10CC9000C0F38070FDF748BB0080E00F38B5094D48
:10CCA0000446286840F6A402003818BF01202B2152
:10CCB000FDF73AFBFA235C432B680A20B4FBF3F43C
:10CCC000604338BD44230020174B30B51A68431C1D
:10CCD000164B22D0B2F1407F1FD3154D00F03F0418
:10CCE000D5F8002122F03F021443C3F8C84001F0F8
:10CCF0003F042243C3F8D020D5F804310D4A1A402E
:10CD00000D4B03EA500003EA510110431143074B56
:10CD1000C3F8CC00C3F8D41030BD00200146C3F8DE
:10CD2000C800C3F8D000F2E70080E00F001F00B099
:10CD3000000002B81FF087E1E0FFFF7F73B5574E98
:10CD40000446317819B91C2255480FF006FE2378A5
:10CD5000544A6188137051804FF0FC62524CFF219D
:10CD6000C4F8FC204FF47F02C4F808214F4A022B7C
:10CD70004F4D117033D1042307224E49C4F8FC23D0
:10CD8000C5F8FC33C4F800114FF4C071C5F80011A8
:10CD9000C4F8FC234FF48052C5F8FC33C5F8702169
:10CDA0004FF40052C4F87021C4F808314FF4FF1357
:10CDB000C4F8FC304FF4BB13C5F8FC308023C4F832
:10CDC000703148F2C8023C4BC3F8D8203B4B3C4A78
:10CDD0000020C3F8C02F0123337002B070BD394A60
:10CDE000012BC4F80021384B27D14FF4C072C5F88D
:10CDF0000021D3F83802D3F83C12FFF765FF072370
:10CE0000C4F8FC330223C5F8FC334FF48053C5F853
:10CE100070314FF40053C4F870310423C4F8083162
:10CE20000DEB0300E8F746FA9DF80530023B012BB5
:10CE30009CBF8023C5F87031C3E7244AC5F80021A0
:10CE4000D3F83002D3F83412FFF73EFF0723C4F8BB
:10CE5000FC330123C5F8FC338023C4F870314FF450
:10CE6000805301A8C4F87031E8F724FA9DF8053022
:10CE7000012B05D19DF8043053B948F25D1309E048
:10CE8000FBD9023B012B9CBF4FF40053C5F8703116
:10CE900048F25813084AC2F8D83097E7032F002009
:10CEA000C41F00B014330020002002B83733002024
:10CEB000001002B8C0F10F00001F00B0001000B059
:10CEC00018230020C0F70F000080E00FC0F60F000D
:10CED000034B1A6802609B8883800020704700BF64
:10CEE0001433002010B5044600F0CEFE0A4BD3F8F0
:10CEF000F83724B983F40023C3F3C04010BD012CDC
:10CF000005D113F4C02F0CBF01200020F6E7A31EAB
:10CF100058425841F2E700BF000002B86FF07F426C
:10CF200008B5154BD3F8FC37934208D0134A03F0E9
:10CF30003F031370F123124A1370124A13701249FF
:10CF4000124B09781A68A9B1B2F1A06F12D3D3F8C5
:10CF500050120F4A0F4BB1F1FF3F18BF13460E4A54
:10CF600013600FF0ECFB41F66A03B0FBF3F00B4BE0
:10CF7000186008BD074BF2E7000002B83833002004
:10CF8000393300203A330020363300200080E00F90
:10CF90005082E00F74E80300142300204423002093
:10CFA000012807D0022802D030B100207047034B7F
:10CFB00018787047024BFBE7024BF9E73833002043
:10CFC000393300203A3300200023F0B590F81041A7
:10CFD00085B002462046CDE90133CDF80B30FFF78E
:10CFE000DFFFD37D411EC9B28B4228BF0B46002C08
:10CFF0003CD0012C38D1042418464FF00F0C394E88
:10D000000DEB0405B0FBFCF7F75D013CC01BC0B2A3
:10D01000814238BF00206055002CF3D105240F2732
:10D020008DF80830B3FBF7F0305C0344DBB28B4281
:10D0300028BF0B462B5501340B2CF3D10F2602F1E0
:10D040004C00783215F8013BB3FBF6F14C1CC1EBF8
:10D0500001115B1A0133DBB2E4B21B0443EA04534F
:10D0600040F8043F8242EDD105B0F0BD04241846DB
:10D070004FF00F0C1C4F0DEB0406B0FBFCF5EDB2AE
:10D080007D5D013C401BC0B2814238BF0020A055ED
:10D09000002CF2D105240F258DF80830B3FBF5F0F4
:10D0A000385C0344DBB28B4228BF0B463355013456
:10D0B0000B2CF3D10F2502F14C04783216F8013B0A
:10D0C000B3FBF5F1481CC1EB01115B1A0133DBB274
:10D0D000C0B21B0443EA005344F8043FA242EDD11E
:10D0E000C2E700BF6DE8030060E8030038B5284BD5
:10D0F00005461A7827490C2A02D1FF20087038BD4E
:10D1000010460FF0A8FA04461046FFF749FFA84260
:10D1100028BF2846C0B2A04238BF20460B78C0B214
:10D120008342ECD0087088B1431EDBB2022A1A4950
:10D130000ED14FF0FC62C1F8FC20A1F50051D1F8EE
:10D14000FC2042EA4353C1F8FC30D8E70346EDE740
:10D15000124A134C12685032C4F8C02F4FF47F02A9
:10D16000C1F808210F49CA6FD202C8D40F22B3FBFD
:10D17000F2F2551CC2EB02129B1A0133D1F808419E
:10D180001B0443EA05532343C1F80831B7E700BF46
:10D190001433002037330020002002B86C20002018
:10D1A000001000B0000002B82DE9F04F90F81051C7
:10D1B0000746C66C87B035BB1F2E38BF1F26093EF9
:10D1C000884B89481A6A4C230168C2F38212D34003
:10D1D00003F00108B1424346FA7D8449DFF82CB2DE
:10D1E000DFF82C9214D10C78444511D19BF8004003
:10D1F000AC420DD17E4C2478944209D1B9F8040098
:10D2000007B0BDE8F08F032E38BF0326023ED7E7F4
:10D21000066099F800000B70FFF7C2FEFF2A14D1D8
:10D2200028460FF018FA0146B8F1000F16D0D7F8CB
:10D23000C810002900F0C8800B68082B40F2C48099
:10D2400091F838A0002D51D00FE0411E914228BF27
:10D250001146012938BF0121C9B2E5E7012D2BD0C4
:10D26000022D00F0AF80BDB3C2460FF068FA40F265
:10D270007123B0FBF3F019237043B0FBF3F00122EC
:10D280005146059005A80FF0BCF94FEA4A01032961
:10D2900038BF0321040244EA00140339044300F0B8
:10D2A0001F0001FA00F0FFF7F9FC0AEB0A260AEB6F
:10D2B000062600F5FA6860E00F23B1FBF3F35A1C71
:10D2C000C3EB0313C91A0131C9B2D2B2090441EA4E
:10D2D0000251C1F3074AC8E70F23B1FBF3F1454BF5
:10D2E00001311B6853FA81F111F801AC0FF027FAF4
:10D2F00040F27123B0FBF3F419237443B4FBF3F44D
:10D300004FEA0A460294B8F1000F60D13A4BAAF1F5
:10D310004001A3FB042303A8424603930FF071F9D5
:10D32000DDF80CA0354AA4EB0A04A2FB041200901D
:10D330003021049204A842460FF063F9DDF8108012
:10D340000190A4EB08040122102105A805940FF018
:10D3500058F9009B46F480461C02019B46F01006DB
:10D3600044EA0314059B04430AEB08001844FFF742
:10D3700095FC00F50C5808F1280840F6FF72204B88
:10D380004046C3F8C020A3F58053C3F8C040A3F5BE
:10D3900080531C4CC3F8C460C4F8008001F03CFD0D
:10D3A0004FF47A72184B4042986523681049B3FBDA
:10D3B000F2F3A9F80430FB7DB8FBF2F08BF80050D3
:10D3C0000B701DE78A4650E74FF0000A3AE700224B
:10D3D000514602A80FF015F9040244F01104029816
:10D3E000C5E700BF004001B80C320020042F002028
:10D3F000343300201423002069C2F568911E856B28
:10D40000006001B848230020001F00B03533002021
:10D4100014330020014B1870704700BF36330020D2
:10D4200010B50446FCF760FC78B1174B1B786BB95C
:10D4300064B1164B1B784BB1154B1B78013B012B8C
:10D4400004D84FF40042134BDA6710BD124BDB6F68
:10D450001B04FAD405F04FF84FF400420F4B04467A
:10D46000DA67A3F5A0435B682BB1FEF7A9FD10B105
:10D4700002200FF001F90222094B2046BDE81040BE
:10D48000C3F8842405F03BB8052F0020062F0020A8
:10D490004C230020002002B8000002B8001002B89F
:10D4A00000D0035070B50546414C00F0EDFB414BF8
:10D4B00000201D70FFF7B4FF2378013B012B0CD82F
:10D4C0000122217CE37B8A4030214B4342F2100150
:10D4D00003F1A04303F570335A500022364BC3F8D2
:10D4E00084248DB94FF6FF71344AC2F88410F821B4
:10D4F000A2F58052C2F88410C3F88454304B4FF028
:10D5000080420020DA6770BD636883B30FF017F9BB
:10D51000626800EB5203B3FBF2F3013B1B0243F0E2
:10D52000F80326782549022E264A22D0032E4FF6EC
:10D53000FF7521482AD0012E33D143F00203C1F8F0
:10D540008450C2F884300723C0F884343021E37B50
:10D5500001204B4341F21001227C03F1A04300FA69
:10D5600002F203F570335A50FFF75AFF17E0F82321
:10D57000D7E74FF6FF7043F00103C1F88400C2F80B
:10D58000843006220C4BC3F88424DFE743F0050304
:10D59000C1F88450C2F884300423C0F884340A4BA4
:10D5A000ADE7C1F88450C2F884300023F5E700BF2E
:10D5B0004C230020062F002000C00350006000B85C
:10D5C000002002B8005000B8001002B8F8B51F4F94
:10D5D00006463D4604460FCE0FC533682B6000F06B
:10D5E00053FB00221A4BC3F88424A17A627A42EAE0
:10D5F0000142C3F89024217CE27B42EA0142C3F855
:10D600008C24207B617B40EA0142C3F888243B786C
:10D61000032B19D8DFE803F01202060C00230422C2
:10D62000E7F7CCFC00230422217CE07BE7F7C6FC73
:10D6300001230422A17A607AE7F7C0FC054B187831
:10D64000BDE8F840FFF72EBF0120F8BD4C230020B5
:10D6500000C00350062F0020034BDB6F002BBCBF24
:10D66000024BC3F888007047000002B8004000B8C1
:10D670004FF0006338B1064AD367064B4FF40032CF
:10D68000C3F884207047044AD367044BF6E700BF11
:10D69000001002B8005000B8002002B8006000B8C6
:10D6A0002DE9F0470FF04BF84FF47A764FF4FA7308
:10D6B000B0FBF6F6734307462948190E1B021818EB
:10D6C000284A4FF0000341F1000103F03FF8264BD8
:10D6D000A0F5807205461A6320B943222B21FCF77E
:10D6E00023FE01254FF47A724FF0000A6A43534635
:10D6F0005008310203F02AF81B4B1C4AB7F57A7F19
:10D700009A601B4B4FEA056819601A4B894604461C
:10D7100018604FEA152505D295222B215046FCF7BB
:10D7200003FE01264FF47A73A8FB030103FB0511E6
:10D730007308C01841F100010023324603F006F8D7
:10D740000D4B023419600D4B49F10009A408186013
:10D7500044EA8974044B013C9C63BDE8F08700BF38
:10D7600020A1070040420F0000C001B802110100D3
:10D770006C23002068230020642300206023002005
:10D780001022044BC3F884215A600122024BDA6054
:10D79000704700BF00E100E000C001B81022064B56
:10D7A000C3F88421C3F88420BFF34F8FBFF36F8F7A
:10D7B0000422024BDA60704700E100E000C001B8CB
:10D7C00010B50446A242A2EB0000A3EB010104D273
:10D7D000034B01399B6B0133184401F0030110BD69
:10D7E00000C001B838B501250A4B02019D504FF425
:10D7F00080730446084A8340536604F07CFE074A5F
:10D80000A540137823EA05031370BDE8384004F0FF
:10D8100076BE00BF00E101B800E001B80F2F002084
:10D820002DE9F84F164605468A461F4604F063FE6A
:10D83000022E00F09080804604F064FE594B5A4A54
:10D84000D3F82090147D5A6EE4B2520744BFD3F847
:10D850002090013404F0030404F05AFE48462146A7
:10D8600000F024F98446DAF80000012E04BF0130EC
:10D870006044ACEB000C08BFCAF80000BCF1804F5C
:10D880007DD300F025F98145A1EB040188BF454B0C
:10D89000DFF834C188BF01F1FF3101F0030188BF17
:10D8A0009B6BA0EB090E0CF80510A1B1F90742BF64
:10D8B00041F61F723D4B5A67BA0742BF3B4B3C4A89
:10D8C0005A677B0742BF0022364B9A673C0742BF2C
:10D8D0000022344B9A6511244FF0010A314B05F1B7
:10D8E0001002120103EB051BCBF80C0131499C50CF
:10D8F0001A6A0AFA05F4586E0B78A2EB0902E4B230
:10D90000234372450B7025D34FF48073AB40034221
:10D9100020D11CF80520002A40D10EB3264AF80772
:10D92000536607D541F61F7140F201101F4B59672E
:10D9300050675967B90706D51C4B1D4A1E491F4839
:10D940005A6748675A677A0742BF01221C4B1A611F
:10D950003B071AD4404604F0D2FD0120BDE8F88F01
:10D96000184A2D0142F805A042F89C3C04F0C3FD82
:10D9700010490B7823EA04030B7004F0C0FD404605
:10D9800004F0BDFD0020BDE8F88F2120FFF764FE04
:10D990004FF48032034B4046DA60DCE7064A4046EB
:10D9A0005366D8E700C001B8CC23002000E001B8DE
:10D9B00000001F1F0F2F002000D001B80000010140
:10D9C000000002B800E101B8072F0020024B1878D0
:10D9D000003818BF012070470F2F0020034B103074
:10D9E0000001185800F00100704700BF00C001B8E6
:10D9F000044B01F0F071103041F0030100011950A7
:10DA0000704700BF00C001B870B50646FEF7D8FAEF
:10DA1000044608B1FFF7C2FE0023084D3046AB6153
:10DA2000EB612B6200F054F8054BC9B219752862FE
:10DA30000CB1FFF7A5FE002070BD00BF00C001B80B
:10DA4000CC23002008B52220FFF706FE4FF48022E9
:10DA5000014BDA6008BD00BF00C001B838B504F062
:10DA600051FD084B084A1D6A147D5A6EE4B25207F4
:10DA700044BF1D6A013404F04BFD284604F0030145
:10DA800038BD00BF00C001B8CC2300200346064AC1
:10DA9000103302EB00111B01D1F80C01D158C1F376
:10DAA00040010EF0F4BD00BF00C001B8064B1B687A
:10DAB000434303EB8171054B1B68A3FB003013F15B
:10DAC000004341EB000070476423002060230020E6
:10DAD0000C4A20F04043014610B5002014684FF076
:10DAE0000042E4FB0320084A890F126802FB03008E
:10DAF000064B9B6B984204D901330131C01A01F0E7
:10DB0000030110BD682300206C23002000C001B871
:10DB100008B5064B4FF030401A68054992000EF0E8
:10DB200051FFBDE8084001F0D5BA00BFB0E80300DE
:10DB3000B4E8030070B50C68651C15D0C4F3026628
:10DB40009E42C4F3074530D1A4B294422DD804EBD1
:10DB50008506B24229D2141BA50824F003040E59ED
:10DB6000340F04D0012C09D00022012303E06B1CE8
:10DB700051F8232000230260037170BD0D4C34F86E
:10DB8000133042EA03431A686B1C51F8234001EB3F
:10DB900083014B6822405E4036F07044EAD11B0F8F
:10DBA000032B04BF8B681A43E4E7013501EB8501C1
:10DBB000C1E700BF80E8030007B501A8E7F77AFBDB
:10DBC0004822164B5A65164AD2F8D43023F4FC3357
:10DBD000C2F8D430134B1B689DF80530023B012B73
:10DBE00019D84022104BC3F8FC23104BD3F85C32F9
:10DBF000DBB2FF2B00D10623094A1B03D2F8FC132A
:10DC00009BB20B43C2F8FC33D2F83021084B1A60A8
:10DC100003B05DF804FB01F0B3F8ECE7008001B855
:10DC2000000002B8002000B0001002B80080E00F31
:10DC30000023002000224FF400710F4B10B51A672B
:10DC40005A679A670D4AD162012102F5E8325161A3
:10DC5000DA6812F0706FFBD14FF0304201245A663F
:10DC600002F5FC5208329C66DA64054B1B68984743
:10DC7000044B5C6110BD00BF000002B8004000B85A
:10DC800010320020002002B801230F4A0F49C2F8C9
:10DC900080328A6A22F002028A620D4A53600D4A7B
:10DCA00053600D4A5360A2F580425360A2F5404292
:10DCB000536002F5C032536002F580425360A2F512
:10DCC00000425360704700BF0080005000C0005009
:10DCD00000D000B800500054005001B808B5FFF75C
:10DCE000D3FF0E4B0E4ADA6701F042F8FFF764FFEC
:10DCF00003220C4BC3F8E020012203F54043DA670E
:10DD00004FF460725A614FF40072DA67FEF7C8FC94
:10DD1000BDE808400021FEF763BC00BF000002B868
:10DD20000048F000005001B82DE9F04F054687B0DB
:10DD300002900F4657F8044B631C06D1029B2C60DF
:10DD4000E81A801007B0BDE8F08F5FEA147B18BFB7
:10DD50000123344AC4F3016108BFC4F3074332F816
:10DD60001120A4B24FEAC30A2F4844EA02440AF140
:10DD700004022A4482421BD20722CA4002F0010256
:10DD800001929A0004EB830303930123B94603FA3B
:10DD90000BF808F0940305F1080604920593039B21
:10DDA00009F10409A34208D1049955443944C0E754
:10DDB0001D4A9542E0D80020C4E7059B53B918F0EE
:10DDC000420F19D118F0280F0BD146F8084C59F81A
:10DDD000042C21E040F6F31232210020FCF7A4FAD3
:10DDE000F3E740F6F81232210198FCF79DFA04F5AA
:10DDF000805246F8082CEAE740F6012232210198C9
:10DE0000FCF792FA04F50052BBF1010F46F8082C1A
:10DE1000DDD159F8042CD24346F8042C04340836DA
:10DE2000BDE700BF80E80300003000B0F8B505464C
:10DE3000F0B10026154B34461F46154953F8042B04
:10DE4000BAB9A00000F13040294600F50150FFF7B3
:10DE50006BFF30B940F6A2323621BDE8F840FCF73E
:10DE600063BA0C4B0134044447F8265023F816409B
:10DE7000F8BDAA42FCD001360C2E02D031F8164073
:10DE8000DCE740F6BC3236210020E6E770230020B4
:10DE9000C6250020C825002070B50446A8B1C1B130
:10DEA000384A52F8043B984215D1002336498A6813
:10DEB0009206FCD49B00354A03F1304303F501532D
:10DEC000C2F898302022324B9A6070BD01330C2B7F
:10DED00002D1304D12E0012352F8041BA142F5D1CA
:10DEE0002D4A32F81330E1E704D16268C3E9001229
:10DEF000083403E0012A01D1043419602268531C5C
:10DF0000E3D0C2F3016335F81300110C93B211F0A2
:10DF1000FE0F43EA004360680DD00434CAB2022AFF
:10DF20002168E1D9D4E90160033AC3E90016986099
:10DF30000C340C33F3E7120F072AD9D8DFE802F0CC
:10DF40000704090D1013181DC04303F50053186092
:10DF5000CEE71A6842401A60CAE703F58053F6E735
:10DF60000EF08AFBC4E7012203F580538240F2E7FA
:10DF7000012203F500538240EDE71A6830EA0202FD
:10DF8000FBD1B5E770230020000002B8001E00B0EE
:10DF9000001002B880E80300C62500200122014BD2
:10DFA000DA677047001002B80122014BDA67704748
:10DFB000002002B84022014BDA677047002002B807
:10DFC0004022014BDA677047001002B808B50C4BCD
:10DFD0001B68D3F8C83023B11A68022A01D9186A1D
:10DFE00008BDE5F747FE074B02469B6D98B2002837
:10DFF000F6D0C3F30743D2085343B3FBF0F0EFE787
:10E000006C200020004001B8064BDB68C3F30363BB
:10E01000984206D1044A536A23F0F00343EA0111FF
:10E0200051627047000002B8001F00B010B50446EE
:10E03000FFF7CCFF0F4AD2F838311B040E4B48BF14
:10E0400040089B6C03F4C053B3F5805F0ABF936B29
:10E05000C4F30113C3F34163012B02D0022B02D09E
:10E0600010BD4008FCE7C4F3C4240134B0FBF4F055
:10E07000F6E700BF004001B8004000B82DE9F347C3
:10E080000F460EF0F2FA00258046DFF8B890DFF870
:10E09000B8A004F030FA0DF1070106460DF10600B4
:10E0A000FEF700F89DF806308BB9791C2CD00EF0E5
:10E0B000DCFAA0EB0805304604F021FA9DF80630A2
:10E0C00013B99DF8073053B3AF42E2D827E0D9F82F
:10E0D0000C3013F4603FE8D0D9F810301A04C3F3C1
:10E0E00089141ED4013701D00EF0BFFA304604F077
:10E0F00006FA24B26FF4FF73A4F1C8009842B8BFC7
:10E10000184602B0BDE8F087304604F0F8F99DF8F3
:10E110000630002BBDD19DF80730002BB9D108483F
:10E12000EFE77B1C44EA0A0403D00EF09EFAA0EB52
:10E130000805304604F0E3F914F5007FBED0D9E7B6
:10E1400000FEFFFF00C000B800FCFFFF0122024BF1
:10E1500098611A61704700BF000001B8084910B506
:10E16000D1F89C3040B11C46CA68D1F89C309C4222
:10E17000F9D1C2F30362027003F00F0010BD00BFBB
:10E18000000002B8094B01F080011B6F03F480030B
:10E190000B4309D14FF40012054B1A62837F1BB168
:10E1A0000122044BC3F80021704700BF000002B8F1
:10E1B000006001B8005001B84FF604014FF60502A7
:10E1C000044B01201B6C9BB28B4208BF1346024AD2
:10E1D000136670470080E00F00C001B82DE9F74FCB
:10E1E00081460F464FF0FF35FFF738FC00260190BF
:10E1F0008A462C463046DFF8D8B006F110031B01E2
:10E200005BF8033003F00308B8F1010F15D1304675
:10E21000FFF73CFC02460B4601985146FFF7D0FA47
:10E22000DBF8643006F10802D340DB0739D5002F54
:10E2300040D000252C463E6040460136082EDCD1F9
:10E2400060B3234A0027D2F808C0916B0CF4403326
:10E250000131A4FB0141641941F10001B3F5003F14
:10E2600030D1536B0CF4405C013347F10006BCF530
:10E27000805F22D1156B15F5807505FB06F647F119
:10E28000000203FB0266A5FB03323244594304FB40
:10E290000212A3FB04341444C9E9003403B0BDE8FE
:10E2A000F08FA84271EB0403C6D207B13E60054669
:10E2B0000C46C1E73D463C46BEE7320242EA1362E5
:10E2C0001B02E3E7136B13F5807347F10002DDE7F0
:10E2D00000C001B82DE9F84304F00DF90C234FF00C
:10E2E000B04700222B4C2C4D617C06464B433B44EF
:10E2F0001A63D5F870802A67D5F8000194F810C029
:10E30000E06026480231C0F88CC00320C5F8000147
:10E31000012000FA01F1224841614FF48070214947
:10E320004866396A0131A160596302211963A36803
:10E330000133396A00BF00BF00BF00BF00BF00BF8C
:10E3400000BF00BF686E10F4807915D18B42F0D108
:10E350003AB1304604F0D3F8C8221A214846FBF7F8
:10E36000E3FF0C21637CA2684B43023203F1B0430C
:10E37000A2605A630122DAE74FF48072094B3046FB
:10E380005A660122C5F87080C3F80021BDE8F84341
:10E3900004F0B5B8CC23002000C001B800800350C1
:10E3A0000020005800E001B808B50EF002FA044B56
:10E3B0005A7C012302329340024A536108BD00BFD8
:10E3C000CC230020002000580B2870B534D8022937
:10E3D00032D81A4C1A4B617441F4402141F4407117
:10E3E0002074063043F820100EF0A9F94608C5073E
:10E3F0000EF0CCF9002302463146284602F0A6F979
:10E40000090241EA1061C0F3C05040EA41000D4BDF
:10E410002060186B10F5807005D140F2CF122B21CF
:10E42000FBF782FF0220024600230020012102F0B8
:10E430008DF96060002070BD0120FCE7CC23002036
:10E440000080035000C001B828B1044B187C08704C
:10E45000587C1070704707230B70FAE7CC2300201C
:10E4600010B504F048F80446FFF734FF0222054BCC
:10E470002046BDE81040DA600122034B1A7004F018
:10E480003EB800BF00C001B8102F00200C490B7827
:10E49000ABB10C4B5A7C0123023293400A4A936180
:10E4A00053614FF48062094BC3F8802100230B7045
:10E4B000074BD3F80C01D3F8041100F0A7B870474C
:10E4C000102F0020CC2300200020005800E100E0A5
:10E4D00000C001B810B504460EF058F96043044B73
:10E4E00000F5F42000F59070B0FBF3F010BD00BF14
:10E4F00040420F002DE9F04F85B0FFF7EBFF0446D7
:10E5000003F0F9FF00214FF0B04ADFF8FC80054628
:10E5100002A888F80010FFF761FE364BDAF8206099
:10E52000DB6813F0706F1ED1DFF8CC90D9F814704F
:10E5300017F0060717D1E0B10EF001F9611DA1FB3C
:10E5400000B101910EF022F93B460246019958466E
:10E5500002F0FCF8DDE902B3090241EA10610002B1
:10E56000584599410ED3284605B0BDE8F04F03F059
:10E57000C6BFFFF7AFFE02221F4BDA60012388F807
:10E580000030F0E70193FFF7A5FE0EF0FFF8019BC6
:10E590004FEA1B2242EA0362A0FB02B21B0A00FB05
:10E5A000032101910EF0CBF8019902463B465846F3
:10E5B00002F0CCF84FF00C0C0122104F01347B7CA0
:10E5C000361B991C0CFB03F38A400D49064403F1EA
:10E5D000B0434A615E630B4E241AB261DAF82060E0
:10E5E0005B6BF31AA342C6D2FB68C9F800318A619B
:10E5F0004A61B8E7000002B800C001B8CC2300208F
:10E600000020005800100058102F00202DE9F74F6F
:10E610000C22944C0191637C934E5343002203F1EE
:10E62000B0431A63217C914B0546C3F8AC104FF4FC
:10E6300000318F4B904619610223F3604FF0B043D5
:10E640001B6A5F1EDB1B002B40F3D48008F101081E
:10E65000B8F1020F51D9F3220D210020FBF764FE1F
:10E660004FF08052834B804E5A66E2684FF00008AC
:10E67000C6F800214FF400321A617C4BC3F8AC801D
:10E680000C23627C5A4302F1B042C2F8308003F09E
:10E6900032FF434642464FF4807E376AD6F864C064
:10E6A00003F110010901715801F00301012910D192
:10E6B0000EFA03F111EA0C0F0BD106EB0314BD4265
:10E6C000D4F80C4100F2A680A54202D2A74280F005
:10E6D000A4800133082BE3D1674D2C68012C40F254
:10E6E0009F802AB15F494B8A13434B82604B5A6625
:10E6F00003B0BDE8F04F03F002BF4FF00C09002259
:10E70000637C09FB03F303F1B0431A6303F0F3FEE8
:10E710004FF08052574B00905A664FF0B04394F838
:10E7200011C01F6A09FB0CF3013703F1B0435F63AB
:10E73000316BB368D80352D5A3682268FB1AA3FBD8
:10E74000029E63680198AEFB03A2A9FB03B313EB1F
:10E750000A0301F5807AAAFB031B42F100020AFBBF
:10E7600002BBB9EB01016EEB0B0E090A41EA0E6127
:10E770000144B1EB1A2F4FEA1A2E04D3013342F1B0
:10E780000002A1EB0E01AEF1040E714528BF7146E7
:10E79000EB18B16142F10001227DD6F820E0D2B23F
:10E7A0007545D6F838E084BF02F1FF32D2B2BEF12F
:10E7B000FF3F0ED04FF0000A0EF101099E457AEBA3
:10E7C000010B08D20132B3EB0903D2B261F10001AF
:10E7D000F4E70A44D2B202F00302227533620C233A
:10E7E00003FB0CFC02230CF1B04C0098CCF8303049
:10E7F00003F085FE4FF0B0431B6A00BF00BF00BFAF
:10E8000000BF00BF00BF00BF00BF726ED2007FF527
:10E8100019AF25E7A542BFF459AF11438AB258E7B3
:10E8200016490B78142B01BF0023154E0B70337063
:10E830000B7801330B70002A3FF45AAF094E738AEC
:10E84000134373820A4B5A660D4A13780133DBB2C5
:10E85000022B13707FF44CAF002301342C600B703B
:10E86000137045E7CC23002000C001B8008003509E
:10E8700000D001B800E001B8C8220020122F00200B
:10E88000112F002070B52C4B0C461A7812B92B4A68
:10E89000926D1A702A4AD26F52054AD51D78294BBB
:10E8A00005F00F06B0FBF3F040434FEA151505D114
:10E8B00040F279622B21FBF737FD0120224A0A2121
:10E8C0007243B2FBF0F34843B3FBF1F602EB5002A4
:10E8D000B2FBF0F201FB1633042BD2B207D8C3EB24
:10E8E0008310C3EB80035BB283B96DB217E0C3F151
:10E8F0000B0303EB8303DBB2B3FBF1F32B44DDB279
:10E900000F2DF2D9013AD2B2053DEEE7053B5BB2DD
:10E9100093FBF1F31D44EBB26DB2002D04DB00203C
:10E9200042EA0512226070BD01320533D2B25DB2F7
:10E93000F5E70220F7E700BF132F0020008001B8A1
:10E94000000002B8403B2500809698004FF0000C74
:10E950002DE9F84FA2FB017BC84EDFF85CE3BE193E
:10E9600099466BF10003B6457CEB030308D240F2F5
:10E970003D220E216046FBF7D7FC0220BDE8F88F50
:10E98000D0F8C8A00C461546BAF1000F04D0DAF84A
:10E990000030032B00F21A81B94BBA4A9B6BD2F8B4
:10E9A000FCA0C3F31408B84BD3F8EC305800B64BB6
:10E9B00048BF48F400181B6E48EA456859074EBF27
:10E9C0004FF440039B0503F0E07348EA0308E5F7C2
:10E9D00051F9012D0646D0D10028CED0AB4B98423C
:10E9E00000F0038103F5122303F5F863984200F069
:10E9F0000281A74B984200F03081002502462B4649
:10EA000000204FF0007101F0A1FE2B46013007FB02
:10EA100003F3C8F3130100FB0B33A1FB0662A7FB52
:10EA2000007001FB0522034420339B09C9F8003024
:10EA3000F60C984B46EA423618F4801F1C6008BF5B
:10EA40007642954B954DC9F8144034441E602C60B5
:10EA5000BAF1000F00F0B88000239149C8F3815249
:10EA60008A5C194618F0807F18BF6408002EB8BF72
:10EA7000764292066008C2FB0601224601F066FE5D
:10EA8000DAF800300E2B08D97F4B7D4A916BDA699A
:10EA9000D3F80C31D20600F1CD8018F4001814BF61
:10EAA000C42240F207127F4EC0F31300C9F80400DD
:10EAB000A6FB04064FEA561602FB06F6DAF8181013
:10EAC0004FF4FA73B6FBF1F618BF4FF0000806FBDF
:10EAD00003F3A4FB0202FA33A3FB013104FB082277
:10EAE0008342914138BF0136F6B246F4006CC9F852
:10EAF00008C0002E7DD0DAF81C00A6FB00311CB146
:10EB0000B4FA84F20E2A7DDDE203002977D1B2FB4C
:10EB1000F3F2530003FB0663A3FB00714FEA044EBC
:10EB2000BE454FEA144474EB010109D37600334427
:10EB3000A0FB0371BE4574EB010102F10102F6D2A4
:10EB4000C2F30E024CEA023343F00063C9F8083006
:10EB5000E5F790F82B68002B00F08A80B3FA83F475
:10EB6000D4F102044CBF1C4623FA04F44E4B9C42E1
:10EB700088BF6408002867D0B4FBF0F3642100FB71
:10EB8000134201FB02F2904265D85A1E52085B08FC
:10EB9000013B120242EA0313C9F80C30E5F73AF8D8
:10EBA00000285ED0B4FBF0F2642100FB124401FBAC
:10EBB00004F4A04260D8531E5B085208013A1B02BD
:10EBC00043EA0213C9F810300020D7E6042BDAF824
:10EBD00028807FF4FCAE18F0807F0CBF08F0E07353
:10EBE0004FF4400328F0E078EFE600232F481D465D
:10EBF0000DE70120C2E600232D481D4607E73346F6
:10EC0000002289E7C2F10F0702F1110E01FA0EFE90
:10EC1000FB4043EA0E03A7F1200E21FA0EFE43EA61
:10EC20000E03F940013341F1000104FA02F2002918
:10EC3000E5D16CE701F4801103F40013194308BF18
:10EC4000C0F5801029E7044640F2C1422B21002084
:10EC5000FBF76AFB2346013B97E7002315481D4657
:10EC6000D5E640F2E4422B21FBF75EFB621EA2E7F1
:10EC70000028E8D01C46EEE71446F7E7006CCA8887
:10EC8000008001B8001F00B0004001B800F0490248
:10EC9000005A6202A8230020A4230020A023002001
:10ECA00098E80300D34D62103FBE40250A3BB2DF17
:10ECB000313641DCD694BFD6807C814A10B50B46F4
:10ECC000044686B039B98279016821486B460068EC
:10ECD000FFF73CFE6B461F4A196851631E4AD2F883
:10ECE000FC2062B35A6842B11C4A1D49C2F80C119B
:10ECF0005968A2F58052C2F80C119A6842B1174ABD
:10ED00001849C2F8EC109968A2F58052C2F8EC10CC
:10ED10001549D868D1F8642122F4EE620243C1F8A3
:10ED20006421D1F85C21186922F4EE620243C1F833
:10ED30005C21A1F5FF4158692839FFF7A3FD0020A8
:10ED4000A2880A4B9A6203F5A033186406B010BD7E
:10ED50006C200020008001B8001F00B0006001B8E6
:10ED6000FFFF0F00FFF8FF0F000002B8004000B8DF
:10ED70004FF48062014BDA67704700BF001002B8A1
:10ED80004FF48062034BDA67034B1B780BB1034AE5
:10ED900093657047002002B8132F0020008001B84F
:10EDA0000523054A538692F8313003F0010363F0DE
:10EDB000730382F831307047001F00B010B590B176
:10EDC0000468012C0FD902696AB11168094B102C33
:10EDD000196051685960916888BFD268996094BF82
:10EDE000D960DA6010BD1022002102480DF0B5FD97
:10EDF000F8E700BFB0230020064B586E5B6AC0F3F3
:10EE00000112000C02FB000003F01F030133184441
:10EE1000704700BF004001B8084BC1171A68A2FB39
:10EE2000000302FB013310F1807043F10003400E38
:10EE300040EAC310803820EAE0707047C023002009
:10EE40000722164B70B5DA660DF079FC144BC40836
:10EE5000010B0546E005C018124A41F100010023EC
:10EE600001F074FC104B114E18604EF66020FFF755
:10EE7000D3FF4042C6F884000D48FEF729FE024643
:10EE800058B1E301500818184FEA15714FF000030C
:10EE900041F1000101F05AFCF06570BD000002B8BC
:10EEA000B2E60E0065CD1D00C0230020001F00B09B
:10EEB00040420F0010B5044698B10B4BD3F8FC004C
:10EEC000FFF77CFF4FF47A7303FB04F0074BA0F6C7
:10EED000AC50DA689B681044C01ABDE81040FFF7D8
:10EEE0009BBF4EF66020F8E7001F00B0B023002063
:10EEF0002DE9F8430546084614461E46FFF75EFF17
:10EF00000DB306F0020716F004061ED1DFB14FF470
:10EF10007A706B685843002B40F08C80FFF77CFFC1
:10EF200060626B69002B00F08C804B4AD0684FF414
:10EF30007A7202FB0300A0F503501038FFF76CFF54
:10EF40002062002E57D1BDE8F8832869002868D0D8
:10EF50004FF47A735843404BA0F6AC509B68C01AEC
:10EF6000FFF75AFFE061A88B00285DD04FF47A7359
:10EF70005843394BA0F6AC509B68C01AFFF74CFFC2
:10EF80002061364BE968D3F8008000294FD04FF458
:10EF90007A735943304BA1F6AC519A685B68891A71
:10EFA000C91A2F4BC8171A68DFF8BC90A2FB0113CF
:10EFB00002FB003311F1807143F10003490E41EA75
:10EFC000C3118039274B6161DB6EA361D9F8003032
:10EFD00053B140460DF030FA30B12246D9F8003036
:10EFE0001D49D8F87C0098470021A869FFF762FF07
:10EFF000A062002F8BD1A86830BB47F23050FFF7DA
:10F000000BFFA0604FF47A702B6858432BB1124B62
:10F010001B6803F51C5310331844FFF7FDFEE06036
:10F0200091E74EF660209BE74EF66020A6E74EF68D
:10F030006021B6E7084B1B6803F51C5310331844D6
:10F040006CE747F2305079E74FF47A735843A0F5F4
:10F0500003501038D3E700BFB02300206C200020FD
:10F06000C0230020001F00B0AC23002008B9FFF728
:10F07000C3BE034881420CBF2F20BC20704700BF95
:10F0800048E8010010B508461C460DF011FB0D4B79
:10F09000D3F8FC30A3B11A68012A11D91A690A4BB6
:10F0A000002A08BF1A465368084A002BA8BF4FF42D
:10F0B000FA721A44064B204492FBF3F2104410BD3E
:10F0C000014AF0E7001F00B0A0E803000CFEFFFFBC
:10F0D00018FCFFFF70B5124C88B001AD0FCC0FC506
:10F0E00094E8070085E80700882200210D480DF00C
:10F0F00034FCEC2200210C480DF02FFC0B4B0C4A89
:10F10000DA61FFF74DFE0B4B1B783BB1044E01ADAE
:10F110000FCD0FC695E8070084E8070008B070BD62
:10F12000C41F00B08C1E00B0141F00B0001F00B040
:10F1300010111111032F00200A4B197801F0FF0262
:10F1400029B10021197008499202C1F8B4205978F8
:10F1500001F0FF0229B1002159709302024AC2F85E
:10F16000B8307047142F0020005000B8064BD3F879
:10F17000C00E064B5B6F1A0103D4054B9B6E1B043C
:10F1800001D500F580707047001000B0000002B893
:10F19000004000B808B503F0AEF90E4B1A78A2B9DA
:10F1A0000D4A126812F4843F0FD10C4A1021D16726
:10F1B0001B7863B9084B1B68DB0508D4074B20227A
:10F1C000DA67BDE8084003F09AB9054AEEE7044B58
:10F1D000F5E700BF182F0020900D0020002002B896
:10F1E000001002B810B503F086F90E210446032082
:10F1F000FEF70AFF40F20122034B2046BDE8104013
:10F20000DA6203F07CB900BF004000B80022044B72
:10F210001A70044B197811B11A70FFF7BBBF704711
:10F22000172F0020182F002008B503F064F94FF0C5
:10F230000042224BC3F88020BFF34F8FBFF36F8F84
:10F240000122C3F88420BFF34F8FBFF36F8F0222D8
:10F25000C3F88420BFF34F8FBFF36F8F0422C3F82E
:10F260008420BFF34F8FBFF36F8F0822C3F8842031
:10F27000BFF34F8FBFF36F8F1022C3F88420BFF30B
:10F280004F8FBFF36F8F2022C3F88420BFF34F8FBF
:10F29000BFF36F8F4022C3F88420BFF34F8FBFF3BB
:10F2A0006F8F4FF48072C3F88420BFF34F8FBFF38A
:10F2B0006F8FBDE8084003F022B900BF00E100E015
:10F2C00008B503F018F94FF00042094B1A6001220B
:10F2D0005A6004225A6008225A6010225A60202282
:10F2E0005A6040225A60BDE8084003F008B900BFE8
:10F2F00000E100E0012370B5074C2370074B1E6846
:10F30000074B3240D3E9005319402840FBF756FC25
:10F310000023237070BD00BF162F0020C8230020DB
:10F32000900D00202DE9F047DDF820A003EA010848
:10F33000099B06460C4602EA000703EA0A09BAF1ED
:10F34000000F40F04E81031F0B4300F00E81052893
:10F3500071F1000380F0E48050EA010300F0608165
:10F36000431E0B4300F02481FFF75EFFAD4AD2E954
:10F37000005323EA040325EA06053D4343EA080750
:10F38000A94BC2E900571E68DFF8F48226EA0A0694
:10F3900046EA09061E60FFF7FDFE15F02A4F14BF6E
:10F3A00048F202034FF40043A04AB007D26EA048CF
:10F3B00048BF43F4005383EA020122EA0302C26613
:10F3C0009C4A0B408166D366C5F380421203290331
:10F3D00048BF42F48072EB0648BF42F40052964B9D
:10F3E000AC0648BF42F400726806D3F80C3248BF3E
:10F3F00042F48062290648BF42F400628F4882EAE4
:10F40000030123EA0203C0F80C328D4B0A40C7F314
:10F410004024A404C0F80812C3F80C22EA0448BF30
:10F4200044F48034AB0348BF44F48014A80748BFB9
:10F4300044F4800415F4001F06D0D8F800000DF045
:10F44000FFF908B944F40024E90248BF44F4003449
:10F45000FA0648BF44F4000473077A4B48BF44F0EF
:10F4600004041A6A44F4001484EA020323F001033A
:10F4700075491A400A621C40CB61744B16F0010FAB
:10F480001C62734B734A18BF1A46734B7C071B6F81
:10F4900048BF42F00062714882EA030123EA020396
:10F4A00003676F4B0A4041661A676E4A05F0010315
:10F4B000516CA0F5803081EA030221EA0301416426
:10F4C00082631A40684B28025A64D8F8002048BF6B
:10F4D000664B92F8292158BF654B690748BF43F432
:10F4E000806322B115F4C06F18BF43F480733207F4
:10F4F000604A48BF43F00043D2F8EC105E4883EA0C
:10F50000010222F4A0221140C0F8EC101340C0F810
:10F51000E0205A4ABDE8F047C2F8EC30FFF7D0BE11
:10F52000A0F580630B4306D020F48063A3F500733D
:10F530000B437FF419AF02F0DEFF3A49D1E9003204
:10F5400023EA060322EA040242EA08023B43C1E935
:10F5500000324B4A126892F82911474A09B313F452
:10F56000C06F1ED04FF4807311E002F0C4FF2D4A2B
:10F57000D2E9003123F004033B4341EA080157EA92
:10F580000807C2E900314FF480633B4A0BD0C2F850
:10F59000E030A2F58052C2F8EC30BDE8F04702F04E
:10F5A000AEBF4FF48073C2F8EC30C2F8E030F4E73D
:10F5B00002F0A1FF1B4AD2E9003123F001033B43D3
:10F5C00041EA0801C2E9003101232E4A57EA08073F
:10F5D0001BBF9363A2F580525364536408BF9363C7
:10F5E000DBE750EA01037FF4BFAEBAF1010F7FF40D
:10F5F000BBAE02F080FF0C4A136823F0010343EA1C
:10F60000090313604FF48063144AB9F1000F04D06A
:10F610005366A2F580521367BFE713675366BCE7D2
:10F62000BDE8F087900D0020C8230020004000B8FE
:10F63000006000B8005000B8004001B8006001B898
:10F64000005001B8000002B8002002B8001002B853
:10F65000041C00030418000300C001B800E001B856
:10F6600000D001B800C000B800D000B80D0A0A09E7
:10F67000090A0A0900400054006000540050005478
:10F680006C20002000E000B8024B5868C0F3C000B6
:10F69000704700BF900D0020024B186800F0010079
:10F6A000704700BF900D0020024B5868C0F3C03077
:10F6B000704700BF900D002010B50446FEF70EFB0A
:10F6C000FFF7B2FD04F18000FDF70EF9FEF7B2FA84
:10F6D000FDF7E6FFFEF754F8FFF7B2FB13490723E7
:10F6E000134AD1F8FC1004F1D800FFF701FC4FF0E9
:10F6F00080710020FEF77CF94FF000720D4B4FF443
:10F7000000110120C3F80021FEF772F9FEF754FD45
:10F7100020B940F221321421FAF706FE0DF072F8FA
:10F72000BDE810400120FDF7BDBE00BF001F00B0C6
:10F73000581F00B000D001B88022074B1A6708227A
:10F7400003F580531A67054AD2F88C3E23F0200354
:10F75000C2F88C3E704700BF001002B8001000B025
:10F7600010B502F0C8FE01210446FFF7E5FF054B86
:10F7700000201961044B5B6898472046BDE81040A3
:10F7800002F0BDBE000002B8F8310020F0B583B031
:10F7900006461446FCF714FC002800F09180584BF4
:10F7A0005D6915F0060540F08B8002F0A4FE237918
:10F7B0000746022B009546D1237B022B32D0032033
:10F7C000FEF70CF9002874D0A37B257B003B18BF03
:10F7D0000123A2684B49012D01920B7075D00023C3
:10F7E000494A4A4C13702278002A79D10420FDF747
:10F7F000F9FF0420424E2A46736F0DEB000123F0FF
:10F80000F85323F4F81343F0506343F480337367E1
:10F810000223FEF705F800286BD0012130223C4B73
:10F820002170DA673B4D2B6898470128044604D1C4
:10F8300001466B68002098470024384602F05FFEBE
:10F84000204603B0F0BD0320FEF7C8F8002834D1ED
:10F850002279D6F8E030012A226833D0D51A002167
:10F86000274B2D4A00955A679967637B2B4A8B4239
:10F8700014BF0B4601231370294B294AD3F88C3E41
:10F880004FF003000CBF43F0200323F02003C2F825
:10F890008C3EFDF7A7FF1A4B224A03205A676946A0
:10F8A00001232279FDF7BCFFF0B101221E4B1A7033
:10F8B00082E71E4BDB685B0486D4384602F01FFEED
:10F8C0000324BDE79A42CAD3C8E72379022B86D026
:10F8D000009BD6F8E01000250B44134401937EE70B
:10F8E0002370FFF757FC81E7384602F008FE012439
:10F8F000A6E70320FDF776FF074B38467367DDE781
:10F9000000C001B81A2F0020172F0020182F002048
:10F91000001002B8F831002000000101192F00206A
:10F92000001000B0010C01001B2F0020000002B8E5
:10F930002DE9F34100240D46074602F0DCFD204B83
:10F94000DFF88C801C70FFF7F7FE1E4B0646C8F8E8
:10F950007430C8F878406879431E58425841FCF723
:10F960002DF840F60143C8F878302A792968012A31
:10F97000D7F8E83001D1994200D3CC1A04230320F0
:10F980000DEB03010194FDF74BFF50B988220E4B9C
:10F9900030461A6702F0B3FD0124204602B0BDE8EC
:10F9A000F0810A4D2B6898470128044604D101468E
:10F9B0006B68002098470024304602F0A0FDECE779
:10F9C0001B2F002000000101002002B8F8310020A8
:10F9D00000C001B8F8B5194C0546207840F25E42E7
:10F9E000B0FA80F03E214009FAF79EFC55B96078E4
:10F9F00040F25E42BDE8F840B0FA80F03E21400996
:10FA0000FAF792BC4FF440660D4F0E4DD7F8B43064
:10FA100040F25E42C3F381232370C5F8B46060787E
:10FA20003E21B0FA80F04009FAF77EFCD7F8B830F2
:10FA3000C3F381236370C5F8B860F8BD142F0020AC
:10FA4000004000B8006000B8F8B5084C084D236FBE
:10FA50000423084F2B67236F5B0300D4F8BD0426F3
:10FA600002203E670CF008FE2E67F4E7000002B8A3
:10FA7000001002B8002002B8A82238B51A4B1D6F3A
:10FA800003F500531A6710229A60A3F5804302F130
:10FA900000521A675A66FFF74FFB144B1B7813B9D5
:10FAA0000320FDF79FFE0024114B9C67FFF7CCFF5E
:10FAB000104A114BD2F8C01E0B40C2F8C03E0422BF
:10FAC0000E4B1A670E4BAA06C3F8944008D503F5EF
:10FAD00080735B6BB3F5817F22BF8022024B1A617A
:10FAE000BDE83840FCF714B9000002B81B2F002015
:10FAF00000C001B8001000B0DF0000FF002002B815
:10FB0000001E00B010B528B971B94FF4C062164B91
:10FB1000DA6210BD41B9154AD3681B0E13F00E0FFF
:10FB2000F3D193689A06F0D4FFF75CFB0F4C0020EA
:10FB3000FEF714FB032801D0092805D1636FDB030E
:10FB4000F5D4E36D0C2BF2D9FFF77EFF4FF4007272
:10FB5000074BDA62012203F5E8335A61042203F508
:10FB600080531A67D1E700BF006001B8000002B8F7
:10FB7000004000B808B5FFF735FBFFF765FF4FF40D
:10FB80000072084BDA62012203F5E8335A6104225D
:10FB900003F580531A674FF4C062A3F54043DA625D
:10FBA00008BD00BF004000B808B503210920FEF7DA
:10FBB0002BFA2022014B1A6108BD00BF000002B8D9
:10FBC00038B5054602F097FC0446FCF747FE35B110
:10FBD000FFF71CFB2046BDE8384002F090BC084B04
:10FBE0001B78002BF6D0074B1D78002DF2D1FFF7C4
:10FBF0000DFB2A464FF480400021FFF77BFBE9E72D
:10FC0000172F0020162F00202DE9F84F5B4B0646DA
:10FC10000D4614461B6F002A40F0AD8013F0A00F74
:10FC200014BF4FF001094FF00009FCF771F8A02351
:10FC30004FF0000ADFF860810320C8F87030FDF74C
:10FC4000D1FD0420FDF7CEFD4D4FFFF7DFFA4D4B00
:10FC50004FF0040B7B67C7F878A0FFF7F5FE4A4B1F
:10FC60004FF48071D3F88C2E42F02002C3F88C2E12
:10FC7000FF22C8F80820414A1161D3F8C02E434939
:10FC80001140C3F8C01EC8F870B0C3F894AE7B69C9
:10FC900013F0060F04D0FDF7D5FE5846FDF7A2FD80
:10FCA000B9F1000F08D04FF40062394B1A674FF4D6
:10FCB0000042A3F5E0339A6666B1364BDB6C180759
:10FCC00001D4FFF78FFAFFF76FFF0420FDF78AFDDD
:10FCD000FFF732FA294B5A69D10747D5DA6812F093
:10FCE000706FFBD12C4B2D4A1A672D4A536A23F0B3
:10FCF000F003536215B12046FFF762FF294BD3F89A
:10FD00004C315A1C01D05B0002D50122224B5A61B2
:10FD100064B3204BDA6E03F500539A6603F5D033D3
:10FD20001B6A1D4A23F00103D3611F4BD3F80C1249
:10FD300003F50053C3F8081203F50053D3F88410F9
:10FD400003F500539967194BD3F8EC1003F50053F2
:10FD5000C3F8E010164B596C03F50053996315492D
:10FD600003F5803359664FF6084313670020BDE85A
:10FD7000F84FFCF7ADB94FF0000956E7000002B8A4
:10FD800000C001B800000101001000B0DF0000FF5A
:10FD9000001002B8004000B8002002B81000300087
:10FDA000001F00B00080E00F004001B80040005488
:10FDB00000C000B85000002F38B51C4A1C4B1D4C29
:10FDC000256F5A67FFF740FEFF221B4B15F0A00F6F
:10FDD0009A604FF4807222614FF004021A6709D0D2
:10FDE0004FF40062A3F580531A674FF40042A3F565
:10FDF000E0339A666369D90717D50E4AD36813F0C2
:10FE0000706FC3F30360F9D10C4A536A23F0F00317
:10FE10005362FFF7D5FE0A4BD3F84C315A1C01D080
:10FE20005B0002D50122044B5A6138BD000001017C
:10FE300000C001B8000002B8002002B8001F00B0E6
:10FE40000080E00F9A4B2DE9F04F9A6EDB6E85B083
:10FE500002EA0308974BC3F86880974BD3F8E06039
:10FE6000D3F8EC301E40954BC3F8E060944BD3F8C8
:10FE70000822D3F80C3202EA030A924BC3F808A214
:10FE800003F52043DA691B6A02EA03098E4B09F481
:10FE90007702DA618D4BD3F80422D10606D4D3F869
:10FEA0000431DA06C3F3001740F1E18002F023FBCE
:10FEB000874B5A695F6E1B6F12F0060F07EA030744
:10FEC000844A27F0007323F4006314BF4FF0010B42
:10FED0004FF0000B53667B0704D57F4A137D013337
:10FEE000DBB2137502F00BFBB8F1000F00F0DD8000
:10FEF00018F4004427D002F0FEFA0146FFF736F965
:10FF00000446764D2B6818681A689042FCD0186831
:10FF10009042FCD0FFF72AF9A04240F0AA800846A0
:10FF200002F0EDFA6E4B1C606E4B1D6F15F4E05243
:10FF300040F0A18024F07F4424F0DF040CB9FFF7E7
:10FF40009BFD4FF0807418F0020F4FF0000514D0A5
:10FF5000644B5D491B6F03F460420A67002A00F09E
:10FF60009E801D0400F19E8013F4005F0CBF4FF0D3
:10FF700000534FF0006300251C43C8F340384FEA9C
:10FF80004808594B3340002B4AD016F4206F0AD052
:10FF900040F6D50206210020FAF7C6F90020FFF747
:10FFA0000FFE26F48026F00506D5FF22464B44F4CA
:10FFB000C0649A60FFF716F916F0090F0AD040F6F0
:10FFC000EA0208210020FAF7AFF9FFF7EDFD012260
:10FFD000394B1A6316F0106F0CD040F6F30209216A
:10FFE0000020FAF7A1F9FFF7DFFD002211461046C5
:10FFF000FCF70CFC16F4202F0AD040F6FB02072178
:020000023000CC
:100000000020FAF791F90020FFF7DAFD26F48026A8
:10001000F10301D5FCF766FD002EB8BF48F00808D3
:1000200072070DD5244BDB6A13F4005F4FF40053C5
:1000300017BF224A2D4AD36244F4000408BFD3629A
:10004000730548BF44F0040416F48023019300F0C4
:10005000B080FCF703FD0138062849D8DFE810F02E
:100060003401370134013A013D0140014001BB46F2
:100070003AE7044646E70192FFF7FEFC124B019A6D
:100080001A6715F4805307D115F4806F0CBF4FF039
:1000900080544FF0806456E74FF0804453E74FF0B0
:1000A000007368E74FF0004365E74446454668E75C
:1000B000004000B8006000B80040005400600054E8
:1000C000004001B8006001B8002002B800E100E083
:1000D00000C001B800E001B8CC23002008320020A5
:1000E000C4230020000002B8090B0B890050005403
:1000F00040F62C1203210020FAF716F90121824A5A
:10010000936ED2F8880003F00703063301FA03F375
:10011000C0F30C001B1A9BB2072B12D97B4B1B6F31
:1001200058020ED47A48936B926D406D58B103F02B
:10013000070306339940C2F30C03C91A89B2072991
:1001400001D844F40074734B1B78002B31D06E4BF4
:10015000D3F8E03013F4A02F2BD16F4B6F4A1B78EC
:1001600093B9FB0410D4137873B1E3086C4943EAE4
:10017000457383F00103D1F8C01E03F001035B0057
:1001800021FA03F3980714D10420FDF72BFB654BEC
:1001900065495967FFF73AF8604A13782BB9634B02
:1001A000634A1B682340134201D144F4804427F47E
:1001B0008057BAF1000F1DD01AF4805F18BF44F4C5
:1001C00080241AF4807F18BF44F400241AF4005FDE
:1001D00018BF44F010041AF4007F18BF44F0200444
:1001E0001AF4806F18BF44F040041AF4006F18BF6F
:1001F00044F08004B9F1000F48D019F4001F0AD070
:100200004C4B1B683BB1414A4B48116F00680022C0
:10021000C1F3C061984719F4802F18BF45F40075E9
:1002200019F4803F18BF44F4805419F4801F18BF9C
:1002300044F4003419F4800F18BF44F0020419F498
:10024000003F18BF44F4801419F4000F18BF45F0A4
:10025000100519F4002F19D0314BD3F88C3E13F050
:10026000C00F13D0294AD368C3F30363032B01D013
:10027000072B05D1536FD90602D4936F1A0732D5D5
:100280004FF400222D4B29F40029DA61002F00F0F1
:1002900020813B0540F18A802949DFF888A0CB788E
:1002A000284A002B54D04FF40060013BDBB250666B
:1002B000CB7033B9244B1B78C3B140F60142234BBA
:1002C0005A67002300226FE044F4803416E744F4B8
:1002D000006413E744F4806410E744F480740DE78D
:1002E00044F008040AE744F40014CFE7DAF8783061
:1002F00013F4A05F15BF4FF4807340F60143CAF8B2
:100300005830CAF87830DCE700400054000002B8EA
:10031000004000B8182F0020172F0020192F0020B0
:10032000001000B000C001B800000101900D0020D5
:10033000088D0100FC2200206C200020002002B863
:10034000072F002000E001B81B2F002000D001B8CB
:100350000320FDF747FADAF81430AA4813F0060F25
:1003600004BF41F61F73A84AA84908BF53674FF45A
:100370000062A54B5A66DAF8143013F0060308BF82
:10038000CAF87830438A13F400626AD023F4006319
:1003900043820B7803F0FF0A002B66D1FDF752FB76
:1003A000FFF76AFB534620221C431543B80009D5CA
:1003B0002E20FDF751F94FF00052934B45F0080500
:1003C0001A675A66F90606D52B20FDF745F9102263
:1003D0008D4B1A675A6617F0306F05D1FA046CD549
:1003E000BBF1000F00F0B9803B0117D52920FDF7C4
:1003F00033F9874B5B6C13B11022864B9A60FFF781
:1004000043F948B1844B85497F4A53660B6701F530
:100410004051C96848042BD445F0040517F0007B0F
:1004200031D00420FDF7DEF92720FDF715F9FFF79D
:1004300023FB4FF00072744B5A66794BD3F8C02EF1
:10044000520600F18380734B02229A60754B1B6841
:1004500023B17548002201210068984745F0020544
:1004600028E00B784FF400539EE74FF4004329E750
:10047000136720205366FDF7EFF82D2045F00C059B
:10048000FDF7EAF8CAE717F0807FDFF884A148D0CB
:100490000420FDF7A7F92820FDF7DEF8DAF8783018
:1004A000002B3BD1FFF7E8FA574B5B4A45F00105BB
:1004B0001A675A660022564B9A657A0509D55B4A37
:1004C0009378002B00F0C880013B9370002348EA2A
:1004D0000308534BD3F88C3E1B0603D52046294610
:1004E000FBF7FEFD424620462946FEF703FF019B2F
:1004F0000BB1FCF7E9FA01224D4B06F00436C3F8C4
:10050000E0604C4B19F4002FC3F884211EBF4FF458
:100510000022404BDA6105B0BDE8F08FCAF878B030
:10052000C2E7F904C6D50420FDF75CF9424BCAF8CE
:100530007430FDF787FADAF8643013F0407FB9D1F0
:100540002A20FDF789F8FFF797FA76E7D3F88C3E73
:1005500098063FF57BAF394B76E7394B1B68013383
:1005600002D044F00104A8E7304A13794BB1013BB3
:10057000DBB2137113B9294B324A5A6700231C436B
:100580009BE70420FDF72EF90320FDF72BF9204B04
:10059000294A5A6701F0AFFF82460DF10F00FDF7BF
:1005A000DDFD294B83461B780BB1FEF71BFEBBF12B
:1005B000030F0ED1DFF89CB00020FDF7CFFD03281C
:1005C00007D1DBF87430D903F6D4DBF85C300C2BA0
:1005D000F2D99DF80F30032B06D101221B4B504658
:1005E0001A7001F08CFFC9E7194BD3F8E03013F40F
:1005F000A02FF2D1FEF70AFE504601F080FF4FF423
:100600008043BCE7CC23002000E001B81B2F002072
:1006100000C001B8002002B81000002000D001B8CE
:10062000001000B0FC2200206C200020072F0020CA
:100630000060005400E100E000000101001002B879
:10064000003200200000010D1A2F0020172F00207B
:1006500000400054000002B80220FDF7C3F8012357
:1006600035E700BF0122024B1A62DA61704700BF12
:10067000002002B80C4B10B5DC691A6A14400B4A12
:1006800024F47F01D161E20704D5D868C0F3036088
:10069000FFF7E8FF630706D5BDE8104004220020FD
:1006A0000021FEF727BE10BD000002B8002002B8EE
:1006B0000C4A08B5936B526C13400B4A9363DB07EB
:1006C0000FD50A4B40F674321878122100F0010061
:1006D000F9F72AFEBDE80840002201200021FEF7BC
:1006E00009BE08BD00C000B800E000B8900D0020B1
:1006F000054AD2F88430DB07FBD4936FD2F884200C
:100700001340024A93677047008001B800A001B807
:1007100070B514460D4601F0EEFE064BD3F88C6E14
:1007200074402C407440C3F88C4E01F0E8FE06EA99
:10073000050070BD001000B0034BD3F88C3E994308
:100740000CBF012000207047001000B053B94AB917
:10075000002908BF00281CBF4FF0FF314FF0FF30C9
:1007600000F082B9ADF1080C6DE904CE00F006F896
:10077000DDF804E0DDE9022304B070472DE9F04F15
:10078000099D0C46002B4DD18A420F468446964661
:10079000B2FA82F360D94BB102FA03FEC3F1200230
:1007A0009F4000FA03FC20FA02F217434FEA1E466C
:1007B0001FFA8EF44FEA1C42B7FBF6F106FB1177E5
:1007C00001FB04F042EA0742904208D91EEB020204
:1007D00001F1FF3702D2904200F231813946121AFC
:1007E0001FFA8CFCB2FBF6F006FB102200FB04F4AF
:1007F0004CEA024C644508D91EEB0C0C00F1FF32A8
:1008000002D2644500F21E81104640EA0140ACEB82
:10081000040C002125B12CFA03F30022C5E90032B3
:10082000BDE8F08F8B4205D90DB1C5E9000100216B
:100830000846F5E7B3FA83F100294DD1A342C0F091
:10084000F380904280F0F080064623460846002D53
:10085000E6D0C5E90063E3E7002B40F0A3808A1AE5
:100860004FEA1E471FFA8EF60121B2FBF7F407FB91
:1008700014204FEA1C4242EA004206FB04F0904278
:100880000FD91EEB020204F1FF382CBF4FF0010913
:100890004FF00009904203D9B9F1000F00F0CC806D
:1008A0004446121A1FFA8CFCB2FBF7F007FB102229
:1008B00000FB06F64CEA024C664508D91EEB0C0C10
:1008C00000F1FF3202D2664500F2B3801046ACEB75
:1008D000060C40EA04409DE7C1F120068B4004FA73
:1008E00001FE22FA06F720FA06FCF4408A401F4374
:1008F0004EEA0C0300FA01FE4FEA17484FEA13498B
:100900001FFA87FCB4FBF8F008FB104449EA0444E2
:1009100000FB0CF9A1450ED93C1900F1FF3A2CBFA0
:100920004FF0010B4FF0000BA14503D9BBF1000FB5
:1009300000F08B805046A4EB09041FFA83F9B4FB46
:10094000F8F308FB134403FB0CFC49EA0444A445F8
:1009500006D93C1903F1FF3801D2A4457BD84346A0
:1009600043EA0040A4EB0C04A0FB02984445CC46AB
:10097000434602D306D1CE4504D20138B9EB020C6E
:1009800068EB0703002D6CD0BEEB0C0264EB030494
:1009900022FA01F304FA06F6CC4000211E43C5E911
:1009A00000643DE702FA03FEC3F1200104FA03F2FA
:1009B00000FA03FCCC404FEA1E4720FA01F11FFA6F
:1009C0008EF6B4FBF7F00A4307FB1044110C41EA22
:1009D000044100FB06F48C420ED91EEB010100F12C
:1009E000FF382CBF4FF001094FF000098C4202D9AB
:1009F000B9F1000F2CD04046091B92B2B1FBF7F4BD
:100A000007FB141142EA014204FB06F1914207D9A7
:100A10001EEB020204F1FF3801D291421ED8444677
:100A2000521A44EA004120E7861A64EB03030120CE
:100A30000DE7F44402384AE7023C724431E70239D8
:100A40007244CCE6F4440238DFE602383C4472E7F4
:100A500002387144D0E7023B3C4481E7023C7244D7
:100A6000DEE72946DCE600BF704700BF08B5064B4D
:100A7000044613B10021AFF30080044B1B6803B19F
:100A80009847204602F06AFD000000001C25002067
:100A9000002310B504468360818119464366C281F4
:100AA00008228361C0E90033C0E904335C300BF0F5
:100AB00054FF0D4B246263620C4BA3620C4BE36248
:100AC0000C4B23630C4B9C4206D003F1680294420A
:100AD00002D0D0339C4205D104F15800BDE810404B
:100AE0000BF065BF10BD00BF81C80300A3C80300A1
:100AF000DBC80300FFC80300E4230020024A0349C7
:100B000003480BF09FBE00BF2C3200202BCC03000B
:100B10003C32002041680C4B994210B5044601D08C
:100B20000CF083F8A168094B994202D020460CF0E2
:100B30007CF8E168064B994204D02046BDE810409D
:100B40000CF073B810BD00BFE42300204C2400203B
:100B5000B424002010B50B4B04210B4C0B4A20464B
:100B60001A600022FFF794FF04F1680001220921B6
:100B7000FFF78EFF04F1D00002221221BDE81040E1
:100B8000FFF786BF1C250020E4230020FD0A030098
:100B900001480BF00DBF00BF1C2F002001480BF0D7
:100BA00008BF00BF1C2F002010B50446FFF7F0FF60
:100BB000236A1BB1BDE81040FFF7F0BF044B23626E
:100BC000044B1B68002BF5D1FFF7C4FFF2E700BF11
:100BD000150B03001C2500202DE9F7431D46574B3C
:100BE00004460E461F68904627B13B6A13B9384643
:100BF000FFF7DAFFB8F1020F06D0B8F1010F00F2EB
:100C00009980002DC0F29680636ED90705D4A38920
:100C10009A0502D4A06D0BF0CBFE214638460CF0AD
:100C200004F8616B41B104F14403994202D03846A3
:100C300002F0DEFE002363630023A3616360A389E7
:100C40001B0603D52169384602F0D2FEA389B8F10C
:100C5000020F23F44A6323F00303A38160D001ABA6
:100C60006A46214638460CF008F8A3891843A0814B
:100C70002DBB009D284600F0D7F80646002851D12C
:100C8000DDF80090A9453FD14FF0FF35B4F90C30A5
:100C900043F00202A2810022A26004F14702226016
:100CA000226101226261626ED60704D4980502D4E3
:100CB000A06D0BF07EFE284603B0BDE8F083002E49
:100CC000D8D03B6A13B93846FFF76EFFB8F1010F71
:100CD000266002BFA38943F00103A381B4F90C305D
:100CE00013F00802C4E904651ED0D90745BF0022ED
:100CF0006D42A560A26048BFA561626ED20701D4B3
:100D00009B0513D50025D6E7484600F08DF806462A
:100D10000028B9D0A3894D4643F08003A381D0E7D2
:100D20000025B3E7A946F5E7A260E6E7A06D0BF062
:100D300040FEE7E74FF0FF35BDE700BF3832002047
:100D40000B46034902460868816800F075B800BF89
:100D50003832002038B50023054D044608462B6084
:100D600002F0FAFB431C02D12B6803B1236038BDAB
:100D70002025002038B50446064D084611460022BD
:100D80002A601A4602F0F2FB431C02D12B6803B121
:100D9000236038BD2025002038B50446064D08469E
:100DA000114600222A601A4602F0E2FB431C02D1DF
:100DB0002B6803B1236038BD2025002038B50446D8
:100DC000064D0846114600222A601A4602F0DEFB54
:100DD000431C02D12B6803B1236038BD20250020BD
:100DE00070B50D4D00260D4C641BA410A64209D110
:100DF0000B4D00260B4C0CF0F3FC641BA410A64218
:100E000005D170BD55F8043B01369847EEE755F81B
:100E1000043B01369847F2E73C3300203C33002086
:100E20003C33002040330020024B0146186802F09A
:100E3000DCBD00BF383200202DE9F04F0D469DB0DB
:100E400014469846064618B1036A0BB9FFF7ACFE84
:100E50006B6ED90705D4AB899A0502D4A86D0BF047
:100E6000A7FDAB891B0701D52B699BB929463046E5
:100E700000F026FA70B16B6EDC0704D54FF0FF303E
:100E80001DB0BDE8F08FAB899805F7D4A86D0BF0C5
:100E900090FDF3E70023CDF80C804FF00109DFF857
:100EA000B481099320238DF8293030238DF82A301E
:100EB00023469A4613F8012B0AB1252AF9D1BAEB39
:100EC000040B0BD05B462246294630460BF0A6FDAC
:100ED000013000F0A780099A5A4409929AF800302C
:100EE000002B00F09F8000234FF0FF320AF1010A2F
:100EF000049307938DF853301A93CDE90523544694
:100F00000522544814F8011B0BF056FF049AD8B977
:100F1000D10644BF20238DF85330130744BF2B2341
:100F20008DF853309AF800302A2B15D0079A544682
:100F300000204FF00A0C214611F8013B303B092BF1
:100F40004BD9B0B1079214E0A0EB0803A24609FA0E
:100F500003F313430493D2E7039B191D1B68002B73
:100F60000391BBBF5B4242F0020207930793B8BFF5
:100F7000049223782E2B0AD163782A2B32D1039B3B
:100F800002341A1D1B6843EAE37303920593DFF8EA
:100F9000D4A00322217850460BF00EFF38B1A0EB0D
:100FA0000A004022049B013482401343049314F846
:100FB000011B062228488DF828100BF0FDFE0028A2
:100FC0003FD0264B1BBB039B073323F0070308339B
:100FD0000393099B3B4409936AE70CFB02320C46DE
:100FE0000120A8E7002301344FF00A0C19460593AD
:100FF000204610F8012B303A092A03D9002BC6D01D
:101000000591C4E70CFB012104460123F0E703AB83
:101010002A4604A930460093114BAFF300800746DF
:10102000781CD6D16B6ED90705D4AB899A0502D44A
:10103000A86D0BF0BEFCAB895B063FF51FAF0998AE
:101040001EE703AB2A4604A930460093044B00F088
:101050000BF8E4E79E0E0400A80E04000000000058
:101060001DCA0300A40E04002DE9FF470F7E914620
:1010700080460C46782F9A460C9E01F1430207D811
:10108000622F0AD8002F00F0DD80582F00F0C380B7
:1010900004F1420684F842703AE0A7F16303152B8D
:1010A000F6D801A151F823F0011103001511030036
:1010B00091100300911003009110030091100300A0
:1010C000151103009110030091100300911003000B
:1010D000911003002B120300A3110300E31103007E
:1010E00091100300911003004D12030091100300B2
:1010F000A31103009110030091100300EB110300F2
:1011000033681A1D1B68326004F1420684F84230CD
:101110000123A8E031682368081D30601E0601D550
:101120000D6803E05D06FBD5B1F90050002D616844
:1011300078DA2D200029A16084F843002DDA6D4271
:101140005D480A231646B5FBF3F103FB1157C75D53
:1011500006F8017D2F460D46BB42F4D9082B0BD172
:101160002368DF0708D5236961689942DEBF302311
:1011700006F8013C06F1FF36921B22614B4603AA9A
:1011800021464046CDF800A00BF05AFC01306FD14B
:101190004FF0FF3004B0BDE8F08723F00403236074
:1011A000CDE721683368080653F8045B02D449068A
:1011B00048BFADB26F2F33603F4814BF0A230823E6
:1011C000002184F843106668002EA660BADB21680F
:1011D00021F004012160002DB4D1002EB2D11646B9
:1011E000BCE7236843F02003236078273348236853
:1011F00084F845701F06316851F8045B02D45F061D
:1012000048BFADB23160D90744BF43F0200323602B
:101210001DB11023D4E72848E9E7236823F0200311
:101220002360F6E724480A23CDE733682568181DB4
:10123000616930602E061B6801D5196002E06806FE
:10124000FBD5198000231646236197E733680021F8
:101250001A1D32601E68626830460BF0ADFD08B1A1
:10126000801B606063682361002384F8433085E756
:101270002369324649464046D047013088D023682A
:101280009B0714D4E068039B9842B8BF184681E7D7
:101290000123324649464046D04701303FF478AFFB
:1012A0000135E36803995B1AAB42F1DCEAE70025FC
:1012B00004F11906F5E700BFAF0E0400C00E0400EC
:1012C00038B5294B05460C46186818B1036A0BB9A6
:1012D000FFF76AFCB4F90C30190722D4DA0607D4F8
:1012E00009222A6043F040034FF0FF30A38133E02E
:1012F000580712D5616B41B104F14403994202D001
:10130000284602F075FB00236363A38923F02403BE
:10131000A3810023636023692360A38943F008034A
:10132000A38123694BB9A38903F42073B3F5007F2C
:1013300003D0214628460BF0C5FCB4F90C3013F05D
:1013400001020AD00022A26062695242A2612269AF
:1013500042B913F08000C5D138BD990758BF626902
:10136000A260F4E70020F7E73832002038B5002308
:10137000064D0446084611462B6002F0F0F8431C67
:1013800002D12B6803B1236038BD00BF20250020A7
:1013900038B50023054D044608462B6002F0E4F8FA
:1013A000431C02D12B6803B1236038BD20250020E7
:1013B000094A5168C84390FAA0F048B1B0FA80F0E9
:1013C000042805DC012383400B43536040B270477F
:1013D0004FF0FF30704700BF4C2500200021034B29
:1013E00028220348C3E900110BF0B7BA4C250020AE
:1013F0002425002038B50546FFF7DAFF04460448E7
:10140000294600EBC4000BF04CFD204638BD00BF60
:1014100024250020C3B2042B10B515D804230B4A91
:1014200003EBC003134453E8002F0A4343E80024AE
:10143000002CF8D101220649824051E8003F1343B5
:1014400041E800300028F8D110BD00BF242500205D
:101450004C250020F7B54FF0040C01260827184A48
:101460001849194D106800B30B7806FA03F42042AE
:101470001DD0E04352E8004F044042E8004EBEF168
:10148000000FF7D117FB03C32B4453E8000F43E8C9
:1014900000E4002CF9D1019048B1087801AA0B4969
:1014A00005EBC0000BF039FD012003B0F0BD0B7857
:1014B000506883422EBF00230133DBB20B70D1E7AB
:1014C0004C2500201D2F00202425002078563412A2
:1014D00038B505460C4601F015F8084B1B6853B1AA
:1014E000D3E9042395429C412CBF0124002401F040
:1014F0000FF8204638BD1C46F9E700BF64250020E0
:101500002DE9F0414FF0FF3425460746884600F0AC
:10151000F9FF144B1E68A6B900F0FAFFB5F1FF3FC2
:1015200008BFB4F1FF3F08D0BC4275EB080316D3E7
:10153000E71B65EB08083C46454620462946BDE8C2
:10154000F0817269D6E903315B1842F10002A342CF
:1015500072EB05013CBF1C4615467668DBE7344656
:101560003546EAE7642500202DE9F74F109F0E4627
:10157000DDE90CA915469DF83CB008B1026882B9B6
:101580003FB129463046B84740F2034003B0BDE8BA
:10159000F08F002DF8D0002EF6DB28460CF0A2F8D4
:1015A000F2E7019000F0AEFF8046584600F0EEF9F9
:1015B0000446404600F0ACFF019B8CB947B1294678
:1015C0003046B8470320314600F09EFB1A20DDE785
:1015D000002DF7D0002EF5DB28460CF083F8F1E75C
:1015E000256200252360DFF880800E9BC4E906A9F0
:1015F000A660E360A762D8F8003084F824B0656084
:1016000098471AEB000649EB010900F07BFF144BE9
:101610000746D3F800E0C4E9046972462AB1D2E96A
:101620000401864279EB010111D2A5B9C4F804E0A6
:101630001C600C4B1C682CB1D8F800309847FFF7A1
:101640005FFFA047384600F063FF00209EE7516827
:1016500015460A46E2E76A6862606C60E9E700BF27
:1016600064250020542500205C2500202DE9F74F3B
:101670004FF0000881460D4692461E4600F042FF9C
:101680004746DFF87CB00190DBF800408CB9B8F138
:10169000000F08D0184B1C682CB1184B1B689847DA
:1016A000FFF72EFFA047019803B0BDE8F04F00F010
:1016B0002FBF22684A4511D12DB1A268296822F0B6
:1016C00000428A420AD126B9626857B9CBF8002095
:1016D00008E05146206AB0470028F5D027466468E4
:1016E000D4E77A60D4F8048020460BF086FB4446A9
:1016F0004FF00108CAE700BF542500205C250020F8
:1017000064250020014B1860704700BF542500205D
:1017100070B50E46094904460846154602F0F0F831
:101720000023074A30211360064A07201660064A44
:1017300015602246BDE8704000F0C2B8D10E04002A
:10174000642500205C2500205825002070B5044643
:10175000164618460022002386B0CDE904230B4B21
:101760000D461B6813B9212006B070BD04A9984727
:101770000028F8D1DDE904230290CDE900232946B1
:10178000324620460BF073FBEEE700BF58250020E1
:10179000F8B5054610200F46164600F0CBFA044671
:1017A00001461022074802F0B0F844B1012300209E
:1017B000E3602B68C4E9017623602C60F8BD1A2031
:1017C000FCE700BFD10E04002DE9F84F81468846A2
:1017D0000027DFF8B4A0294E48464146FFF778FEBF
:1017E000D8B900F08FFE264B06461B689847FFF7D6
:1017F00087FE05460C464FB1B1F1FF3F08BFB0F17F
:10180000FF3F03D01F4B1B6803B19847304600F0E1
:101810007FFE28462146BDE8F88F00F073FEDAF817
:10182000004084B16368CAF8003000F071FEA3681C
:10183000346033F000430AD130680BF0DEFA002345
:1018400001273360C8E700F063FE3460C4E7236813
:10185000002BF1D01D68002DEED0A26832F00043BD
:10186000EAD0D5E9007B236A2168A868D847002818
:10187000E2D1002FE0D03D46EFE700BF6025002019
:101880005C2500205425002064250020F8B504467E
:101890000D4600F037FE094B1B684BB1D3E90667D4
:1018A000C4E90067DB682B60BDE8F84000F030BE9B
:1018B00000260027C4E90067F5E700BF6025002087
:1018C0002DE9F0474FF6FC78002416461B4F0331F4
:1018D0001B4B07EB001501EA08084FEA001A1B68CA
:1018E0006A80814627F80A8002FB08F0EC6098477E
:1018F00018FB06F39BB2024668602B81D8B11149F0
:10190000284651F8291001F0FDFF21462A89686810
:101910000BF023F8214623469E4204DC0020574466
:101920007E80BDE8F0876A68E8685418505001333B
:10193000EC604144F0E71A20F3E700BF1C1E0020D2
:1019400068250020D00F040038B5094C04EB0015C1
:101950006B682BB1284601F0D7FF68680BF0C2FE18
:101960002846BDE83840102200210AF0F6BF00BF2B
:101970001C1E0020034B0201C3E900100021024895
:101980000AF0EBBF682500201C1E002038B5094B6B
:10199000020103EB0015EC68284621469A5A01F033
:1019A000B4FF24B12368EB606B88013B6B80204659
:1019B00038BD00BF1C1E0020024B03EB00139878BB
:1019C000704700BF1C1E002030B4064C04EB00130F
:1019D000DD685A880D600132184630BCD9605A80E3
:1019E00001F094BF1C1E0020044A010102EB001309
:1019F000505A10B11B89B3FBF0F070471C1E002039
:101A00000020124B10B51870114B124C1860124B7D
:101A1000206018706060A060FFF7E6FF80B2A0F160
:101A20000E036380A0F11403013060810B49201D77
:101A3000E38001F065FF2046094901F061FF04F1F0
:101A400008000849BDE8104001F05ABF1F2F0020D0
:101A500088250020E02500201E2F002014100400FF
:101A60001D1004002710040070B5044680B300F078
:101A700049FD637905466FF382036371237913F09F
:101A8000100605D010232371BDE8704000F040BD62
:101A9000104903F0030331F823203046013A21F8BE
:101AA00023202146FFF790FF0B4B0C4E1C681CB9FE
:101AB0000A4B28461C70E7E7237A1BB933781BB919
:101AC0002468F4E7012BFBD1204663689847F7E7C9
:101AD00070BD00BFE0250020882500201F2F0020BA
:101AE00010B5044600F00EFD034B1A6822601C601E
:101AF000BDE8104000F00CBD8825002010B5064B55
:101B000000F0E0001A78541C1C70044B03F83200FB
:101B100003EBC203596010BD1E2F0020702500206A
:101B20002DE9F04F0446460789B048BF00F0F7049E
:101B30000492029100F0E6FC604E04F0030706EB0D
:101B4000870336F827205B8881469A4204F0EF0A23
:101B50004FEA870830D20020FFF718FF054638B358
:101B600036F827304846013326F8273000F0D0FCFD
:101B700028460BF024FC029B029AAB71049B85F86B
:101B800004A01344EB7100F0BDFC80464C4B1C6874
:101B9000002C40F08B80404600F0BAFC06EB87003A
:101BA0004522294601F0B1FE284609B0BDE8F08F74
:101BB00001224846434B1A7000F0AAFC25071DD5A8
:101BC0001F2C1BD904F0E003B044039300F09AFCEF
:101BD000B8F8023036F827904FF0000B99452CBF2B
:101BE00000230123DFF8E480019300F091FC06EB71
:101BF00087030593344B1B789B4508D384F004007E
:101C00005146C0F3800000F07FF80025C6E798F841
:101C10000030039A1A4204D0D8F80490D9F8003062
:101C200023B90BF1010B08F10808E3E707935A7990
:101C3000D00708D51A79510705D5019941B98AEA23
:101C40000202920704D099461B68002BEFD1E5E70A
:101C500048460BF04BFA0579079007A80BF028FAD5
:101C60002946002000F050F800F04CFC059B36F8A7
:101C700027205B8805469A4234BF01230023019345
:101C800009D20020FFF782FE079058B136F82730BE
:101C9000013326F82730284600F03AFC079D002D36
:101CA000BCD065E70122074B1A70F4E7237A012BB9
:101CB00002D1204663689847246869E7E025002040
:101CC000882500201F2F00201E2F002070250020B7
:101CD0000022014B1A6070478C25002010B5044685
:101CE00000F010FC074A13682BB914602360BDE8AC
:101CF000104000F00DBCA34202D01A461B68F3E767
:101D000010BD00BF8C25002070B505460E46054B62
:101D10001C6804B970BD636831462846984724683A
:101D2000F7E700BF8C2500200149084601F0E8BD17
:101D300034100400012838BF012038B5C41C24F039
:101D40000304204601F017FE0546014622460848D6
:101D500001F0DBFD2DB921460220FFF7D5FF284613
:101D600038BD2246002128460AF0F7FDF7E700BFFC
:101D70003410040010B5064C237823B9E7F778F83F
:101D800018B901232370002010BD40F20740FBE783
:101D9000202F002038B50B4B04461B780D464BB165
:101DA00021462846E6F784FF002840F2074008BF96
:101DB000002038BD04490548FFF7DCFF0028EFD0BC
:101DC000F7E700BF202F0020EFBEADDEBEBAFECA8F
:101DD000074BDA69D20407D51B6A40F2044013F0BE
:101DE000010F18BF0020704740F20440704700BF49
:101DF0000080E00F63289FBF0A22B0FBF2F302FBD2
:101E0000130000EB031094BFC0B2FF20704770B501
:101E100004460220A17007212070E1700120FF21FB
:101E20006271120AA271217160701846FFF7E2FF19
:101E3000E0719DF81000FFF7DDFF20729DF814009F
:101E4000FFF7D8FF60729DF81800FFF7D3FF079ED9
:101E5000A07230460AF0C3FD0E2893BF05460E253A
:101E6000082309232A462373EDB2314604F10D00FD
:101E70000AF08AFD6B1C0D35E372257770BDF8B54D
:101E8000044610460D461946FFF7B4FFE0710846B8
:101E9000FFF7B0FF9DF8187020723846FFF7AAFFD1
:101EA0009DF81C6060723046FFF7A4FF0021A0720D
:101EB00023462846227FF0F7A9FD022806460ED1C8
:101EC0002846F0F791FD234600212846227FF0F7AF
:101ED0009DFD31462846BDE8F840F0F7ADBDF8BDA0
:101EE00030B100210268084653881288E0F7F2BD3D
:101EF0000520704737B50446A8B14568FFF7F0FFE5
:101F0000014668B922681389528953430193EBB2A1
:101F10000093C5F30742C5F30723E0F7FBFD014635
:101F2000084603B030BD0521FAE7024658B1118AD0
:101F3000936952698089013301325B1A121A9BB28C
:101F400092B2E0F7C7BD05207047F0B4C8B1C1B187
:101F50000E688C68A64217DA4D68CA68954213DA93
:101F600056EA050112D401680F88BC420EDA49888E
:101F70008A420BDAC0E90365C0E90542F0BCFFF70D
:101F8000D4BF0520F0BC70470420FBE70320F9E72D
:101F900073B50D461646044690B10C3000F02FF88C
:101FA00080B10123A2680193D3B20093B1B2C2F30E
:101FB0000723A8B2C2F30742E0F7ACFD02B070BD40
:101FC0000520FBE70120F9E773B50D4616461C46D0
:101FD00088B10C3000F013F878B101230193E3B21B
:101FE0000093C4F30742C4F30723B1B2A8B2E0F7E9
:101FF00091FD02B070BD0520FBE70120F9E778B143
:1020000003688B420BDC83688B4208DB4368934296
:1020100005DCC0689042B4BF00200120704700205A
:1020200070472DE9F04F85B002921A469DF838307E
:1020300004460393002800F08180A1F12005EBB253
:102040005E2B7DD890F82830022B1AD13A291AD06D
:1020500020291AD030398DB2238CAB4270D94FF081
:10206000000B90465E46E369019394F825101FFA31
:102070008BF399420BD8B6FA86F0400905B0BDE85B
:10208000F08FADB2E8E70A25E6E70B25E4E794F820
:102090002230012B05D0022B1ED0019B53F825A026
:1020A00002E0019B13F805A04FF0000994F82430DA
:1020B0001FFA89F7BB4213D894F8243094F82710FC
:1020C0000B449F422ADB94F823300BF1010B2B4485
:1020D0009DB208F10108C8E7019B33F815A0E3E7BA
:1020E0001AF0010F0FD0029B4246204603EB090174
:1020F000FFF74EFF0128C1D800B901364FEA5A0A4E
:1021000009F10109D2E7039B002BF7D0029942465F
:10211000204663684944FFF757FFEBE7039B53B141
:1021200002994246204663683944FFF74DFF012873
:10213000A4D800B901360137BFB2BDE705209DE73D
:1021400002209BE72DE9F74F0C9F0C469846054669
:102150009DF834A070B369B390F8283063B3C346D8
:102160004FF000098E18B44205D1B9FA89F0400940
:1021700003B0BDE8F08F14F8011B0A2907D195F8C8
:102180002530C3463B4495F826701F44EBE73B4699
:102190005A462846CDF800A0FFF743FF0128E7D8AC
:1021A00008B909F1010995F8243095F8272013445E
:1021B0009B44D8E70520DBE70220D9E708B520B12A
:1021C0001C3021B910220AF0C8FB052008BD01F11E
:1021D000100351F8042B994240F8042BF9D1002048
:1021E000F4E72DE9F0470446084691461E460D46A1
:1021F0000AF0F5FB94F824100246414394F8253088
:1022000094F82600012E03440998089F09FB030057
:102210009DF828800BD0022E0ED00023CDE90808AF
:10222000294620463B44BDE8F047FFF78BBF2368B3
:102230001B885B1A5B08F1E723681B885B1AEDE7D4
:1022400070B50C4606688D18AC4201D1002070BDF7
:1022500014F8011B304691FAA1F1090E00F061FA61
:10226000F2E7026893699B06FCD5704710B501231D
:10227000042205210020E2F7A1FE002301221846D6
:102280000621E2F79BFEBDE810400422012311461F
:102290000320E2F793BE012313B503221846002161
:1022A000E2F78CFE0123032219461846E2F786FE68
:1022B0000023042202210320E2F780FE03210023F1
:1022C00008460422E2F77AFE1A20E4F7ABFE192052
:1022D000E4F7A8FE0124002320461A461946CDE95A
:1022E0000044E2F725FE0023224621462046CDE9A0
:1022F0000044E2F71DFE02B010BD2DE9F0411E467C
:10230000142430230F4603FB00449046002004F1C0
:10231000A04404F570342568FD4005F00105A8458A
:1023200004D0B04200F1010506D32846B0422CBFCC
:1023300000200120BDE8F0810120E6F77BFA284665
:10234000E9E708B5E6F798FABDE80840F0F7AEB956
:1023500010B50446E1F796F92046E0F747FF20461E
:10236000E0F78CF910BD0120704700B5C3B0EDF760
:10237000EDFF05F080FB48B1FFF7F5FF30B101A894
:1023800006F0BCF910B901A8FFF7E2FF43B05DF811
:1023900004FB00F045B808B5E1F718FDBDE80840BA
:1023A000E1F7ACBB08B500F030F8E5F783FFE5F7DF
:1023B0005FFBE4F77FFE00F036FCE6F759FD00F026
:1023C000BBFCBDE80840E1F701B908B5E3F79EF9A9
:1023D00000F0ACF9E3F7AAF900F0AAF9BDE808406B
:1023E000FFF7AFBFE1F71EBA7047E1F745BBFFF754
:1023F000BCBF7047E1F7F8B882B002AB03E9030055
:10240000012002B07047704770470F2070470422C8
:1024100008B5114601230320E2F7D0FD002008BDD6
:10242000042208B5114600230320E2F7C7FD00206F
:1024300008BDFFF7ECBF70B5002506462C46052CFD
:1024400020D8DFE804F003070B0F13175B210820E7
:10245000E1F722FD0C210820E1F71EFDD121082023
:10246000E1F71AFD80210820E1F716FD0021082080
:10247000E1F712FD6C1C2946E4B208202546E1F77D
:102480000BFD0624A4F10E03012B05D85A210820C8
:10249000E1F702FD0134D2E7102C05D1BDE8704010
:1024A0005D210820E1F7F8BCB31F195DEFE70123B8
:1024B00007B520F07F4040EA8170019068468DF8B2
:1024C0000030FFF7B8FF03B05DF804FBFEE74AB148
:1024D000002310B550F8234041F8234001339342C4
:1024E000F8D110BD7047002070474FF4004070478E
:1024F0004FF47A707047EFF3108072B6704700B9EE
:1025000062B67047EFF31180302383F31188704770
:1025100080F31188704700230360704703680B60E5
:10252000016070474FF060420123D2F8001E8340E3
:102530000B430020C2F8003E70474FF0604101227B
:10254000D1F8003E824023EA02030020C1F8003E99
:10255000704710B588B004460E98009207900D9809
:10256000224606909DF8300005900B9804909DF847
:10257000280003900020CDE901300B460121E1F74E
:10258000ADFC08B010BD704713B5044601A8E2F7D2
:1025900091FE9DF8063023804FF480736380E2F74C
:1025A000B1FE6060002002B010BDE2F70DBE08B5BC
:1025B000E2F7FEFD002008BD10B5044644EA010321
:1025C00013F00303084609D1934201D1002010BD46
:1025D00054F8231040F823100133F5E72146920008
:1025E0000AF0F0F9F2E70A4601390144E5F7A2BA28
:1025F00008B5E1F73BFBBDE808400021E1F714BF57
:1026000002210320E2F7BAB908B5FFF7F1FFBDE8F0
:102610000840FFF7F5BF10B50446E1F715FB0021B0
:10262000E1F702FF1CB1BDE81040E2F797B910BD19
:10263000704770B5054614460E46FFF75CFF2B68E1
:102640005C4034405C402C60BDE87040FFF757BFF1
:1026500070474FF0B0435A6812B19A6A002AFAD113
:10266000704738B50546144619B90320E2F7F0F86B
:10267000014601396400B1FBF4F10902E96138BD9A
:10268000012200F580535A60CB43934003F00A03C4
:102690004361416111B900F500504260704738B59F
:1026A0000D46E2F78BFE012200F580535A602B8A1B
:1026B000826843F001031343AA7B044643EA822362
:1026C000836083682A7D43EA42738360AB7C13B1E5
:1026D000E97CE2F721FED5E901122B7B204643F489
:1026E0008053E360FFF7BDFF6B7B0BB11023636189
:1026F0006B7D1BB1A36843F48033A360AB7D1BB13A
:10270000A36843F40043A360EB7D2A7E1B071205F8
:1027100003F0E04302F4E0021343A3652B78636106
:1027200038BD83695B06FCD5C1637047F8F750B9C3
:10273000002307B5CDE90033012369464FF0FF3090
:102740008DF8023009F0EEFB03B05DF804FB0020C9
:102750007047B0F5802F22D010D8B0F5003F20D0C0
:1027600007D818B3B0F5803F08BF482018BF012034
:102770007047B0F5403F08BF2C20F7E7B0F5302F89
:1027800011D007D8B0F5E02F0FD0B0F5202F08BF3B
:102790001020EBE7B0F57F0F08BF0620E6E74B20DF
:1027A00070472A207047112070472120704708B5D4
:1027B00070B100F01BFA4FF098435A6CD202FCD56E
:1027C000586D10F4702004D0BDE80840FFF7C1BF79
:1027D000212008BD08B528B1202200210AF0BDF84B
:1027E000002008BD2120FCE708B1FFF7F3BF21203E
:1027F000704710B508B9212010BD0029FBD003682F
:1028000013F0704205D1C3F30E030B607BB10020BF
:10281000F2E703F05044B4F1004F05D0B2F1304F6D
:1028200002D0B2F1404FE6D103F07F03EDE74368F9
:10283000002BE0D00B60EAE773B50D46064610B9F1
:10284000212002B070BD0029FAD0002301A9019314
:10285000FFF7CFFF0028F4D13468019B14F07044D7
:1028600003F1030323F003030AD0B168B4F1004F6E
:10287000C1F38032C1F3403104D102EB4102534332
:102880002B60DEE7B4F1204F01D10A44F7E7B4F141
:10289000304FFAD0B4F1404FF7D0D1E72DE9F347EC
:1028A0000D4690469A460446F0B1E9B106680F68B5
:1028B00006F07049BE422AD0B9F1004F11D186EA24
:1028C0000703B3F1805F13D3BAF1000F36D1B8F12B
:1028D000000F1FD0A368AA68534013F4E04F19D02B
:1028E00002E0B9F1404FEAD0212002B0BDE8F08704
:1028F0000023204601A90193FFF77BFF0028F3D1B5
:10290000019AC2F30E0216431743BE42ECD1B9F14D
:10291000000FD9DB0023694620460093FFF769FFCB
:102920000028E2D1019001A92846FFF762FF0028A4
:10293000DBD1DDE900239A42D7D0D5E7AA68B8F108
:10294000000F03D0A3685340D904CDD49304E1D43D
:10295000CAE773B50C46002876D0002974D000234E
:102960000B60036803F070430B60C26822B1032A56
:102970006AD143F080630B608368C2689D0103F0F5
:10298000407154D5B1F1407F54D0002A5CD04FF053
:102990000073226822F040721A432260C368032B3E
:1029A00009D10369F62B4FD91B0403F47F0322F4EA
:1029B0007F021343236083681E0442BF236843F4ED
:1029C00000432360C368032B09D02368026823F403
:1029D000FF4323F07F03C2F30E0213432360026818
:1029E0008368002A08DA5D0403F400512ED459B339
:1029F000226842F400522260026802F0704202F142
:102A00000042B2F1804F05D25A0542BF226842F41B
:102A100080622260056815F070461ED5002301A96A
:102A20000193FFF7E6FE00282ED002B070BDB1F191
:102A3000407F03D142B14FF04073AAE703F08073A7
:102A4000002AA6D1002BA4D02120EEE7226842F470
:102A5000804222600029CBD1CEE713F4C843F3D1E2
:102A600001A90193FFF7C5FE0028DED1002EEBD1AE
:102A70002368019A23F4FF4323F07F03C2F30E027D
:102A8000134300202360D0E705F05045B5F1004F17
:102A900005D0B6F1304F02D0B6F1404FD4D1019BF2
:102AA0002268013B03F07F0322F07F02E8E738B1A0
:102AB00031B101234B604FF0005300208B60704711
:102AC0002120704737B50C46054610B9212003B0C8
:102AD00030BD0029FAD001234B60C36893B901A926
:102AE0000193FFF7A9FE0028F1D1019B6A699A4280
:102AF00006D32A6943F0005322600020A360E6E772
:102B00001D20E4E7032BE1D10023F6E770B50E4664
:102B1000054688B000284AD0002948D000234FF04D
:102B200000718360C0E90013C36105A93046FFF757
:102B300010FF0446002835D12846059900F04DF8CD
:102B4000012303934FF00053284602A9049300F099
:102B500030F8304605A9FFF7B5FF044610BB2846FC
:102B600005A900F030F82846FFF721FE0446C8B951
:102B7000F368BBB93368B3F1805F13D2019001A948
:102B80003046FFF736FE90B9019B9A070AD072696A
:102B900093420AD83069D21A002102F00302184485
:102BA00009F0DBFE204608B070BD1D24FAE72124A1
:102BB000F8E7436813B9416070475B685A68012AB7
:102BC000FBD159607047836813B9816070475B68B7
:102BD0005A68012AFBD159607047C369032B9FBF14
:102BE00000EB83020133D160C3617047C369042BDA
:102BF00014D84FF09842116CC902FCD504339B00E5
:102C000013650168103B11604168116050F8081F9E
:102C100011604FF098420344984200D1704750F839
:102C2000041F1160F8E7FFF792BDF0B51546492281
:102C30008FB0149C8DF8242004F10C060DF12502B0
:102C400054F8047BB44242F8047BF9D12478147020
:102C50004FF48074ADF834409DF8544000228DF854
:102C6000364004240694169CCDE9001505941324DF
:102C7000049409ACCDE902340B4611468DF832209C
:102C80008DF83350E3F71CF90FB0F0BD30B5C02A12
:102C900093B02FD0B2F5807F29D0802A2CD14FF469
:102CA000807480F001002043019016980125029065
:102CB00010242120039504940590069301AB0795F9
:102CC000089409900A9306AB0B9304230C931123E9
:102CD0000D930AAB0E910F9340F61103D20802A98F
:102CE0000EA810921193E3F7BBF813B030BD4FF468
:102CF0008274D6E70F20F8E72920F6E71FB5079C76
:102D000002949DF81840CDE9003413460A46014666
:102D10000020FFF78AFF04B010BD1FB5079C029486
:102D20009DF81840CDE9003413460A4601460120BB
:102D3000FFF77BFF04B010BD08B5E3F715FABDE857
:102D40000840E3F741BA10B50446FFF7D4FB4FF053
:102D5000A8431A6822601B696360FFF7D0FB00205C
:102D600010BD10B50446FFF7C6FB4FF0A84322681C
:102D70001A6062681A61FFF7C2FB002010BD70B5CF
:102D800006460D4614468CB0CAB11022002108A890
:102D900009F0E3FD002207AB029305AB019306ABFC
:102DA00000933046294608ABCDE90522E3F752FAF5
:102DB00018B9099B6360059B23600CB070BD6FF070
:102DC0008600FAE708B5FFF7C2FC002814BF6FF0D1
:102DD0009200002008BDF0B51C46002389B0236096
:102DE0000F461646FFF7B3FC70B96846FFF7F2FCD2
:102DF000054648B9324639466846E2F7ADFE10B995
:102E0000266009B0F0BD25606FF09200F9E720F070
:102E10000803102B05D0202814BF6FF08600002077
:102E20007047002070472DE9F0411C464368064674
:102E30001B0A8846154688B051D1028822F0FF034C
:102E4000B3F5824F28D14388413AD2B20733012AE1
:102E50004FEAD30346D90A78042A18D16F1EB7EB7C
:102E6000430F01F1010812D11D4622462946304682
:102E7000E3F740FD68B9033727F00307C4E9030807
:102E800067615DB920220021204609F066FD6FF0E0
:102E9000860008B0BDE8F0812F46E6E70146202213
:102EA000684609F05AFD6A4629463046E3F722FD96
:102EB0000028E7D12368009A9A42E3D16368019A17
:102EC0009A42DFD1A368029A9A42DBD1A369069A9B
:102ED0009A42D7D1E369079A9A42DAD0D2E76FF0E3
:102EE0008B00D6E76FF08500D3E7406810B5000A85
:102EF000029C07D19A4208D3033222F003022161D7
:102F0000626110BD6FF08B00FBE76FF08C00F8E79B
:102F10002DE9F047884691461F46054692B078B1A4
:102F200071B16AB14388DA1D072A4FEAD2065AD036
:102F3000008800F4E040B0F5805F04D15B0708D062
:102F40006FF0860428E0B0F5005FF7D0B0F5804F51
:102F500049D00DF1080A20220021504609F0FDFC5D
:102F6000524631462846E3F7C5FC0446A0B933462D
:102F70004A4641462846CDF800A0FFF7B6FF044672
:102F800050B9014620220AA809F0E7FC0AA8FFF779
:102F900021FC28B16FF09204204612B0BDE8F08702
:102FA00051460AA8FFF7B2FD48B1482818D16FF082
:102FB00085040AA8FFF718FC0028EDD0EAE76B6843
:102FC0003C601B0AF3D12A8822F0FF03B3F5824F3D
:102FD00004D1413AD2B2012A88BF01363E60E8E707
:102FE0006FF09204E5E76FF08504D5E72DE9F04F27
:102FF000B3B08846DDE93CAB91461E46074628B98A
:103000006FF08604204633B0BDE8F08F0029F7D07A
:10301000002AF5D0002BF3D0BAF1000FF0D0BBF1AD
:10302000000FEDD02022002102A809F096FC4A46AC
:103030004146384602ABFFF7F6FE04460028E1D1D0
:103040000AAD0DF1080CBCE80F000FC59CE80F009D
:1030500085E80F003C22214623A8229409F07DFC3C
:103060001C22214613A8129409F077FC3B887D8826
:1030700003F44F430735B3F5824F4FEAD50531D1FD
:103080006F4217F003072DD0059B9BB9A945B7D315
:103090000DF148093A460021484609F05EFC2A46EF
:1030A000414609EB070009F08DFC0023CDE9053905
:1030B00020230793402322A900220F930C9BCDE9E4
:1030C0000D2123F0807323F4804343F4005301A9BE
:1030D0000AA80C930192FFF7AFFB014648B16FF0CD
:1030E00092048FE70AF102030027711C23F0030307
:1030F000E2E7019B0133A3EB4703534501934CD80F
:1031000020221AA809F029FC1AA8FFF763FB00285F
:10311000E5D10AAA02A91AA8E2F712FE0128804600
:1031200038D060B1482814BF6FF092046FF0850466
:103130001AA8FFF759FB00283FF464AFCFE7DDF88A
:10314000049027B904233370CBF80090F0E709F11D
:10315000FF3A4FEA5A0ACAF10007731C07F0030747
:1031600022A952461846394409F02CFC524603461F
:103170000AEB470122A80144981809F023FC002D0E
:10318000E0D0013D12AB013D83F8008003F1010363
:10319000F9D2D7E76FF08B04CAE76FF0890431E703
:1031A00010B4048804F4E044B4F5805F06D0B4F5AC
:1031B000005F03D05DF8044BFFF7AABE6FF08500F7
:1031C0005DF8044B704770B40488DDE9035604F4DD
:1031D000E044B4F5804F04D0CDE9035670BCFFF74E
:1031E00005BF6FF0850070BC7047E3F74FBAF0B5CC
:1031F000044615461F460E468DB019B96FF086007D
:103200000DB0F0BD0028F9D02022002104A809F05B
:10321000A4FB2388CDE90865B3F5105FEED1638880
:10322000C02B16D0B3F5807F15D0802B15D1102080
:103230008542CDE90400E1D3169B39460293159BE4
:1032400004A80193149B0093DDE91223E3F794FC97
:10325000D6E71820ECE72020EAE76FF08500CFE7FB
:10326000F8B50E4614461D46074600283DD0E1B38A
:1032700002B9D3BB5C220021384609F06EFB31460F
:103280003846069AE3F7E2FCA0B97288D208182AF9
:10329000BA6510D0202A1BD0102A26D10F2D24D990
:1032A00007F1380304F1100254F8041B944243F868
:1032B000041BF9D1F8BD172D17D907F1380304F114
:1032C000180254F8041B944243F8041BF9D1F1E7A7
:1032D0001F2D0AD907F1380304F1200254F8041B0A
:1032E000944243F8041BF9D1E4E76FF08600E1E76C
:1032F000FFF7B6BF70B50D461646044688B098B1C4
:1033000001B98AB900212022684609F026FB21462E
:103310006846E3F751FD28B933462A4669462046F8
:10332000E3F7B8FC08B070BD6FF08600FAE7F0B5BF
:103330000D4616461F4604468BB0A8B1A1B19AB1FE
:1033400093B10021202202A809F007FB214602A820
:10335000E3F732FD30B933462A462046009702A9EA
:10336000E3F7D6FC0BB0F0BD6FF08600FAE708B5C6
:1033700028B15C22002109F0F0FA002008BD6FF0AE
:103380008600FBE7E3F702BA00F00DB809B100F0E0
:103390000CB82220704709B100F048B822207047CD
:1033A000012100F07DB80020704770B506460D463B
:1033B000FFF7A8F804461C2E35D8DFE806F00F18F2
:1033C000341C1E203422243434342628342A2C2E53
:1033D000303434343434343434343200E0F71AFCCA
:1033E000002628602046FFF793F8304670BD012084
:1033F000E1F72EFAF4E70320FAE70420F8E70C20BF
:10340000F6E70220F4E70620F2E70720F0E70820BD
:10341000EEE70520ECE70920EAE70A20E8E70D20BF
:10342000E6E71020E4E700202126DAE770B506463B
:103430000C46FFF767F805461C2E2DD8DFE806F08E
:103440000F0F2C0F0F1E2C0F222C2C2C24282C1E7F
:103450001E1E2A2C2C2C2C2C2C2C2C2C1E0000203C
:10346000E1F758FB4FF6FF73984220800CBF0E2403
:1034700000242846FFF74CF8204670BD0023238027
:103480000F24F6E70620EBE70720E1F737FBE9E733
:103490000820FAE70D20F8E7002323802124E8E73D
:1034A00000207047E3F7AABC70B50C46154610B96A
:1034B000E3F7F4FD38B143682BB12A462146BDE855
:1034C000704000681847232070BDF7B50D461646BA
:1034D0001C4648B103B901AC87685FB12346324648
:1034E00029460068B84706E0E3F7D8FD04B901AC07
:1034F0000028F1D1232003B0F0BDF8B50C461546E5
:10350000064658B9E3F7CAFD20462946FDF718FCE0
:103510000446002CD4BF37200020F8BDE3F7BEFDE1
:1035200086420746F0D03046E3F7ACFD29462046F8
:10353000FDF706FC04463846E3F7A4FDE9E70EB4C0
:1035400003B503AA52F8041B0192FFF7D6FF02B09D
:103550005DF804EB03B0704700207047FEE74FF4BE
:10356000005300204B6070470120704700207047D7
:1035700007B5002001AB0190FFF7A7FF01980028D5
:1035800008BF4FF0FF3003B05DF804FB10B51446E0
:103590000020FFF789FF204610BD034670B190F868
:1035A000382090F83C002AB1022803D1012283F888
:1035B0003C20704704284FF00102F8D001207047EA
:1035C00080F82C10704790F82C00704790F8390064
:1035D00070473022037A534303F1A04303F580235D
:1035E000D96ED0E903231344994214BF084610460C
:1035F000704770B504460568E3F750FD844202D178
:103600000020E3F73FFD95F93600E3F719FD95F942
:103610003600E3F7F5FC95F93700E3F711FD95F96E
:103620003700E3F7EDFC287AE0F702FE287AE0F7AE
:1036300065FDE0F741FD00232846C4E90033C4E9F5
:103640000433A360AB6ABDE870401847F8B5044680
:103650000D4690F8393081B173B990F83A60FEF7B1
:103660004AFF054601213046E4F794FB2846FEF761
:1036700046FF012384F83930F8BD002BFCD090F8C8
:103680003A70FEF738FF064629463846E4F782FBD3
:103690003046FEF734FF84F83950EDE72DE9F84362
:1036A000044616460D4690F82C80FEF72BFF94F842
:1036B000382003469AB1FEF72BFF94F83B90FEF7B3
:1036C0001AFF074601214846E4F764FB3846FEF737
:1036D00016FFFEF717FF0022034684F8382018462D
:1036E000FEF716FF2E44B54204D101212046236A7D
:1036F00098473DE094F82D302BB3FEF703FF237E6F
:103700000746EBB12046FFF764FFE16801388842C5
:1037100038BF2069D4F830C03CBF00F1FF304018FA
:1037200003469C450BD013F80129112A01D0132A16
:1037300021D1A2F111035A425A4184F83420206366
:103740003846FEF7E5FE94F83430002BCBD0B8F1C4
:10375000000F06D02B780A2B03D10D212046E369F8
:1037600098472046E36915F8011B98470028BAD00E
:103770000020BDE8F883994282BF236903F1FF333B
:103780005B18CEE7F8B590F83830044603F0FF0632
:10379000A3B93146036A9847012384F8383094F876
:1037A0003B70FEF7A8FE054631463846E4F7F2FACC
:1037B0002846FEF7A4FE022384F83C30F8BD026CD4
:1037C000D36C43F00403D364704710B50446026C15
:1037D00093695906FCD5002394F846101A4694F8CC
:1037E0004500E1F7EBFB002394F848101A4694F8E3
:1037F0004700E1F7E3FB94F84D30DA0707D50023E3
:1038000094F84A101A4694F84900E1F7D7FB94F867
:103810004D309B0707D5002394F84C101A4694F8B6
:103820004B00E1F7CBFB206C0021C36C23F00103BC
:10383000C364C36C23F00403C364FEF721FF0020BC
:1038400010BD08B5006CFEF76CFF002008BD036CCE
:10385000DA6C19B142F00102DA64704722F0010219
:10386000DA64012203F500539A64704738B504689E
:10387000206C856C15F001050BD0012200F500537A
:103880009A6483699B060FD52046BDE83840FFF750
:1038900079BF042384F83C30237E33B9C36C23F012
:1038A0000403C3640123237638BD637E1BB394F8FD
:1038B0002D3003B3132184F83550FEF732FF236C0B
:1038C000DA6C42F00402DA645B6ADBB2112B0DD1D0
:1038D000012384F834303022237A534303F1A04388
:1038E00003F58023DB6E013B2363DDE7132BDBD184
:1038F00084F83450EFE7C36C23F00403C364D3E7C8
:103900000E2070470E20704770477047704770B5A3
:1039100004464518073549420D40A5F108063046D2
:1039200000F069F8A188331BC3F3CF036288194400
:1039300089B2D21A25F8041C25F8062CA28882B177
:10394000A4EBC202D180518819445180E2887AB137
:10395000D31A9BB204EBC20425F8023CA380304684
:1039600070BD15F8082C42F0020205F8082CEDE7AE
:1039700025F8022CF3E707B500224FF0FF3101AB29
:103980000192E3F711FE019803B05DF804FB1346C2
:103990000A464FF0FF31E3F707BEE3F7D3BE70B539
:1039A0000D461E46114693B1002333608DB180B1A0
:1039B000454332462846FFF7EAFF044628B93068F7
:1039C00018B12A46214608F0C8FF204670BD2224BF
:1039D000FBE72124F9E707B5002201AB0192FFF7CD
:1039E000DEFF019803B05DF804FB0846FFF7C3BF94
:1039F0000846FFF7D2BF0023038043808380C38043
:103A0000704708B5E4F70EF908BD10B5FEF773FD71
:103A10000446E4F753F92046BDE81040FEF76FBDB9
:103A20007047012070474FF4C870E4F73FBA704701
:103A3000002307B5684600938DF80430E1F76EFA6D
:103A400003B05DF804FB00230B7070472DE9FF41C4
:103A50000D4616461F460446A8B14FF00008C0F8B0
:103A60001C80E4F761FCBDF82C30424602939DF8BF
:103A700028302946CDE9007320463346E4F7BAFBE7
:103A800004B0BDE8F0812220FAE7F0B50D461646F5
:103A90001F46044685B090B10023C361E4F744FC9F
:103AA000BDF82C302A4602939DF828302946CDE9EE
:103AB000007320463346E4F79DFB05B0F0BD22209D
:103AC000FBE7F0B51F46002387B00D4616460446B7
:103AD0008DF81730A8B1C3610DF11701E4F754FC5C
:103AE0009DF817207AB9BDF83430294602939DF825
:103AF00030302046CDE900733346E4F77BFB07B056
:103B0000F0BD2220FBE70320F9E7F0B51F460023B4
:103B100087B00D46164604468DF81730B0B1C36124
:103B20000DF11701E4F730FC9DF8173083B9BDF8AB
:103B300034302A4602939DF830302946CDE900738F
:103B400020463346E4F756FB07B0F0BD2220FBE7E2
:103B50000220F9E738B5FEF7D5FC054600F008F875
:103B600004462846FEF7D4FC204638BD00F022B8B3
:103B70004FF0B0439A6A1207FCD4186A7047820764
:103B80004FF0B04200F00103916948BF43F00803D1
:103B90000B43936170474FF0B04301285B6904D039
:103BA000022805D1C3F3C000704703F0010070473D
:103BB0000020704707B512200DF10601FFF7EBFB5F
:103BC000BDF8060003B05DF804FB08B5DFF724FC80
:103BD000FEF7E1FBFEF7E6FBFEF7F7FBBDE808406A
:103BE000FEF700BC08B5FEF7FFFBFEF7FEFBFEF795
:103BF000FEFBBDE80840FEF7FCBBE0F7D5B808B512
:103C000001F01DF8E8F792FD02F015F802F05AFEF7
:103C1000002008BDECF74EBC08B504212120E3F7D5
:103C20001DFA04212220E3F719FA04212320E3F7E7
:103C300015FA04212620E3F711FA04212520E3F7E1
:103C40000DFA04212020E3F709FA04212420E3F7E8
:103C500005FA6FF001000521E3F700FABDE808401E
:103C60006FF00100E3F7ECB937B5054601A80C4643
:103C7000E1F720FB9DF805302B709DF80430237090
:103C800003B030BD30B5002485B0054601A8CDE9AC
:103C900001440394E0F752F82046029B2B6005B0E4
:103CA00030BD10B5044608B1E4F7FAFD2046BDE882
:103CB0001040FFF772BE00F4E040B0F5805F04D022
:103CC000A0F5005358425841704701207047F0B5A5
:103CD0009E4600F0FE43B3F1106F06460F46944631
:103CE00091B003D06FF0850011B0F0BD20F01F61DE
:103CF00021F470210029F5D13D4607ACCDE90E1124
:103D00000FCD0FC495E8070084E80700D7E9092321
:103D10000899090AE6D11899304604911799CDF807
:103D200000C003911699CDE901E107A9FFF72AFB2D
:103D3000DAE73AB1002918BF00232121D21A18442A
:103D400008F00BBE704738B5037904460D463BB901
:103D5000A368022120462B6000F0D0FD38B938BDA1
:103D6000D0E9091200F060FE0028F1D0F7E7002347
:103D70002B60F4E72DE9F04F9946002393B08DF8BE
:103D80001F301F9B9046DDE91CA6002B0D460B46FD
:103D90000CBF4FF400624FF4806208A91E9FE4F745
:103DA000A7FE044668BBDDF820B009ACDC46CDE9CF
:103DB0001000BCE80F000FC49CE8070084E807006F
:103DC0002846BDF824100DF11F02E4F701FF044658
:103DD000B8B99DF81F30B34223D8DBE909120A981D
:103DE000000A21D1CDE90337CDE9019A2B46CDF860
:103DF000008009A8FFF7FBF910F1860F044600D0F8
:103E000000B13E603246214650463B68FFF791FFC5
:103E1000089800F0B0FD002C18BF204613B0BDE894
:103E2000F08F6FF08904ECE76FF08604E9E7002378
:103E30002DE9F341D0E9016804460F4630461146AA
:103E4000136000F0C2FD054688B9304600F0BFFDA2
:103E5000054660B9F6B276B9B8F1000F05D1E3684E
:103E600023F47F4323F0030363B16FF086052846F4
:103E700002B0BDE8F0810146A06800F02EFD0028E8
:103E8000EDD1F2E74FF6F87362889A421ED8238B81
:103E9000012BEAD8394601A8E5F750F80546002875
:103EA000E5D10FCC3F683E460FC694E807003B794A
:103EB00086E807000BB9019BBB603B8B012123F017
:103EC000010338463B8300F019FDD0E76FF085050C
:103ED000CDE741F2052398421AD8B0F5905F09D298
:103EE00041F2010398420CD0B0F5885F09D06FF021
:103EF000850070472923A0F5905080B2C340DB07AE
:103F0000F5D511F0070F0CBF00206FF08600704749
:103F1000B0F5105FEBD121F04003802B06D0B1F556
:103F2000807F0CBF00206FF0860070470020704734
:103F300070B5446A05460E463CB90120FFF74BFDBB
:103F4000686228B12046AE6270BD6FF08A00FBE760
:103F50006FF08C00F8E7F8B50F4611460646154697
:103F6000FFF7E6FF044620B92A463946706A08F092
:103F700029FD2046F8BD2DE9F041089D88461F46E1
:103F8000048802B32046FFF796FEE0B12B680BB918
:103F9000D3002B6020462968FFF79BFF044678B9C1
:103FA000CE1DB2EBD60F11D1069B9A4211D84146D5
:103FB000384608F007FD2B68079A0733DB081360C3
:103FC0002046BDE8F0816FF08504F9E76FF08604C4
:103FD000F6E76FF08904F3E72DE9F04F476885B005
:103FE0003F0A0446DDE90E9A0D4616469846DDF86E
:103FF00040B015D1CDE901ABCDF80090E2F7DCFC83
:1040000010F1860F0ED14346324629462046CDE9AF
:104010000FABCDF8389005B0BDE8F04FFFF7ABBF60
:104020006FF0860005B0BDE8F08F10B50446406A19
:1040300010B1A16AFFF735FE0020C4E9090010BDE8
:1040400038B50546FFF7F1FF95F820300446043BEC
:10405000012B0CD8EB69002B0CBF04466FF09604C3
:104060002C220021284608F078FC204638BD6FF04D
:104070009604F5E710B5044638B1042100F03EFC83
:104080002046BDE81040FFF7DBBF10BD38B590F803
:1040900020300546052B16D10479FF2C07D1FFF7F8
:1040A000CFFF041E08BF6FF08404204638BD1CB14A
:1040B000806800F09EFC04462846FFF7C1FF0028F8
:1040C00018BF0446F1E76FF08804EEE707B558B172
:1040D000012201A9E4F76EFF30B9019800F046FC17
:1040E00028B10198FFF7D2FF03B05DF804FB6FF031
:1040F0009900F9E7F7B5044608460E4600F043FB81
:10410000002320461A4601A9E4F7F2FC78B9019F82
:1041100034463D460FCD0FC495E8070084E80700FC
:10412000338B384603F00103338300F024FC03B0E3
:10413000F0BD70B5144602881D461046049EFFF778
:10414000BAFD68B944F2010322F44050984207D006
:1041500002F44F42B2F5824F02D0B2F5844F0ED135
:10416000B4420FD82246284608F02CFC0021321B0E
:10417000281908F0F2FB0020059B1C6070BD6FF051
:104180008500FBE76FF08900F8E72DE9F0438946E9
:10419000984617468DB07AB300230122C8F8003044
:1041A00002A9E4F7A5FC0446A0B9029E03AC35467B
:1041B000CDE90A000FCD0FC495E80700049B84E801
:1041C0000700D6E909121B0A08D0304600F0D3FBDD
:1041D0006FF0860420460DB0BDE8F0834B46CDE974
:1041E000007803A8FFF7A5FF0446304600F0C3FBA4
:1041F000002C08BF0446EDE76FF08904EAE770B5CC
:1042000014460288049D02F4E040B0F5804F1CD1B2
:1042100044F2010022F44056864207D002F44F4295
:10422000B2F5824F02D0B2F5844F0ED1AC420FD816
:104230001846224608F0C6FB00212A1B204408F03D
:104240008CFB0020059B1C6070BD6FF08500FBE7B8
:104250006FF08900F8E72DE9F04389469846174644
:104260008DB07AB3002302A91A46C8F80030E4F7EB
:104270003FFC044640B9029E33885B0408D43046B4
:1042800000F079FB6FF0860420460DB0BDE8F083A6
:10429000354603ACCDE90A000FCD0FC495E8070001
:1042A00084E80700CDE900784B46D6E9091203A857
:1042B00000F0F1FA0446029800F05DFB002C08BF04
:1042C0000446E1E76FF08904DEE72DE9F0411F467F
:1042D000002388B0054688461646CDE905333B6085
:1042E000002A54D0B2F1005F54D206AA05A9FFF704
:1042F0009EFD0446A0B90598436AABB1059B4146B3
:104300005A882846079207AA029203F128020192CE
:104310009A6A00925B6A3246FFF75EFE044680B1FD
:104320000598FFF7A7FE28E06B681B0A02D06FF024
:104330008604F5E73146FFF7FBFD04460028DDD093
:10434000EEE70598079B4288DAB943804FF6F8728A
:10435000934219D82B8813B102889A42E7D12B6A6D
:10436000002BE4D16B8813B142889A42DFD13946E1
:10437000FFF7E9FC04460028D2D1204608B0BDE88A
:10438000F0819A42D3D1E1E76FF08504C8E76FF07E
:104390008604F2E76FF08504EFE710B50446006885
:1043A00068B104280CD104F10800FEF7E0FF0023F7
:1043B0002360A38823F4FF7323F00103A38010BDBF
:1043C0006FF08600F3E72DE9F04305469846002399
:1043D0008DB002932B6808461746002B47D1B8F1E1
:1043E000000F134602A914BF4FF480624FF400621D
:1043F000E4F77EFB044600283BD1DDF8089003ACCF
:104400004E46CDE90A000FCE0FC496E8070084E8B7
:1044100007003846BDF80C102A1DE4F7D9FB044606
:1044200038BB6B79049968F300036B71090AD9E909
:104430000923B8F1000F12D011BB009703A905F1B1
:104440000800FEF70DFF044698B9042302982B607C
:1044500000F091FA044620460DB0BDE8F08379B92A
:10446000009703A905F10800FEF742FFEBE76FF0A4
:1044700088042846FFF791FF029800F07CFAEAE7EB
:104480006FF08604F5E70123FFF79DBF38B50546B9
:10449000006898B112B90024204638BD04280AD11A
:1044A00005F10800FEF726FF04460028F3D0284651
:1044B000FFF773FFF0E76FF08604F8E76FF088040A
:1044C000EAE72DE9F04105460068884616461F4692
:1044D000F8B16A79D2071CD52A79D2B1B2421BD879
:1044E00004281CD105F10800FEF721FF044610B195
:1044F00000233E602B713246214640463B68FFF761
:1045000018FC2846FFF749FF002C18BF2046BDE8DD
:10451000F0816FF08804EBE76FF08904E8E76FF053
:104520008604E5E71FB501240394089C0294079CC8
:104530000194069C0094FFF71DFC04B010BD2DE90A
:10454000F04705469A46002386B0059305F0FE43E2
:10455000B3F1106F0846DDE90E961746DDF840808E
:1045600029D12B464FF4804205A9E4F7C1FA04464D
:1045700018BB05990B8823F0FF03B3F5E24F02D077
:10458000B3F5E44F04D14B880733B6EBD30F1ED3FA
:1045900053463A462846CDE90168CDF80090FFF72A
:1045A00096FB044648B9059800F0E5F90446204614
:1045B00006B0BDE8F0876FF0860431464846E4F760
:1045C00077FB0598C8F8006000F0D5F9EFE76FF0C9
:1045D0008904F2E7034610B50C461146DA690088F3
:1045E0000AB91B6A3BB9FFF766FB38B12046BDE844
:1045F0001040E4F75DBB6FF0860010BD6FF08500E2
:10460000FBE700232DE9F04385B0CDE901330B60D2
:10461000438806460D46002B00F0B280038803F461
:10462000E043B3F5804F00F0AB8002AA01A9FFF789
:10463000FEFB044600287CD1019A7768526A6AB171
:104640007368019F1B0AD7F8248057F8289F74D0FD
:104650006FF086040198FFF7E8FC6AE03F0A61D139
:10466000B6F8008071884046FFF725FB80B14046D0
:10467000FFF72FFC044600285BD108F4E043B3F5B4
:10468000805F02D0B3F5005F0AD10731CF0817E091
:1046900028F0FF03B3F5E24F37D06FF0850448E010
:1046A00008F44F43B3F5844FEFD047F20103984528
:1046B0000FD149080131C90801EBC10101F13B07E4
:1046C000039703990198FFF733FC04460028B7D0FD
:1046D0002FE044F20103984503D1C90801F1100706
:1046E000EEE747F20202904505D1C90801EB41010E
:1046F00001F15A07E4E744F20202904505D1C908E6
:1047000001EB410101F14A07DAE728F0FF00B0F5BB
:10471000E24FBAD0B0F5824F01BF0731C908490056
:104720004F1CCDE7304603A900F059F80446002895
:10473000C7D00198FFF79EFC13E033885B0414D4C4
:104740003B464A4641463046FFF744FF044601983F
:10475000002C7FF47FAF2946FFF7F5FA04460028C6
:10476000E7D1204605B0BDE8F0833B464A464146C6
:104770003046FEF715FD10F1860F0446E7D1DFE75E
:104780006FF08604EDE710B50446C069FFF705F940
:104790002046BDE810402422002108F0DEB82DE9B3
:1047A000F04105460F4690461C469BB11946012034
:1047B000FFF711F9064678B12246414608F002F9A2
:1047C000E86908B1FFF7E9F80020C5E907642F8020
:1047D000BDE8F0811E46F3E76FF08C00F8E7028831
:1047E00043884068000A51D102F4E040B0F5805F90
:1047F00002D0B0F5005F05D10733DB0840D16FF080
:104800008500704702F44F40B0F5844F03D1073361
:10481000DB080AD1F3E747F20100824208D15B08C6
:104820000133DB0803EBC3033B3300200B6070470D
:1048300044F20100824202D1DB081033F5E747F26F
:104840000200824204D1DB0803EB43035A33ECE756
:1048500044F20200824204D1DB0803EB43034A33F3
:10486000E3E722F0FF02B2F5E24FD0D0B2F5824F7B
:10487000C5D10733DB085B000133012BD5D1BEE77F
:1048800022F0FF02B2F5824FCFD1F6E700236FF09E
:1048900086000B6070472DE9F34747680446DDE961
:1048A0000A9A3F0A0D461646984611D1CDE9009A5C
:1048B000FEF789FC10F1860F0CD14346324629469B
:1048C0002046CDE90A9A02B0BDE8F047FFF797BC51
:1048D0006FF0860002B0BDE8F08703466FF04042FB
:1048E0000846591E914207D338B103F14043934221
:1048F0008CBF0020012070470120704790F82030C5
:10490000052B11D8DFE803F0030B16141F214B1EF3
:10491000012B09D9042907D06FF0870070470229BD
:1049200002D00B1F012B0BD880F8201000207047FD
:10493000022902D0CB1E022BF5E7C369002BF3D06E
:104940006FF0880070470529EED00029ECD0F7E71A
:1049500010B503210446FFF7D1FF30B9E3695A1CB3
:104960000EBF6FF096000133E36110BDC069B0FA6D
:1049700080F04009704708B90020704790F8202067
:10498000032A08D1C269EAB1013AC261002AF3D10F
:104990000221FFF7B3BF052A09D0042A0FD1C2694B
:1049A00082B1013AC261002AE6D1FFF749BBC26970
:1049B00042B1013AC261002ADED1FFF767BB6FF056
:1049C000880070476FF09600704700207047C0B2B3
:1049D000FF280CBF6FF086000020704707B500214C
:1049E0006A46FEF7CCF98C3018BF012003B05DF8A1
:1049F00004FB13B500216A460446FEF7C0F98C306B
:104A000002D1002002B010BD00212046E1F7FCFDDC
:104A1000014610B16FF09800F4E76A462046FEF7B1
:104A2000AEF98C30EDD0F5E72DE9FF41074614468D
:104A3000884600293FD0002A3DD0B2F5005F3DD224
:104A400002F1240631460120FEF7C5FF0546C0B33A
:104A500003463A4621464046E4F726FBBF68002459
:104A60003846FFF7BBFF01281FD021462B463246B0
:104A700038460094E1F706FD0146C8B9384602AA57
:104A8000FEF77DF9044620B9029B9E4205D06FF0E7
:104A9000980438460021E1F7B7FD31462846FFF774
:104AA00000F9204604B0BDE8F0816FF08A04F4E715
:104AB0006FF09804F1E76FF08604F2E76FF08D0471
:104AC000EFE76FF08C04ECE7FFF7EBB82DE9F04768
:104AD000D0F808A086B08146884617465046002187
:104AE00004AAFEF74CF9044610BB049E012031468F
:104AF000FEF771FF0546002837D02146504604AA2C
:104B00000394FEF73CF9044670B903AB0246214614
:104B1000CDE9005350463346E1F720FD039B0446A0
:104B20009E4209D06FF0980431462846FFF7B9F845
:104B3000204606B0BDE8F0870028F5D13B46424646
:104B400031462846CDF80090E4F7CCFA0446002818
:104B5000EAD1D8F800302BB13B68002B08BF6FF0CA
:104B60009104E1E76FF09104DEE76FF08C04DFE77A
:104B700050E8003F0B4340E80032002AF8D170476C
:104B8000C94350E8003F0B4040E80032002AF8D10A
:104B90007047431E032B06D8DFE803F0020402042B
:104BA00003207047042070477047CB69184770474F
:104BB00070470020704770474FF00000704700209A
:104BC00070477047704700207047002070470020F2
:104BD00070470020704700207047002070477047E2
:104BE00000207047002070477047704700207047D2
:104BF0007047704711207047002070474FF0FF301A
:104C000070470020704770477047002070470020B1
:104C10007047002070474FF0FF30704711207047F9
:104C20000020704701207047002070470020704727
:104C3000002070470020704770477047704701F0B0
:104C40001BBA38B50446FDF75DFCD4E90C120546E5
:104C50002046E4F78BFAA18CE28CE060521A40F215
:104C6000712101FB020303F59C530833284623619D
:104C7000BDE83840FDF74CBC08B52030FFF778FFA1
:104C8000BDE808404FF08050EBF720BC38B50D462A
:104C900004460830E6F740F9294600252046E8F7A3
:104CA00033FA606CE56110B1E5F756FA656404F11A
:104CB0005400BDE8384008F0FBB938B5044619B3D4
:104CC00090F828208AB190F829300133DBB29A425B
:104CD00080F8293009D10121FFF7D8FF4FF080710A
:104CE0002046BDE83840FFF7C7BF236ADA030BD57B
:104CF000E36A62689B1A002B06DA01212046FFF75F
:104D0000C5FF4FF08061EBE7236A1B0426D402F055
:104D10003DFD1123B0FBF3F303EB0313C01A94F929
:104D2000613085B213FA80F0102888BFC5F11005F4
:104D30006DB2083B2B4484F8613020460121E8F72E
:104D4000E3F940F27121A28C63682A4401FB02332B
:104D500020466360BDE83840E8F788B90025ECE7F5
:104D60002DE9F84F1D46C3698846044616460C9F38
:104D70009DF838909DF840B09DF848109DF850A0DF
:104D8000002B40F0C880EB0600F1B68005F003036D
:104D9000032B08BF05F0FD0505F0F705BDF83C3015
:104DA000A806A4F862309DF8540048BF05F0FC0541
:104DB000FFF7EFFE47F6FF731BF0020F84F8660063
:104DC000A4F87C3040F09B801BF0040F00F0998029
:104DD00000F0FD00012814BF0323042394F883206E
:104DE0009DF8580063F3030284F88320FFF7D1FE97
:104DF00047F6FF738A0784F86700A4F88C3000F147
:104E000082804B0740F1818000F0FD00012814BF33
:104E10000321042194F89330A06E61F3030384F816
:104E20009330FFF7E6FE00222046216BE4F79EF95F
:104E300040F27123734398426FD849F6FF7104F131
:104E40002000FFF79DFEFF2384F84B30BAF1000FDE
:104E500003D0236A43F480532362290705D506262D
:104E6000B046236A43F484132362236A6A0723F457
:104E7000C04323620CD419F0010F1CBF43F400534C
:104E80002362236A19F0020F1CBF43F4804323629C
:104E9000236AA4F848502B43236204F15B03B7B3A1
:104EA0003A68C4F85B20BA889A809DF82C30012BB0
:104EB00003D14FF48061FFF75BFE236A9DF8282041
:104EC00023F4407343EA0223236202F05FFC9DF85F
:104ED0004C30C0F30B0040EA03309DF83430A4F8A6
:104EE0007000A4F824802046E68484F82A30FFF776
:104EF000A8FE0020BDE8F88F01218B464EE7022373
:104F00006CE701236AE7022184E7012182E7C4F804
:104F10005B709F80D1E70C20ECE74520EAE72DE9A4
:104F2000F743894617460446019330B901A808F0B3
:104F3000BFF8422003B0BDE8F083012920D0022948
:104F400010D089B9C369C3B900F130054FF40036F8
:104F5000236AD9061ED55A0726D501A808F0A8F855
:104F60000020E7E7806E20B901A808F0A1F80C2026
:104F7000E0E71946FFF73EFEDCE700F13805E5E71C
:104F8000C36923B900F134054FF48026E0E700F14E
:104F90003C05F9E79B0707D5B9F1000F04D101A83B
:104FA00008F086F81220C5E704F120084046314693
:104FB000FFF7E6FDF80702D5284608F079F80199D1
:104FC00021B1284608F042F900230193286808F02F
:104FD000DBF8236AD90605D51F2801DC032F16D07C
:104FE0002846DDE740F27262904204DD284608F070
:104FF0005FF807209EE7B9F1000F08D1BF2806DD52
:105000009A0704D0284608F053F8452092E7204636
:10501000D4E90E12E4F7AAF8E3696BB140F2712209
:10502000A38C5343984207D9E38C8342EAD300F51B
:105030001C70B0FBF2F0A084FDF764FAE36905464A
:105040007BB1BB070DD531464046FFF791FD636844
:10505000C3F57A7602F0D6FBF04202D52046E8F797
:105060006FF92846FDF754FA7AE708B548B1CB073F
:1050700001D4002008BD4FF400112030FFF778FD67
:10508000F7E74220F6E708B548B1CB0701D4002086
:1050900008BD4FF400112030FFF772FDF7E7422002
:1050A000F6E7E4F74FBB38B5C36904460D463BB19C
:1050B000036A13F0010010D194F84A30FE2B0BD094
:1050C00004F120004FF48001FFF752FD01202B680E
:1050D000E364AB88A4F8503038BD0020FCE7036AD5
:1050E00010B5044613F4602025D09A0307D504F1C7
:1050F000300007F0DDFFA36B23630023A363236A63
:105100005B0307D504F1340007F0D2FFE36B636360
:105110000023E3634FF4602104F12000FFF730FD2A
:105120002046FFF78EFD0120B4F870305A1C62F360
:105130000B03A4F8703010BD10B50446543008F0CD
:1051400085F82046BDE810404FF00071FFF794BD90
:1051500010B5418904468389C289084601F0F1FBF4
:10516000E0B1E279531E072B19D86389934216D90F
:1051700022899A4213D8237C43B9637C33B9A37C38
:1051800023B9E07C10B9237D0F2B07D9607D1B303C
:1051900000F01F000B288CBF0020012010BD002054
:1051A000FCE7F8B58D790C460C354B5D4F1903F0D3
:1051B000400343F004034B550623B91C7B7016468D
:1051C00000F043F8635D002E60F386136355A37906
:1051D0007A7803F102031344E371A4BF06367E70AC
:1051E000F8BD70B505460020049CE07112F0100077
:1051F00001D1A07170BD0122A27188784609F540E5
:10520000EA0720D54A7800F01F0042EA002291F90F
:1052100000000028ACBF1E204FF4967050430A785F
:10522000252102F03F02B2FBF1F501FB1522B0F59A
:10523000FA7F227106F1010262712CBF0122022263
:105240000344E27123600320D4E737B50246136AB2
:10525000084603F4007403F40015DB0505D474B9A3
:10526000E6F73EF9204603B030BD44B9B5FA85F4FF
:10527000D16C64090160B2F850208280F2E701909D
:1052800092F94B30B5FA85F4009300231A4619467B
:105290001846FFF7C3FC6409E4E750E8003F0B43FE
:1052A00040E80032002AF8D17047C94350E8003F77
:1052B0000B4040E80032002AF8D1704738B5044668
:1052C000D0F8A00010B9D4F8A40058B194F8375120
:1052D00007F01FFF05F00F0581B206312846E8F7F9
:1052E00053F880B240F27122B4F8783000F548707B
:1052F00053439842B8BF184638BD38B505460C46EA
:1053000002F0F6FA20B149F640439C4228BF1C4601
:10531000EA68A2420BD240F27121B5F87A304B43D1
:10532000934238BF1346A34228BF23461A462A6138
:1053300038BD03469A6A4430920404D5D3F8282134
:10534000998FE9F7EFBF93F86F10E9F7E1BF0020FD
:105350007047012070470020704770470020704759
:105360000020704701207047C82070470020704718
:105370000020704770477047112070477047704792
:105380000020704770470020704770470120704729
:105390007047704790F8852010B5531C03F00F0339
:1053A000072B28BF0023044663F30302034480F85D
:1053B000852083F87E1090F885306F2B4FEA13120A
:1053C0009EBF013262F3071380F88530FFF7E1FFDB
:1053D00094F83711204601F00F01FFF7CCFF10BD04
:1053E00070477047704700207047002070470020CA
:1053F000704710B101F1B000704701F1D40070475F
:10540000F8307047806A70472830FFF746BF283071
:10541000FFF74BBFC06A70472C30FFF73EBF2C3000
:10542000FFF743BF00F59C70704708B50B79DB07A9
:1054300002D4FFF7D5FF08BD91F90510BDE808407B
:10544000FFF7A8BF02290346808F11D0032909D096
:10545000012906D11A8F5B6B1201B2FBF3F31844DA
:1054600080B270475A6B4FF47A43B3FBF2F3F6E71E
:105470005B8F073000EB4300F2E770B540F2712616
:1054800006FB01F345685643826A1D441207044631
:1054900045600ED500F14005294600F13402E6F7DB
:1054A00067F9334629462046BDE87040012201F0E5
:1054B0003EBA05EB5605456070BD836A590505D4B3
:1054C000D0F8A03013B15B799A0708D4D0F8A400C3
:1054D00000B9704743799B0701D40068F8E70120C1
:1054E000704780F87710704738B5836A04461B0709
:1054F00013D50246B0F87C3052F8341F4B4340F2CB
:1055000071214B4300F14001E6F732F9236C20464C
:105510009D08FFF7D3FE2844E06040F27125616BDF
:10552000204601396943FFF7E8FE20460121E7F7ED
:10553000EBFD636BB4F87C2020465A43636805FB9F
:1055400002336360BDE83840E7F790BDB0F8303112
:1055500010B5A0F834310446E4F756FBC0B2FFF7AB
:1055600003FF94F8373194F8362103F00F0304F168
:10557000440102F0B6F9014604F5947002F052F9C4
:10558000B4F93421B4F930319A4209D0A36A9B03AB
:1055900006D52046BDE810404FF40041E4F74ABB71
:1055A00010BDFFF7D3BF836A0A4600F14401C3F37D
:1055B0004030E9F763BE10B5A0F87810A0F87A2063
:1055C0000446FFF77BFE2169E0602046BDE81040FD
:1055D000FFF793BE38B504460D463AB94FF4C021E3
:1055E0002830FFF762FE9DB9002038BDFFF7C8FEE6
:1055F00098B128344FF4C0212046FFF756FE1DB164
:105600004FF40031FFF749FE4FF48021204601E0BE
:105610004FF40031FFF741FEE6E71120E5E72DE901
:10562000FF41836A04469B032CD5B0F93081B0F961
:1056300034710020E9F774FC8045CCBF00250125BA
:1056400002F054F994F83711C82201F00F01E9F77C
:1056500071FC06462046E4F7D7FAB045B4BF0026F1
:105660000126002394F83711A8EB07073FB245EA5B
:1056700046051A46CDE90085029701F00F0180B278
:1056800000F0ACFC04B0BDE8F081FFF7C8BF863085
:105690007047F8B504460E4600295AD040F27123EF
:1056A000476B30465F43A7F28A277F083946E7F702
:1056B0007BFE94F88E30851FADB29D423946304650
:1056C000A8BF1D46E7F770FE94F88F20831F9BB29A
:1056D0009342A8BF1346F21E012AB4F88610B4F80C
:1056E00088202BD8B1F5296F44F29020B8BF4FF431
:1056F00029618142A8BF0146B2F5296FB8BF4FF4B6
:1057000029628242A8BF02461B2DB8BF1B251B2B56
:10571000B8BF1B23304684F8913084F89050A4F829
:105720008A10A4F88C20E7F73FFE831F9BB2AB42A0
:10573000A8BF2B46DBB284F89230F8BDB1F5A47F48
:10574000B8BF4FF4A471B2F5A47FB8BF4FF4A472F0
:10575000DAE71B23EFE770B54900466B89B28E424A
:1057600018BF40F27125044617BF4068002105FBB1
:10577000060005FB1100658F1EBF6060616301219B
:105780009542208F17D08342628700D02387238FD2
:10579000626B1B01B3FBF2F394F837112046A4F8B7
:1057A0009C3001F00F01FFF774FF2046BDE8704008
:1057B0000421E4F73FBA8342E8D1A36A1B07E6D588
:1057C0000029E4D170BDF0B585B004460E466A46A6
:1057D00000F1860300F18E071546186859680833F2
:1057E00003C5BB422A46F7D11868314628609B881A
:1057F0002046AB80FFF74DFF9DF80B2094F89130C9
:105800009A4211D1BDF80620B4F88C309A420BD1DF
:105810009DF80A2094F890309A4205D1BDF80420F2
:10582000B4F88A309A4207D04FF48141204605B03F
:10583000BDE8F040E4F7FEB905B0F0BD37B5044669
:1058400094F88E50BDF818008D420BD1B4F88650F4
:10585000954207D194F88F509D4203D1B4F88850F7
:1058600085421DD08DF80610ADF80420019D84F806
:105870008E1094F8371184F88F30A4F88800C4F89B
:1058800040512046A4F8862001F00F01FFF79BFF4E
:10589000B4F88A30A4F88630B4F88C30A4F8883094
:1058A00003B030BD90F8373170B503F00F030446F4
:1058B00016460D46D9B18B4219D00122FFF75EFD85
:1058C000294600222046FFF757FD94F8373120463D
:1058D00065F3030384F8373105F00F01FFF773FF19
:1058E0002046BDE870404FF48441E4F7A3B919465F
:1058F0002046FFF768FF002EF2D170BDF8B51D46B7
:10590000C36A04465B070F46164610D404212C30A8
:10591000FFF7C3FC84F89A702046A4F89660A4F8B8
:1059200098504FF40061BDE8F840E4F783B9F8BD42
:1059300010B511B190F89A400C7012B1B0F89610F1
:10594000118013B1B0F898201A80C06AC0F38000AB
:1059500010BD4FF400412830FFF79FBC00F5A27046
:10596000704790F8370100F00F00704770B504469B
:10597000FCF7C8FD6568064601F044FF2D1AB5F531
:10598000FA7504D53046BDE87040FCF7C1BD40F261
:105990007122636B94F870105343B5FBF3F5A38F3A
:1059A000AAB29B1AA38794F86F30154602FB1133F5
:1059B000252193FBF1F001FB1033002BB8BF5B18DE
:1059C00084F86F30B4F89C3020469B1AA4F89C30C1
:1059D0000021E7F799FB40F27122636B20465D439B
:1059E000636802FB15336360E7F740FBCAE70023F7
:1059F0002DE9F3474E790446B00758BF06F001067B
:105A000008460D4648BF0326ADF8043058BF01369E
:105A1000FFF7D2F8074607F01F03002BE36A15BF14
:105A20004FF001084FF000084FF003094FF0020952
:105A300099050CD59DF80430294666F3010368F3F7
:105A400045138DF804302046019A00F08EF928465F
:105A500007F09AFB82464946284607F069FB9DF805
:105A60000430AA7966F3010368F345138DF8043016
:105A70008DF805A0BDF804300C32AB529DF804300F
:105A8000A9189A066B7948BF8F7043F001036B71B8
:105A9000FCF738FD06462046294650F8A48F07F04B
:105AA000D5FB94F84631013384F84631A36A1B07CD
:105AB0000CD5B4F87C30012B02D92046FFF756FFF5
:105AC000304602B0BDE8F047FCF722BD656801F042
:105AD00099FE0746E7F72EFC8442F1D1ED1BB5F5A0
:105AE0007A7FEDDDB8F1000F03D0D4F8A030002BA1
:105AF000E6D1E7F7F5FEE3E708B5022007F06BFC17
:105B000010B100F05BFE012008BD10B504464FF453
:105B100040712830FFF7C9FB2046BDE81040002146
:105B2000E4F73ABD012310B5A1F12002C1F1200430
:105B300023FA04F403FA02F222438B40D0E908412D
:105B400023400A40134314BF0120002010BDC36A44
:105B500010B5044613F0080012D00123A1F1200271
:105B6000C1F1200023FA00F003FA02F202438B4055
:105B7000D4E9080103400A40134314BF0120002068
:105B800010BD10B50C46C9B2FFF7E1FF70B1E5F7E3
:105B9000DBFDC4F12002A4F12003E04001FA02F28F
:105BA000104321FA03F3184300F0010010BD70B553
:105BB00004460E46E5F7FAFEFCF7A4FC0546022172
:105BC000204684F87760E4F735F820460021E7F7AF
:105BD0009BFA2846BDE87040FCF79ABC70B50446B5
:105BE0000D46FCF78FFC0646E7F7A4FB844201D183
:105BF000E7F756FE3046FCF78BFC29462046BDE809
:105C00007040FFF7D4BF0B68C0F84031704738B51B
:105C100040F64805D0F840310C460B609BB2AB42D1
:105C200004D90B21FFF7ADFF08B9258038BD44F238
:105C300090232380FAE708B500F0FBF8E4F762F957
:105C400000F05CFB00F008F8E5F7E8FDE6F7AEFBD6
:105C5000BDE80840E6F72ABC704770B515460E4609
:105C60001C46FFF7CDFB2B684EB103606B684360A9
:105C70002368C0F825302368C0F8153070BD8360F4
:105C80006B68C3602368C0F829302368C0F81930F6
:105C9000F4E770B50546FFF7B3FB0446FCF732FCAA
:105CA00006464FF480712846FFF7AEFB4FF40061C3
:105CB0002846FFF7B1FB3046FCF72AFC00232846B4
:105CC00023612375236284F82430FFF79BFB802334
:105CD00010F0080F14BF237584F8243070BD10B580
:105CE0000446FFF712FF2046BDE810401021E3F7FD
:105CF000A1BF10B504464FF46061FFF790FB20464A
:105D0000BDE81040FFF701BF7FB506460C46FFF720
:105D100077FB4FF4C06105463046FFF77DFB4FF43B
:105D200000613046FFF77BFB4FF48060E5F7B2FC83
:105D3000224670B969462846E5F70EF86B4605F12C
:105D4000100213F8011B02F8011DAA42F9D104B098
:105D500070BD6C4602F11006234610685168083287
:105D600003C3B2421C46F7D1E8E7F0B587B00D4651
:105D7000ADF80C20FFF744FB0446284607F004FA70
:105D8000064600B32846E5F725F89DF80C3005AF28
:105D900003F02303224631460093019704F12003C8
:105DA000FCF7BBFF2846E5F72BF8042239462846C6
:105DB00007F00FFC236A0133236223B994F82430DF
:105DC000013384F8243007B0F0BD30B585B00391BD
:105DD000ADF80820FFF714FB0446039807F0D4F948
:105DE000051F002D02DC002005B030BD0398E4F74C
:105DF000F1FF431901939DF80830224603F0230375
:105E00000093294604F11003FCF778FF0028EAD13B
:105E10000398E4F7F5FF042103A807F057FA236974
:105E2000013323610BB10120DEE7237D01332375AC
:105E3000F9E708B54FF40060E5F72CFC40B94FF4E2
:105E40008050E5F727FC40B9BDE80840E9F7B4BA4F
:105E5000FFF7C9FA0028F2D008BDFFF7C8FA0028FA
:105E6000F2D0F9E741F0004141F4E02101607047D0
:105E7000002070477047704710B5DC1D04338373F2
:105E80004379C47123F0030343F003030E244371E9
:105E9000012344738371C3730182827410BDD31CC8
:105EA000C3713E2343734379827323F0030343F0AA
:105EB000030343710123C173837170470F2343733D
:105EC000042383734379A0F8111023F0030343F0F4
:105ED0000303437140F20173C3800123C27303744F
:105EE0007047D31CC3714379417323F0030343F01C
:105EF00003034371012382738371704708B5002344
:105F0000FFF7BAFFBDE80840E5F768B82DE9F843A8
:105F100080460220894617461E4607F05CFAD0B13B
:105F20000C2343730823837340F601334579C38000
:105F300025F003059DF8203045F003054571A0F8D4
:105F4000108080F81290A0F81370A0F81560C37349
:105F5000E5F744F80120BDE8F88308B5022007F012
:105F60003AFA30B101221121FFF799FFE5F736F82F
:105F7000012008BDF8B504460F46164613211D46FC
:105F80000922FFF78CFF83790C331C44A170E77062
:105F900026712B68C4F80530AB88A4F80930BDE839
:105FA000F840E5F71BB870B5064602200D4607F02D
:105FB00012FA044668B114210422FFF770FF8379B6
:105FC0000C331C44A170A4F803606571E5F706F872
:105FD000012070BD08B501F0C8FD08BD2DE9F041F4
:105FE000074602200D4690461E4607F0F4F9044687
:105FF000E0B109222121FFF752FF0A2283790C33F5
:106000001C44BDF9183084F8038093FBF2F323722B
:106010009DF81C30A7806372BDF92030A67193FBF8
:10602000F2F3E571A372E4F7D9FF0120BDE8F08136
:1060300037B5044607F0A8F83E22A379C0B20C3366
:10604000E518E254831E6B700D23AB70AB791C38DE
:10605000012BE8768DF8073009D10023E91D1A4697
:106060000DF10700FEF7CFFD9DF80730AB7120461C
:10607000E4F7B4FF03B030BD704710B5E4F7E8FFB4
:10608000837900210C33C418E078E3F7D9F861680C
:10609000FEF7EBFF0446E4F7E1FF2246BDE81040BF
:1060A00000234FF61941FFF7E7BE10B5E4F7D0FF24
:1060B000837900210C33C418E078E3F7C1F86168F4
:1060C000FEF7E1FF0446E4F7C9FF2246BDE81040B1
:1060D00000234FF61A41FFF7CFBE70B5E4F7B8FFC3
:1060E000002186790446FE20E3F7AAF80546E6F784
:1060F000A3FB50B10C24E4F7B1FF2246BDE8704089
:10610000002342F20501FFF7B7BEE6F7DBFB0028EC
:10611000F0D10C363444237AE61C9B09022BE9D0DB
:10612000012B18D9237AA11C03F03F02073443F056
:10613000C00311F8010F8C4242EA000203EA000397
:10614000F7D1002AD6D0FF2BD4D055B93046E5F789
:10615000EDF90024CFE73146E5F7AEF90028E1D0AC
:10616000C8E731462846FEF79EFF0028EED1C1E77A
:106170002DE9F041E4F76CFF837900250C33C41856
:10618000E678E4F765FF0768E4F762FFA6F1FE032F
:106190005942594105603046E3F752F83B462946DB
:1061A0002279FEF7BCFE0446E4F758FF2B46224650
:1061B000BDE8F04142F23701FFF75EBE2DE9F04144
:1061C000E4F746FF837900250C33C418E678E4F73A
:1061D0003FFF0768E4F73CFFA6F1FE03594259412F
:1061E00005603046E3F72CF83B4622790121FEF7A3
:1061F00096FE0446E4F732FF2B462246BDE8F04106
:1062000042F23801FFF738BE2DE9F047E4F720FFEE
:1062100083790C33C418277994F8038027B9B8F12F
:10622000010F27D0E3F776FA00260534BE420ADBD9
:106230000025E4F713FF2A46BDE8F047002342F2A9
:106240003901FFF719BE2078B4F80150A0F1FE0320
:106250005942594194F803900434E2F7F1FF58B1E0
:106260002A464B464146E3F74FF905460028E0D160
:106270000136DBE71225DCE74225DAE710B5E4F763
:10628000E7FE837900210C33C418E078E2F7D8FFE9
:1062900080B1211DFEF707FF00280CBF0C2400244D
:1062A000E4F7DCFE2246BDE81040002342F235014F
:1062B000FFF7E2BD4224F3E7FE282DE9F843064646
:1062C000894690461F4616D0022007F084F80446FF
:1062D00090B106221221FFF7E2FD1223A579204694
:1062E0000C352544AB7085F803902E71A5F8058018
:1062F000EF71E4F773FE0120BDE8F883704710B535
:10630000E6F79AFA0446FEF771FC2043C0B210BDCE
:1063100038B5E4F79DFE8379C17903F10C0202449C
:10632000CB1A02200021B2F8035007F07FF904468F
:1063300040B9E4F793FE0722BDE8384042F2190164
:10634000FFF7BCBD2846E3F74BFC38B12146E6F722
:1063500041F80446E4F782FE2246EDE72046FBF7CB
:1063600083FB0224F6E770B5E4F772FE83791844E4
:10637000B0F80F60B0B2E3F733FC80B1002100F059
:1063800077FE0546E4F76AFE044602232A4642F2F7
:106390001B01FFF771FDA3791C44668270BD0225C5
:1063A000F0E770B5E4F754FE83790C33C418B4F801
:1063B00003502846E3F714FCA0B1611D00F058FE1D
:1063C0000646E4F74BFE04460223324642F21A0127
:1063D000FFF752FDE37923449D72E3792D0A1C44B3
:1063E000E57270BD0226ECE710B5E4F731FE837963
:1063F0000C3318444479B0F80300E3F7F1FB60B1C3
:106400002146E5F7C3FD0446E4F728FEE2B240F278
:106410000641BDE81040FFF751BD0224F4E770B516
:10642000E4F716FE83791844B0F80F50FCF76AF8C9
:1064300004462846E3F7D4FB80B11621FFF7CEFBD4
:1064400000252046FCF764F8E4F708FE2A46BDE87C
:10645000704000234FF60441FFF70EBD0225F0E720
:10646000F8B5E4F7F5FD847905460C340444B4F836
:106470000300E3F7B5FB064640B9E4F7EFFD02225F
:10648000BDE8F84042F21301FFF718BDAB79E97996
:1064900003F10C020220CB1A2A44002107F0C6F8AF
:1064A000014618B9E4F7DAFD0722E9E783790333F7
:1064B00083713046B4F80D50B4F80F70E5F714FD51
:1064C00004463A4629463046FFF775F8E4F7C6FD1C
:1064D0002246D5E738B5FCF715F80446FFF70FFF5D
:1064E00000280CBF0C250025E4F7B8FD2A4642F22F
:1064F0000E01FFF703FDE6F785FA2046BDE83840B8
:10650000FCF706B810B5E4F7A3FD83791844B0F89A
:106510000F00C0B2E3F7D2FEE4F7A0FDBDE81040E3
:10652000002342F224011A46FFF7A6BC2DE9F843E6
:1065300081460220884617461E4606F04CFF044658
:1065400090B10A220321FFF7AAFC0023A579204677
:106550000C352544EB70A5F80490A5F806802F8132
:106560006E81E4F73BFD0120BDE8F8832DE9F0439F
:10657000814685B002200E461F469DF844808DF866
:106580000F2006F028FF0546002844D022222921AA
:10659000FFF785FC0022AC7930460C342C4404F122
:1065A0000E0304F11401C4F80E209A806261228364
:1065B00000913A460DF10F01FEF726FB9DF84030A1
:1065C000A4F80490E37006F00103A3719DF80F3066
:1065D00016F0FD0FE3713B68A360BB88A3814FF603
:1065E000FF7304D0032E08BF43464FF0FF08BDF8E9
:1065F000302028466283BDF8342084F82180A283AD
:10660000BDF838206384E2839DF83C2084F8202084
:10661000E4F7E4FC012005B0BDE8F083F8B50746D7
:10662000022016461D4606F0D6FE044690B10C2206
:106630000421FFF734FCA1799DF818300C31214476
:1066400020468F80C1F80660C1F80A50CB70E4F78D
:10665000C5FC0120F8BD70B5064602200D4606F0C7
:10666000BAFE044668B103223021FFF73AFCA37951
:1066700020460C332344A3F803609D70E4F7AEFC7E
:10668000012070BD70B5064602200D4606F0A3FE3F
:10669000044688B104220821FFF723FCB5FA85F2ED
:1066A000A37952090C3323442046A3F803605A719E
:1066B0009D70E4F793FC012070BD2DE9F8438146FD
:1066C0000220884617461E4606F085FE0446B0B1F5
:1066D0000B220721FFF7E3FBA579BDF820300C352D
:1066E00025442046A5F80390A5F80580A5F8077075
:1066F000A5F80960A5F80B30E4F770FC0120BDE8AF
:10670000F883F8B5074602200E46154606F063FEEC
:106710000446A0B10D220521FFF7C1FBA379204655
:106720000C332344A3F80370A3F80D602A68C3F860
:1067300005206A68C3F80920E4F750FC0120F8BD81
:106740002DE9FF4116466A4680460F4615460A9CCB
:1067500003F1100E9446186859680833ACE803003A
:1067600073456246F6D124B9022006F034FE044691
:1067700008B31D22ED212046FFF791FBA3790C33CE
:106780002344A3F80380A3F80D702EB13268C3F838
:1067900005207268C3F809200F3304AE2A4603CAE5
:1067A000B24218605960154603F10803F6D120463D
:1067B000E4F714FC012004B0BDE8F08113B5132107
:1067C000827901900C32841881544FF44072C28057
:1067D000E4F79AF9A07020B901A806F069FC02B0AC
:1067E00010BD8000013060700198E4F7F7FBF6E718
:1067F00070B5064602200D4606F0EDFD044678B160
:1068000004220521FFF76DFB0022A37920460C33FB
:106810002344A3F803605D719A70E4F7DFFB012065
:1068200070BD13B5837901900C33C418C05CE3F7D5
:10683000D7F920B901A806F03BFC02B010BD63787F
:10684000019913F0300F0CBF012200228B79043321
:106850008B714B7962F300034B71E3F79DFEECE71C
:106860002DE9F041E4F7F4FB83790C33C418B4F854
:1068700003801FFA88F0E3F7B3F9054600B3A27965
:106880006179FEF7A7FE0646E4F7E8FB0746022318
:10689000324642F27A01FFF7EFFABB7938463B44C1
:1068A000A3F81280E4F79AFB46B9A37933B12846DE
:1068B000FFF757F801462846FEF764FDBDE8F08172
:1068C0000226E1E700F069BE50E8003F0B4340E8D4
:1068D0000032002AF8D17047704770B50E46154651
:1068E000E3F73CFB044648B93046E2F7DDFF0446D7
:1068F00020B92846E8F780FC044640B10020E3F7C1
:106900002DFB0020E2F7D0FF0020E8F775FC2046C1
:1069100070BD4FF40010E9F7D9BDE7F72DBEE4F7DD
:10692000E7BD4368143B4360A0230B6070471AB96E
:106930004268A2EB530242600A6802EB83020A60DB
:106940007047884210B518D8052816D9B1F5486F98
:1069500013D8B3F5FA7F10D240F67644A2F10A00BC
:1069600080B2A04209D801339BB24B435B00B3EB2A
:10697000C20F94BF0120002010BD0020FCE7C943D6
:1069800050E8003F0B4040E80032002AF8D1704741
:10699000002070472DE9F04104460F4600264FF0D5
:1069A0000108214686F00100FEF723FD4FF48051D7
:1069B000FFF7E5FF836833B940460EB1BDE8F081CB
:1069C00001268046EDE7028ABA4206D10022012163
:1069D000204698470028EFD1EFE70268D205EBD5B3
:1069E00000221146F4E708B5FEF71CFD00230380E2
:1069F000436008BD70B506460C46FBF783FD0546AF
:106A00003046FEF70FFD30B103781C4304704FF49D
:106A10000070E9F75BFD2846BDE87040FBF778BDE4
:106A2000E3F7BABD07B542798DF8071022F00302EB
:106A300042F00302427140F203320DF10701C280BD
:106A4000012206F018FB03B05DF804FBF8B5174609
:106A500006460C461D46FEF7DDFC020713D5022153
:106A60003046FFF75FF870B111212046FFF7DAFFDB
:106A70002046E4F743FF4570877021463046BDE865
:106A8000F840E3F789BD28204FF08861C5F1200266
:106A9000A5F12003E94000FA02F220FA03F31143C2
:106AA0001943CB07E0D40D212046FFF7BBFF20465A
:106AB000E4F724FF4770E0E770B50C460546072170
:106AC00020461646FFF7AEFF2046E4F717FF2146A3
:106AD00046702846BDE87040E3F75EBD38B50C4609
:106AE00000210546FEF7AEFC47F6FE73241AA4B259
:106AF0009C4205D928462821FFF759F8002038BDC7
:106B00000120FCE738B504460D4601460020FEF79B
:106B100070FC03689B0505D429462046BDE8384033
:106B2000FFF7DCBF002038BD2DE9F04115461F46B8
:106B30009DF81880FEF75DFC0446FBF7E3FCB8F116
:106B4000010F064623D154E8003F43F4807344E824
:106B50000032002AF7D105B354E8002F42F4007246
:106B600044E80023002BF7D1FF212046FFF707FF61
:106B700054E8002F48EA020244E80023002BF7D132
:106B80003046A5602782BDE8F041FBF7C1BC4FF459
:106B900080712046FFF7F3FEDDE74FF400712046D9
:106BA000FFF7EDFEE0E773B5064601200C46FEF761
:106BB00020FC002305461A46009321463046FFF785
:106BC000B3FF6B6863B14FF480712046E3F732F88E
:106BD00055E8003F43F4007345E80032002AF7D13E
:106BE000FBF790FC05462046FEF71CFC28B1038805
:106BF0001BB14FF40070E9F769FC284602B0BDE80C
:106C00007040FBF785BC38B505460C46FEF7F1FB36
:106C100083684BB10221204600229847214628462E
:106C2000BDE83840FFF7BFBF38BD012938B505467C
:106C30000C4608D0CC1E012C03D801460120FFF7DA
:106C4000E2FF012038BD2221FEF74BFC20462946F9
:106C5000FFF7D9FF0020F5E708B5FEF7CAFB00688B
:106C600000F0F00008BD10B5014604460120FFF712
:106C7000F3FF20B92146BDE81040FFF7EDBF10BD7E
:106C800070B506460C4601460120FEF7B2FB3146C0
:106C900005460020FEF7ADFB2B680268014643EA7B
:106CA0000200C0051ED49B0502F4007203D49AB9F9
:106CB0004FF0FF3070BD2B8A1B1B98B27AB1098A46
:106CC000091B89B28842A8BF08464FF6FF73984255
:106CD00008BF4FF0FF30EDE74FF6FF70EFE74FF6DC
:106CE000FF71EFE70120E5E72DE9F341044601914B
:106CF000014601201546FEF77CFB21460646002092
:106D0000FEF777FB80462046FEF77CFB810606D522
:106D100001A806F0CDF90C2002B0BDE8F081FBF728
:106D2000F1FB336807469A0503D4D8F800309B0579
:106D300009D50199301D8D6006F088FA3846FBF7B9
:106D4000E7FB0020E8E7FBF7E3FB20460199A847B3
:106D5000E2E738B5014604460120FEF74AFB054646
:106D60000C3006F0A5F9281D06F0A2F921460020F6
:106D7000FEF73FFB04460C3006F09AF9201DBDE8F3
:106D8000384006F095B970B5014605460120FEF77A
:106D900030FB0646043006F0EFF9044670B14FF4BC
:106DA00000713046FFF7EBFD21462846A36898475F
:106DB00020B12046BDE87040FAF756BE70BD0023F2
:106DC0008260C0E90031704708B50B46014618469D
:106DD000FEF70FFB0068C0F3402008BDFFF725BF9A
:106DE000CB1E012B70B504460D46164606D81A2157
:106DF000FEF777FB40212046E2F71CFF324629468A
:106E00002046BDE87040FFF710BF38B504460D4678
:106E1000FEF753FB28B1012D04D122212046FEF7B5
:106E200060FB002038BDF8B50C468B7907460B4453
:106E3000D3F80D60D3F811303246E3F78FFB092108
:106E40002046FFF7EFFD2046E4F758FDA579E4F76B
:106E50007BFC0C3566F0FF0625440640C5F8016052
:106E6000E4F772FC3846C5F805102146FFF7D8FD57
:106E700002213846FFF7BEFDF8BD70B50E46054647
:106E800001460020FEF7B5FA012E044603D0022E7B
:106E900011D0012070BDC16828468B7919440D318D
:106EA000FEF781FBE068FAF7DFFD00202946E0608D
:106EB000FFF779FEEDE7C068FAF7D6FD0023E3603F
:106EC000E7E738B50D46044601460120FEF791FA82
:106ED000012D08D100F112012046FEF764FB214686
:106EE0002846FFF760FE012038BD08B5FEF78AFA94
:106EF000C0F3C00008BDF8B50C460546FFF7F5FF26
:106F000080F00107FFB229463846FEF772FA0646BE
:106F1000C068012C837903D0022C20D00120F8BD59
:106F20000C33C41823892846E288A188FEF713FC95
:106F30006188627849005200284689B2FEF79DFABE
:106F4000F068FAF791FD002328464FF48031F36092
:106F5000FEF75DFA29463846FFF725FEDEE7FAF729
:106F600083FD00234FF480312846F360FEF74FFA8B
:106F7000D4E708B5FEF74EFA00F0010008BD38B5B9
:106F80000C4602210546FEF747FA0C212046FFF782
:106F900049FD2046E4F7B2FC4FF0FF338370022333
:106FA000C3700D2343706FF02F0303710523214637
:106FB00043712846BDE83840FFF732BD042910B5BB
:106FC000044601D0002010BDFFF78FFFC0F1020082
:106FD000E4F760FB0028F5D106F0FDF9014608B999
:106FE0000220F0E72046E4F7A3FF0028F8D10120B3
:106FF000E9E708B5FEF706FAC0F3C00008BD2DE9C1
:10700000F0410F4604469046FFF7F3FF80F001057C
:10701000EDB221462846FEF7ECF9012F064603D0D3
:10702000032F0FD001200BE02046FEF762FE222145
:107030002046FEF756FA28462146FFF7E4FD0020D9
:10704000BDE8F081C068FAF70FFD00232046F36029
:10705000FEF74FFE20465FFA88F1FEF742FA20461F
:107060002021E2F7E7FD21462846FFF7CCFDD9E7CE
:1070700037B504460D46FEF7CDF903054CD5022081
:1070800006F0A9F90190002848D0204645B3FFF743
:10709000B0FF50B105210198FFF7C4FC0198E4F757
:1070A0002DFC20460199FFF7BBFC20462946FEF740
:1070B0002BFE2046FFF79DFF78B94FF40061204674
:1070C000FEF7A5F906210198FFF7ACFC0198E4F75B
:1070D00015FC20460199FFF7A3FC002003B030BD4A
:1070E000FFF787FF68B10199032306222046FFF7C7
:1070F000ADFC2046FEF7FDFD21462846FFF783FD47
:10710000EBE701A805F0D4FF20463D21FEF74FFD37
:107110002046FEF7EEFDE0E70C20DFE70720DDE785
:10712000F7B5014604460020FEF763F9054600F175
:1071300012074FF48060E4F7ADFA50B92046E2F749
:1071400063FD3A46698B80B203B0BDE8F040FFF7BB
:10715000D8BA2046E2F758FD064620466D8BFEF76A
:107160004FF900220346009229463A46B0B2FFF793
:10717000E7FA03B0F0BD83781A2B09D81B2383707C
:107180000288B2F5A47F07D24FF4A473038007E00E
:10719000FB2BF5D9FB23F2E744F290239A42F5D872
:1071A0007047F0B50446CA798B7987B043EA022369
:1071B000ADF80C308B8803A88DF80E30CA788B7828
:1071C00040F6480543EA0223ADF810300B8805A9C4
:1071D0008DF81230FFF7CFFF04A8FFF7CCFF204651
:1071E000FEF715FD0B212046FEF7CBFC44F2902361
:1071F000002818BF1D46BDF80C709DF80E30BDF874
:107200001460BDF810209DF816009DF81210AF42D2
:10721000D4BF00970095FB2BA8BFFB23B242A8BFA9
:1072200032468142A8BF01462046FEF707FB07B061
:10723000F0BD37B5144605461046FFF7F3FB204670
:10724000E4F75CFB01A904462846FEF7E0FC0B21AD
:107250002846FEF796FC6FF004036370002344F2A7
:107260009022A37040F64803002818BF1346A4F8E4
:1072700003309DF80630A4F80530BDF80430A4F8BA
:10728000073003B030BDFFF7D0BC022973B5054607
:107290000C4603D00024204602B070BD0521FEF745
:1072A00041FC0028F6D0E3F70FF81B28F2D94FF481
:1072B0000040E4F7EFF90028ECD106F08CF8064620
:1072C0000028E8D0284601A9FEF7A1FC314628464F
:1072D0009DF80630BDF80420E5F7FEF80028D9D166
:1072E0000124D8E730B190FAA0F00123B0FA80F081
:1072F0008340D8B2704770B50646FEF78BF880F031
:10730000400402060546C4F3801406D40821304622
:10731000FEF71DFC08B144F00204EB0506D40B2176
:107320003046FEF714FC08B144F00404204670BD5A
:107330002DE9F843044691460F46FEF76BF8C0F37B
:1073400040152046FEF70AFB214680462846FEF7F8
:1073500050F8494606462046FEF7C3F898F8011053
:10736000384601F00F0100F0F4F9062814BF014679
:1073700000212A462046FEF795FA21462846FFF7C7
:1073800012FC20212046FEF74AF856E8003F43F45D
:10739000805346E80032002AF7D1BDE8F883F8B5FB
:1073A0000E4604461546FEF735F8032EC0F3401787
:1073B0000DD0042E16D0012E12D122212046FEF728
:1073C00090F838462146FFF71EFC0020F8BDEAB2CF
:1073D00000212046FFF7ACFF21463846FFF713FC9B
:1073E0000120F3E70C22F3E7012910B504460BD185
:1073F000FEF710F82146C0F34010FDF7FAFF002217
:10740000817C2046FFF794FF012010BD2DE9F74352
:107410000F460546FDF7FEFF00F02009C0F34018B7
:107420002846FEF79BFABB790C333B445E789B7889
:107430001E400378C3F3030000EA13103040FFF747
:1074400051FF044648B9B9F1000F06D12846FFF7AD
:1074500052FF3040FFF746FF04462846FEF781FA08
:10746000E5F7B6FFA04223D01CB302212846FDF762
:10747000E9FF002106462846FEF70BF91821384699
:10748000FFF7D0FA3846E4F739FAB6B23946447015
:107490008470A0F803602846FFF7C2FA234622460C
:1074A000294640460096E5F751F803B0BDE8F08361
:1074B00000242646E2E770B504460D46FFF7D3FBED
:1074C00028B929462046BDE87040FFF79FBF4028F5
:1074D00029462046BDE870404FF0160314BF2A220B
:1074E0002322FFF7B3BA38B505460C46FDF792FFE5
:1074F000830604D42046BDE83840FAF7B5BA2146E1
:107500002846BDE83840FFF781BF73B58C79064641
:107510000C340C440D46FDF77DFFA278C0F34010FB
:10752000032A14D0052A28BF00226378032B10D029
:10753000052B28BF0023B4F8031000913146E5F76E
:1075400005F8284602B0BDE87040FAF78DBA00226F
:10755000EBE70023EFE708B58B790B441B7B162B79
:1075600003D0172B05D0002008BDFFF7A4FF012092
:10757000FAE7FFF7B8FFFAE708B58B790B441B7BF6
:10758000162B03D0182B05D0002008BDE5F708F80E
:107590000120FAE7FFF7B9FFFAE770471FB54A1E67
:1075A000042A03460C465FD8012902D1008804B0A2
:1075B00010BD022905D100885B88984238BF184663
:1075C000F5E74A00014601A805F0FCF9032C07D1B4
:1075D0000023ADF80A304FF6FF73ADF80C3001E030
:1075E000042CF8D0BDF80620BDF80430934284BFC7
:1075F000ADF80630ADF80420BDF80A30BDF80C2017
:10760000934288BFADF80A20BDF80A2088BFADF8C4
:107610000C30BDF80430934288BFADF80A30BDF895
:107620000620BDF80C309A4288BFADF80630BDF890
:107630000820BDF80630934284BFADF80830ADF89D
:107640000620BDF80A30BDF808209A4288BFADF880
:107650000830BDF80820BDF806309A4238BFADF8B2
:107660000830BDF80800A2E74FF6FF709FE78307D8
:1076700005D410F0040F14BF03200120704702202E
:107680007047012804D0022804D030B9E6F714BBB3
:10769000E6F702BB0020E5F77BB9704710B101287F
:1076A00003D070470120E5F773B90020FBE7F7B579
:1076B0001F468B1E012B05460C46164613D8FDF7B8
:1076C0009DFA0023CDE90005F01A18BF01201A46E3
:1076D0003946FDF7A3FA80B1022C0BD12846E3F717
:1076E000FFFE002004E00029F8D0012902D0FF208D
:1076F00003B0F0BD2846E3F737FF0120F8E770B587
:107700000D4600219DF810600446817106F10C01C0
:107710004173111E18BF012103F00F00237B40EAC3
:10772000C11003F04003184320732B469DF814103A
:1077300004F10E00FFF7BBFF237B0E3660F38613C8
:1077400023732B686361AB882383A3793344E3718C
:1077500070BD022808D0042803D0012818BF0620D5
:10776000704701F00101C81C704708B5E7F7BAF887
:10777000BDE808400020E7F7DDBAC94350E8003F04
:107780000B4040E80032002AF8D17047E8F76ABCA5
:107790000A2802D80130C0B27047242801D802302C
:1077A000F9E7252805D0262805D0272818BFFF206F
:1077B0007047002070470C20704708B5E6F734FE8C
:1077C000BDE808404FF00060E8F780BE08B5E8F774
:1077D0004FFC20B1BDE808401020FFF7EEBF08BD08
:1077E0007047704770477047704700207047704778
:1077F0007047704770477047104619467047002021
:107800000021704704F008BCF2F770BF04F0BCBC64
:1078100008B5E7F70BF820B1BDE808400420FFF7F2
:10782000CCBF08BD10B504460846E5F7F3FDB4F932
:107830000820824203D02081E7F782FA608110BDE0
:10784000F0B587B00D4616468DF8070002B9A3B310
:1078500029469DF80700FDF7E7F90446B8B929461F
:107860009DF80700FDF7E6F940BB16B39DF8071039
:10787000003918BF012128460DF10F02E7F77CFC03
:10788000F8B99DF80F40013418BF012416E004AF89
:10789000012239460DF10700FDF7CAF904464EB141
:1078A0009DF80730191E18BF0121002818BF3D465A
:1078B000E1E70124FDF7A5F900B90124204607B04E
:1078C000F0BD4FF0FF34DEE7CB08C25C012301F0CE
:1078D00007018B401A4214BF0120002070477047F7
:1078E0007047024619460020E7F724BB0020704786
:1078F0000020704707B500214FF0FF336A46084665
:1079000000938DF80430E7F7B9FC03B05DF804FB91
:1079100038B50546006805F05DFA0446287900F0A0
:107920001F0005F057FA2044C0B2012894BF002080
:10793000012038BD70477047914270B50D4614461E
:107940001E4609D2FFF722FF641B013490FBF4F3BB
:1079500003FB14000544ACB23480FFF717FF3388F3
:107960000133B0FBF3F202FB1300049B188070BDDF
:1079700070477047012810B50C4607D002280DD07B
:1079800088B9BDE810400846E7F74CBDE5F7D2FCE2
:10799000844208D1BDE81040E6F7A4BF0846BDE820
:1079A0001040E7F727BE10BD002337B505460C464B
:1079B00001A841210193E6F71DFE019830B1E5F7DA
:1079C00033FA072805D001A805F072FB002003B0A8
:1079D00030BD2A4620460199E7F7B8FEF7E70428AC
:1079E00010B50C4608D10320FFF7DEFF40B9204652
:1079F000BDE81040E7F7FEBDBDE81040E8F774BAF7
:107A000010BD032838B504460D460ED0042810D00A
:107A100005384FF0010118BF0120E5F7ADF8294600
:107A20002046BDE83840E8F75FBABDE83840E6F7E1
:107A3000CFB9FFF7B9FF10B92846E7F7DBFDBDE87E
:107A4000384001210846E5F797B870470120704794
:107A500013B50C4601A9E0F703FD10B9019BC4E979
:107A6000003002B010BD08B5202000F0B4FE003890
:107A700018BF012008BD08B5FFF7F5FF20B1BDE82C
:107A80000840202000F0AFBE08BD73B506460D4685
:107A90001446D2B100F09CFEA84218D8304600F03F
:107AA000ACFE01460190A0B100232A46204605F015
:107AB000F5FA01A805F0FCFA2246022052F8041B50
:107AC00000F048FE002002B070BD2220FBE721201C
:107AD000F9E72D20F7E70020704730B5044615463A
:107AE00087B00846FEF71BFF122200210DF10600A9
:107AF00004F033FFA368ADF804500293E3680393E6
:107B0000E38BADF81030238CADF81230FFF7E3FFB4
:107B1000029B8DF8140043F41053029300F0C9FD4A
:107B200018B1029B43F00403029301A8E3F7C4FDDC
:107B300010F0FF0516D1A38C0DF10201ADF8003055
:107B4000E38C6846ADF8023000F042FDE8F708FD2E
:107B5000FEF7E3FE012104F069F9EAF7A7F92846E8
:107B600007B030BD40F20C40FAE7E8F709BDC1604C
:107B7000704741EA002008B540F49020FCF7A6FACF
:107B8000014640B110F1880F05D0BDE8084040F231
:107B90000740ECF72BBF08BD0120704770B50C46BD
:107BA000064611461D46E8F7B3FD58B144EA0620E3
:107BB0006FEA40406FEA50402A46BDE8704080B20C
:107BC000E8F7FABC40F2064070BD837901461A0717
:107BD00003D506220020E8F72BBE9B0602D506221D
:107BE0000120F8E74FF0FF3070478379532B01D124
:107BF000E8F750BEFFF7E9BF70B5064614461D46CC
:107C0000E8F786FD10B90024204670BD41EA062041
:107C10006FEA40406FEA50402A46214680B2E8F7BA
:107C2000E9FC0028F0D0EEE710B5EBF76FFC044656
:107C300028B10124204610BD436ADB06F9D4EBF7D6
:107C400053FB0028F8D1F5E700207047532838B5DA
:107C500005460C4604D1BDE838400846ECF74ABF5B
:107C60000620FAF797F868B96379142D03F03F03FB
:107C7000637104D0722D08D163F03F03637100205B
:107C8000A57138BD40F20740FBE72120F9E700234A
:107C900003608380837170471FB550F80C4BADF8BB
:107CA0000A3094F87040069BADF806108DF8082055
:107CB00040F2035101AA8DF80440039305F02DF919
:107CC00010B906A805F0F4F904B010BD2DE9F04193
:107CD0004FF0000886B004460E461546CDF80C80DD
:107CE00000F1440712B303A805F0E2F9384605F0A5
:107CF000DFF984F81C8000233246009318212B46BC
:107D0000204600F0F0FE05F58855204650F80C3B63
:107D100040F2055193F8703004AA8DF810300595A3
:107D200005F0FBF8002006B0BDE8F08143691A07B2
:107D300010D4A846384605F0D9F903460390C0B9D7
:107D400003A805F0B5F9384605F0B2F9002323770A
:107D500055B1D0E723F00803436103A805F0A8F963
:107D6000384605F0A5F92577204600F038FF0025B4
:107D7000CBE79979204601F10C021A44B2F8016070
:107D80000531B2F803209971314601F0F6FCCDF8C7
:107D90000C800028CED00546D2E72DE9F84F0E46DC
:107DA00091469A4605469DF828B010B1037C012BF8
:107DB00060D0284601F0FDF9304601F074FB002246
:107DC00031468046284601F0DEFB0746304601F08A
:107DD00060FE42F6052398421CD118F0300F26D1E0
:107DE000BBF1000F33D018F0200F3FD0BA073FD5BA
:107DF000EB8B002B38D153464A463146284600F0DB
:107E000020FF0446E8B940F20A412846EE8301F01B
:107E1000DEF916E0284601F081FA0028DDD0284678
:107E200001F091FA0028D8D041F2121409E0B90704
:107E3000D6D03146284601F042FC0028D0D000F5CB
:107E40008854284601F0BAF92046BDE8F88F18F0AA
:107E5000100F0BD0FB070BD553464A463146284638
:107E600000F0CCFE0446ECE70524EAE72124E8E72D
:107E70000224E6E70724E7E72DE9F047002586B06E
:107E80009DF8389090F81CA004460F4690460F9E2F
:107E90000577B9F1000F09D00A464B4651460096C6
:107EA00000F021FE284606B0BDE8F087BAF1080FC1
:107EB000ADF8169026D145893246043DADB29D42BB
:107EC0004FF002014FF00900A8BF1D4600F09CFDD5
:107ED0000222814605A93046ADF8147005F079FB01
:107EE0002A464146304605F074FB0546831C314660
:107EF000204689F80130EBF793F8ADF81650BDF83D
:107F00001600D0E7BAF10A0F0DF116020CBF0B21D3
:107F10000D21CDE9016200930122434600F007FEE6
:107F20001A28ECD111233A4651462046CDF800904C
:107F3000ADF8169000F0D7FDE1E7F0B5002589B067
:107F40001746012204460E460393ADF8165001F081
:107F500049FB8DF81500002846D1304601F0BFF9E5
:107F600010B1304601F07BFA304601F0ACFAB8B1FE
:107F700003A805F09DF8204650F80C2B237F92F8BB
:107F8000702040F202518DF8182006AAADF81A6050
:107F90008DF81C30ADF81E7004F0BFFF09B0F0BDC5
:107FA0000DF115030DF116023146204601F0B7FB25
:107FB0009DF8153002465BB9BDF81630BB4235BF9F
:107FC0000723DB1B8DF81530D21928BFADF816300A
:107FD000039B314601939DF8153020460093BDF870
:107FE0001630FFF749FFD9E72A46F1E770B5044696
:107FF0000D46164601F073F940B933462A4621462C
:1080000001F0BBFB08B100F5885070BD41F20310D0
:10801000FBE71FB550F80C4BADF80A3094F87040F0
:10802000069BADF806108DF8082040F2015101AA18
:108030008DF80440039304F070FF10B906A805F012
:1080400037F804B010BD1FB550F80C4BADF80A302E
:1080500094F87040BDF81830ADF806108DF808207F
:1080600040F2045101AA8DF80440ADF80C3004F040
:1080700054FF04B010BDF0B5122785B00392077706
:10808000022205460E4601F0ADFA044668B103A887
:1080900005F00EF800232B770023324600931221BF
:1080A0002346284600F01FFD0FE0039A30469379DF
:1080B0000333937101F007FA48B1039B3A460093EA
:1080C000314623462846FFF7E7FD05B0F0BD42F6EE
:1080D000293001F045FCB04220D1039830B903A803
:1080E00004F0E6FF00230D242B77D5E705F04CF8CC
:1080F00080B20128F3D1039B28469A791344197B57
:1081000001F047F9044603A804F0D2FF00232B77BF
:10811000002CC1D1284600F029FDD6E72246314681
:108120002846039B01F029FB0446EFE72DE9FF41B8
:108130000392042204460D4601F054FA074628B182
:1081400003A804F0B5FF04B0BDE8F0814FF0520879
:10815000039A284693790333937184F81C8001F0C5
:10816000B2F9064640B1039B4246009329463B467E
:108170002046FFF791FDE6E742F6293001F0F0FBDB
:10818000A842039B0BD19A7920461344197B01F036
:1081900000F903A804F08CFF00232377D3E73246CD
:1081A0002946204601F0E9FAF6E72DE9FF418B79EF
:1081B00004460C330B44B3F801700E463846B3F84E
:1081C000038001F068F9002858D002223946204681
:1081D00001F008FA0546E8B9384601F074F968B1CB
:1081E00016222277B37939460533B37120464346C8
:1081F0000096FFF751FD04B0BDE8F081F9F7DCFB14
:1082000033461B680135EDB2002BFAD10635A84282
:108210001DDC092504F1440004F04AFF2B463A46D0
:1082200016212046009600F05EFC092DE3D1204681
:1082300050F80C3B40F2055193F8703002AA8DF8CB
:10824000083041F20913039304F067FED3E70121DC
:10825000304605F089F901460028DAD004F14400DF
:1082600004F0F4FFB37942460533B371394633461F
:10827000204604B0BDE8F04100F087BC0125C9E705
:1082800013B5044641B9443004F012FF204602B051
:10829000BDE8104000F0A3BC18224369027713F038
:1082A000080306D0002319460093FFF7F5FC02B03F
:1082B00010BD1A46194602B0BDE81040FFF706BDD2
:1082C0007FB5C58B04462DB342F6052001F048FB6F
:1082D000A84207D10021204601F03CF8636923F051
:1082E00001036361002640F20A41204600F075FF59
:1082F00029460DF10E022046ADF80E6001F043F95B
:10830000BDF80E2003460092294602222046FFF7C0
:108310009AFEE68304B070BD2DE9F0470E46904604
:108320001F460446BDF8209018B941F20110BDE87F
:10833000F087084601F0AFF80028F6D06589033DC4
:10834000ADB24D4509D34B463A4631462046CDF8AD
:108350002080BDE8F047FFF720BD4920E7E7F7B5EB
:1083600004461F460E46154600F023FF237C012BD2
:1083700058D0237F182B2CD063691B0713D5217F7E
:1083800016292DD008D8122914D00225204600F035
:1083900015FF284603B0F0BD18291AD05229F4D190
:1083A0000023237713E0304601F08DF80028E6D152
:1083B0002125EBE70023237735B1009332462B4686
:1083C000204600F090FB02E0204600F0CFFB0025A5
:1083D000DCE72A4631462046FFF778FC0546D5E71C
:1083E00000232377002DE8D105211720BDF8243084
:1083F000089A009500F02CFB20B911233246122177
:108400000095DDE700F0E1FA6269034642F00802F8
:10841000626182793146053282713A46204600F027
:10842000B4FBD4E70725B1E72DE9F041054688B054
:1084300042F6052001F094FA064604A8EBF758FC32
:10844000102205F121010DEB020004F05CFA50B19D
:108450000121284600F07EFF284601F033FB6B69BE
:1084600023F001036B6142F60303022003A9ADF878
:108470000C30EBF785FD012407464FF0000820463D
:108480003A464FF6FF7101F030FA044610B908B0D1
:10849000BDE8F08100F0FFFF0134A4B20028EED067
:1084A000A64203D131462846E8F726FE2146284653
:1084B0000DF10E02ADF80E8001F065F803460028BC
:1084C000DDD0BDF80E202146009228460122FFF79C
:1084D000BAFDD4E708B5EBF7F9FB0020E9F79AFA03
:1084E000002008BD10B90120E9F788BB70470220C1
:1084F000E9F77ABB0020E9F777BB38B50C460546AB
:10850000E2F7A6FD4379C47523F0030343F00303A8
:1085100043710923837104F10C03C371A0F8155052
:10852000153038BD2DE9F3410D4616468046E2F779
:108530008FFD05F10C03C3714379044623F0030357
:1085400043F003034371092301908371A0F8158060
:1085500000F11507304604F017FE33460544E57573
:108560003BB901A8314604F071FE384602B0BDE8BF
:10857000F0815A7922F0030242F002025A711B681C
:10858000EEE708B5E2F76AFD83790C33184408BDBD
:1085900008B5E9F781FAECF755F8E8F7B5FCEBF721
:1085A00069FABDE80840FFF7A5BF38B505460C4697
:1085B000E9F71EFC28B928462146BDE83840F9F7FE
:1085C00003B928462146F9F7FFF8FFF790FFEFE7D8
:1085D00073B50E4605F0A5F8044600BB42F6072029
:1085E00001F0BEF90546D0B10A22B6F900300021EB
:1085F000002BCBBF0533053BB3FBF2F393FBF2F348
:108600005BB28DF8073001230DF10702184605F023
:108610000DF8002203462946104601F0AEF8204628
:1086200002B070BD430803F05503C01A00F03303D5
:10863000C0F3850000F03300184400EB101000F088
:108640000F007047002110B5421D441E14F8010FA1
:10865000FFF7E8FF94420144F8D1084610BD0078C6
:10866000EAF75EBD13B50C460DF107020DF10601E8
:1086700000F037FB30B19DF80600031B584258410B
:1086800002B010BD0120FBE77047EAF729BF704731
:1086900008B5EBF78DFD002008BDECF735B9EAF71A
:1086A00023B97047704770477047E8F74FB8704775
:1086B000704700207047704770477047F8B5044610
:1086C0000F46164613680A461D0A0021043504F0B9
:1086D00044F9EDB221222046394604F037FC204609
:1086E000294604F0BCFCA27933681444E360F8BD69
:1086F00070477047704770477047704702464FF4A5
:1087000082712020FFF7C1B9014608B500F038009A
:10871000EAF71AFA78B1D0E901324078C1F307419B
:1087200010F0020F08BF1346043B53F8040F10B1BA
:1087300002788A42F9D108BD38B505460C4604B91D
:1087400038BD013C55F824301B69002BF7D0984701
:10875000F5E770477047F8B543780546DB0701D465
:10876000EAF730FA00266B786F6823F00C0343F0C9
:1087700002036B7057F826402CB9202005F10C013C
:10878000F9F7BCF90FE0A3680136002BF2D0984747
:1087900004460028EED031463846FFF7CDFF6B780F
:1087A00023F002036B702046F8BD4078C0F3400010
:1087B0007047437813F00E0F0CBF01200020704764
:1087C00010B5EAF769FA0446EAF77EFA204610BDCA
:1087D0004FF48270704708B5EAF7B6F9C068003800
:1087E00018BF012008BD08B5EAF7AEF920B1BDE811
:1087F0000840C06804F08DBC08BD38B5EAF7A4F99C
:10880000044650B1F9F77EFE054604F10C0004F071
:108810006DFC04462846F9F77BFE204638BD37B587
:108820008379019003440446D86800F03800EAF7E1
:108830008BF9054628B901A804F03AFC022003B0E0
:1088400030BD204604F03EFCF9F75CFE0446019979
:1088500005F10C0004F0FAFC2046F9F759FEE7F7A1
:108860009DFD0020EBE72DE9F04104461F4625025F
:10887000C4F3072305F4E06524F47F441D4324F08A
:10888000C704EE1944F080048B7944EA16243602BA
:10889000B6B20C333443084601EB0308CC50114602
:1088A000FFF7BDFF20B94544EF704046BDE8F081B9
:1088B0004FF00008F9E7427810B50432044601F0A1
:1088C0000400D2B2002140F0290004F045FE18B1A6
:1088D000837922680344DA6010BD10B50021FFF7E8
:1088E000EAFF044608B9002010BD0179FFF797FFA1
:1088F0000028F8D1A3790C33E018F5E72DE9F04111
:1089000017461A46036801F004011C0204F4E064EF
:10891000C3F307231C4341F02905043406463B46B4
:108920002146284604F082FE804650B1E1B204F0B0
:10893000FFFB3B462A4641463068BDE8F041FFF761
:1089400092BFBDE8F0812DE9F341002401F004015C
:108950000768064641F02905106829461460019011
:1089600004F0B0FB019804F00FFC390201F4E0615F
:10897000C7F30727394380460122043101A804F0D8
:1089800067FD30B101A804F093FB204602B0BDE8BA
:10899000F08143462A4601993068FFF764FFF5E706
:1089A000A0F86E10704701238B4090F871101943A6
:1089B00080F87110704708B50120F9F715F8C0B2BA
:1089C00008BD83790C33184470471438704710B5CC
:1089D0000446A1F1140004F0D7FB201A20EAE0704D
:1089E00080B210BD70B51C460D461646FFF7EFFF6E
:1089F000A04207D322463146A5F1140004F0E9FD58
:108A0000012070BD0020FCE770B506460D461446F7
:108A10007AB90A462046082104F09EFD044690B922
:108A20002A460821292004F097FD044658B920461B
:108A300070BD104604F03CFB204604F0C0FC082347
:108A40001D44A371E571A3790C331C442670EEE735
:108A50002DE9F0411646069A074688461D46FFF75F
:108A6000D3FF0446F0B114382A463146069004F08C
:108A7000B0FD854217D9069B06A81C7904F0200496
:108A800004F016FB74B942460821292004F064FD65
:108A90002A463146069004F09CFD854206D906A878
:108AA00004F006FB00242046BDE8F081069A937985
:108AB0000C33D418D754F6E711B11439EAF7B0BA29
:108AC0001A20704738B5002204460D4602200321C3
:108AD000FFF79AFF014608B1A0F801502046BDE813
:108AE0003840FFF7E9BFF8B504460F4616460521A2
:108AF0000120069A1D46FFF787FF014638B14770EF
:108B0000468005712046BDE8F840FFF7D5BFF8BDA7
:108B100038B50D46032104460846FFF775FFA0F857
:108B2000015001462046BDE83840FFF7C5BF73B588
:108B30000546084611466C891A46641ABDF8183075
:108B4000A4B29C4228BF1C46079B089E0093234664
:108B5000FFF77EFF014630B12846348002B0BDE801
:108B60007040FFF7A9BF1A2002B070BD012110B5F7
:108B7000002204461320FFF747FF014620B120469C
:108B8000BDE81040FFF798BF10BDF7B54489054612
:108B900018460F461646019304F0F6FA053CA4B2B7
:108BA000844203DA011B01A804F090FB052101981F
:108BB00004F015FC014628B901A804F079FA1A203E
:108BC00003B0F0BD83790C33C2181720C85428466F
:108BD000A2F80170A2F80360EAF722FAF0E7012197
:108BE00010B5002204461920FFF70EFF014620B100
:108BF0002046BDE81040FFF75FBF10BD73B50E46BD
:108C0000002144890546033CA4B2A342009128BF39
:108C1000234603211B20FFF71BFF014670B10122F1
:108C200010F80F3CA0F8016062F3071300F80F3C46
:108C3000284602B0BDE87040FFF73EBF1A2002B0E0
:108C400070BD73B50E46002144890546033CA4B2AD
:108C5000A342009128BF234603211D20FFF7F8FE01
:108C6000014638B1A0F80160284602B0BDE8704066
:108C7000FFF722BF1A2002B070BD4B88042B07D12A
:108C8000836C08885B8998428CBF00200120704764
:108C90000020704710B50446806920B10021EAF732
:108CA000FBF80023A36110BD07B501A9EAF79AFA02
:108CB00030B9019B586AC0F3C02003B05DF804FBD3
:108CC0000020FAE7002008B5EAF70EFB08B9FF20FC
:108CD00006E0C37B012BF7D1436ADB06F4D50078AD
:108CE00008BD73B50E4601A91546EAF77BFA90B99F
:108CF000019A546A14F010030FD0C4F30034347096
:108D0000D37B5A1E042A02D8D81E18BF012028700F
:108D1000012002B070BD0020FBE71846F9E738B526
:108D2000436A04465B0705D5002300781A461946B6
:108D3000EBF766FC636A9D0706D52046EAF766FAFC
:108D4000636A23F002036362636A18070DD5214644
:108D5000E27911F8010BC2F3C002EBF7EFFB054615
:108D6000E8B9636A23F008036362204600F0FAF969
:108D70000546A0B9626AD10611D5D30404D52046B0
:108D8000FEF762FF40B11BE01206E37B09D4E37BF0
:108D9000626A023B012B15D9616A48071FD4284635
:108DA00038BD03F0FB03012BF6D021692078EBF7E7
:108DB000EBFB636A256123F0800363620028E6D041
:108DC0000546ECE7D305E7D561692078EBF7FAFBB8
:108DD00000236361636A23F480736362D2E7E37BF9
:108DE000A28D012B03D1A2B1802A28BF802211F0CD
:108DF000400F94F830304FF0010118BF0123207864
:108E0000EBF7FEFB0028DBD1636A23F00403636207
:108E1000C5E74022EBE7F7B50E4601A91546EAF78C
:108E2000E1F9F8B9019C2F689EB904F1100004F033
:108E30003FF9606A276140F080000023606210F013
:108E400010002B600ED0204603B0BDE8F040FFF7C5
:108E500066BF04F1140004F02BF9606A676140F406
:108E60008070EAE703B0F0BD37B50D460021044637
:108E700001915BB92046294601AAFFF7CCFF0446C1
:108E800001A804F015F9204603B030BD084604F0EF
:108E9000CDFB01900028EDD11A24F4E7002010B595
:108EA000EAF722FA044600B910BD636ADA060BD568
:108EB0005B0409D42046EAF7FFF8636A204643F0D2
:108EC00006036362FFF72BFF2046E9E790F839308D
:108ED00037B55B0704460D462AD4EAF7EDF86B1E5A
:108EE000042B14D8032D12D0E379142B22D0A369BC
:108EF0006BB96846FEF7CBFEE8F780F86946E9F7FC
:108F000041FF18B91A25284603B030BDA061636A35
:108F1000E57343F016036362E8F716F82046FFF79F
:108F2000FEFE05460028EED02046FFF7B3FEEAE736
:108F30000225E8E72125E6E707B501A9EAF752F996
:108F400030B90198C17B03B05DF804EBFFF7BEBFF9
:108F500003B05DF804FB37B50C4601A9EAF742F906
:108F600018B9052C019D02D9212003B030BD286914
:108F700004F00AF91F28F7D8686904F005F91F28DA
:108F8000F2D8012CF0D0231F012BEDD92146284621
:108F90006B6A23F482536B6203B0BDE83040FFF785
:108FA00095BF13B501A9EAF71DF978B9019C636A69
:108FB000204623F0500343F004036362FFF76AFE88
:108FC000204602B0BDE81040FFF7A9BE02B010BDB8
:108FD00037B5FFF777FEFF28044613D001A9EAF75B
:108FE00001F978B9019D6B6A284623F010036B6282
:108FF000FFF750FE204605F1340103B0BDE83040D4
:10900000E8F7A6BF03B030BD002337B580F8723053
:1090100040F6FF73A0F86E3083680446DA040D460C
:10902000C16010D443F480636A46A36040F2032118
:109030002046CDE9004503F070FF00212046E9F706
:109040002BFF03B030BD90F87600FFF775FFA368E3
:1090500023F48053E8E773B56E4604464A793046F8
:109060000D460631E8F70EF896E80300A4F8501014
:10907000090C11F0800FE06484F8521004F15303DE
:1090800012D00122184605F11201E7F7FBFF0C355B
:109090002846FFF7D7FA28B10122294604F15A00E1
:1090A000E7F7F0FF02B070BDB4F8501094F852200A
:1090B000C4F8530099809A71E9E71FB590F87420BD
:1090C000044602F0010301908DF808300BB102F064
:1090D00002038DF8093094F8753020468DF80A3077
:1090E000039101F0FAFB4FF4017101AA204603F04D
:1090F00014FF2046E9F75CFF04B010BD10B504462C
:10910000E7F77CFF2146BDE81040E9F73BBEE9F7F1
:109110009BBEFFF750BC0A460021EBF75DB8132257
:109120000121EBF759B8826838B5C2F380320446A2
:10913000B0F86E000D46EBF7F5F820B9A3681DB145
:1091400043F40053A36038BD23F40053FAE7837956
:109150001A0705D413F0100F0CBFFF200120704731
:10916000002070470020704710B5044660B1806C45
:1091700050B1EAF78DFCA06C0028FAD12046BDE87A
:1091800010400321E9F788BE10BD438907B58B4223
:109190000CD050F80C2B40F2014192F87020ADF841
:1091A00006308DF8042001AA03F0B7FE03B05DF885
:1091B00004FB436943F0040343617047436923F0B0
:1091C0000403436170474069C0F38000704747F271
:1091D000305300220068F8F7B9BA006803F02CBEDB
:1091E00038B5436904469B070D4603D540F2094153
:1091F000FFF7F3FFE9F732FF08B1A3691D702046BE
:10920000BDE8384040F20941FFF7E1BF07B5027CF5
:10921000012A09D00122027440F20942914206D08B
:1092200040F20A4291420ED003B05DF804FB4FF4C5
:10923000816150F80C3B01AA93F870308DF804302E
:1092400003F06BFEF0E750F80C3B01AA93F8703086
:109250008DF80430F4E738B522F000430D4611468E
:1092600040F20322934204461AD0B3F5017F09D29B
:1092700040F20122934213D040F20222934209D0DD
:10928000002038BD6FF481621344012BF8D8FFF73A
:10929000BDFFF5E700F020F92046FFF7C5F8EFE73E
:1092A00063699B0704D540F209412046FFF795FF0B
:1092B0002846FFF759FFE3E708B5E9F7AFFD00B12E
:1092C000806C08BD08B500B10068E9F7B5FD08B9C4
:1092D000034602E0836C002BF7D0184608BD10B59A
:1092E000044642F62A3000F03BFB031B584258412B
:1092F00010BD022806D142F62A330888C31A584204
:10930000584170470020704710B5044642F6293096
:1093100000F026FB031B5842584110BD90F8200076
:1093200000F0010070471FB504466846EAF7E0FC0C
:109330001022694604F1210003F0E5FAB0FA80F04A
:10934000400904B010BD08B5FFF7EDFFB0FA80F09A
:10935000400908BD70B5044600F1210591B92846C1
:10936000EAF7C6FC236893F97500E7F7D1F978B1FD
:1093700020682B46BDE8704010220D2190F9750041
:10938000FEF70CBC10220021284603F0E6FAE9E7BC
:1093900070BD38B50446002390F8202041FA03F050
:1093A000C50703D442FA03F0C0071ED40133082BCB
:1093B000F4D101F0010523682A4384F8202093F9B1
:1093C0007500E7F7A5F940B1234653F8200B0122B9
:1093D0000C2190F97500FEF7E1FB0DB9002038BDB6
:1093E00000212046FFF7B6FFF8E71320F7E768B142
:1093F0003F290AD800EBA10090F8310001F00301E9
:109400004900084100F0030070470020704710B584
:109410000368044693F97500E7F77AF950B12346DB
:10942000BDE8104053F8310B10220B2190F9750064
:10943000FEF7B4BB10BD10B590F87430DB0706D44E
:1094400090F97530013314BF0F20052010BD847CC6
:10945000EBF722FA844234BF0C200020F6E730B547
:10946000044685B06846EAF743FC1021684604F0DC
:10947000F2F82046EAF74EFE6B46C26804AD0632AB
:109480001C4603CCAC4210605160234602F1080236
:10949000F6D105B030BD08B5EAF73CFE08B1EAF7F1
:1094A0000DFEC0B208BD013810B580B2EAF732FE39
:1094B000044608B9002010BD408800F07CFB00285D
:1094C000F8D0207BF7E708B5EAF724FE18B1007A58
:1094D000C31F5842584108BD70B5054655F8213B99
:1094E000044693F97500E7F713F920B92846BDE85B
:1094F0007040EAF7FDBB234653F8310B10220B21D5
:1095000090F97500FEF778FB234653F8200B0122F3
:109510000C2190F97500FEF76FFB20682B46BDE823
:10952000704010220D2190F97500FEF765BB0130E7
:109530002DE9F04185B228460E46EAF7EBFD42F6EA
:109540000217044642F603089CB12046EAF7B6FD2E
:1095500078B1204600F03EFBB84205D10EB1238819
:109560003380607BBDE8F081204600F033FB40454E
:1095700002D14FF0FF30F5E70135ADB22846EAF7EA
:10958000C9FD0446E0E72DE9F04707460E46904640
:109590000D4642F6021942F6030A0135ADB22846DD
:1095A000EAF7B8FD044678B1EAF788FD60B12046D5
:1095B00000F010FB484505D1237A072B04D1032086
:1095C000BDE8F0875045E8D141463046FFF7AFFF90
:1095D000431C014604D03846BDE8F047FFF707BFFB
:1095E0000020EDE770B5054608461646EAF792FDFD
:1095F000044608B9012070BDEAF760FD0028F9D0E3
:10960000F00713D4B10734D4720702D5A3885B07DF
:1096100032D516F0060F31D116F40060EBD0A388D6
:1096200013F4006F14BF00200620E4E7A388DA07D4
:1096300043D513F0700F0AD1980610D45806E1D51F
:109640002B6893F975300133DCD10820D3E7286803
:10965000FFF7F1FEA388990608D50028CBD12A6828
:1096600092F874209207E9D40520C4E70028C2D1FB
:10967000E4E7A3889907C7D40320BCE7A38813F4C1
:10968000E06F09D198050FD45B05C5D52B6893F918
:1096900075300133C0D1D8E72868FFF7CCFEA38826
:1096A000990507D50028A6D12A6892F87420920758
:1096B000EAD4D9E700289ED1E6E702209BE738B537
:1096C00004460846EAF726FD054608B9012038BDDC
:1096D000EAF7F4FC0028F9D0AB8813F4E04F0CD182
:1096E000980412D413F48040F1D0236893F97500E4
:1096F000431C58425841C000E9E72068FFF79BFE31
:10970000AB88990408D50028E1D1226892F874202A
:109710009207E7D40520DAE70028D8D1E2E72DE95F
:10972000F0474FF00009044683F800900846A2F87D
:109730000090884616461D46EAF7ECFC074620B91D
:10974000012300202B70BDE8F08774B1EAF7B6FC66
:109750000028F5D04046FFF7D7FD30B1012385F84A
:10976000009004F120003380EDE72B463246394665
:109770002046BDE8F047EAF747BA2DE9FF41074622
:109780000846884616460393EAF7C4FC044638B9EF
:1097900003A803F08DFC0125284604B0BDE8F08144
:1097A0001FB1EAF78BFC0028F2D0237A072B05D8EB
:1097B000DFE803F017262F381C17172126BB039864
:1097C000002835D13246257A022D62D0032D64D08F
:1097D000012D3BD0002F7FD1002503A803F068FCAA
:1097E000DAE703A803F064FC0325D5E703A803F038
:1097F0005FFC0625D0E703A803F05AFC8025CBE7E1
:10980000E3685D88B54209DA03A803F051FC072537
:10981000C2E7E3689A88B242F6D35D88039840B9FC
:10982000024609E0022EEFDC039868B90246CAE757
:10983000354603F0A9FC82B29319AB42C3DD03A8FD
:1098400003F036FC0D25A7E70225F2E7E0680630B5
:1098500000230399304403F021FC002FBCD0237A6D
:10986000032B39D103A803F023FC00212046EAF79B
:109870000BFC68B30588617B3846FFF7B8FD012211
:10988000034629463846CDF80080FEF7DCFB00256C
:1098900082E7E068B3188380D9E7039B9A79D97986
:1098A000891AC9B2481E012810D8134402291A7B0C
:1098B00004BF5B7B42EA0322237B32EA03038CD1A1
:1098C00001233846617BEAF775F9C6E70D2584E781
:1098D00008F1FF35ADB2CEE7039B41460093384611
:1098E00033463A7FFEF795FBD1E7884270B50446D0
:1098F0000D46164611D8012838BF01242046EAF744
:1099000009FC10B14388B34208D00134A4B2204608
:10991000EAF7E4FB08B1A542F0D20024204670BD6E
:1099200070B50C4616461D460146B8B1B3B1022CBF
:1099300001D0102C12D1E0B2EAF722FB4FF6FF71F2
:109940008842024602D141F20A1070BD3046FFF74C
:10995000CCFF0028F7D028800020F6E72120F4E78C
:10996000002307B50122ADF80400ADF8063002214E
:109970000DF1060301A8FFF7D3FFBDF8060003B001
:109980005DF804FBF8B50F461646441CA4B2204609
:10999000EAF7C0FB10B9013CA0B2F8BD00F01AF91B
:1099A0000546304600F0F2F820B1284600F0EEF807
:1099B0000028F0D1304600F0E2F820B1284600F04F
:1099C000DEF80028E7D10134A4B22046EAF786FB8E
:1099D00008B1BC42DBD94FF6FF70DEE72DE9F04F4E
:1099E0009A4687B08B880D460C88814604A90220D0
:1099F000ADF810309046EAF7C3FAAB680090A8883B
:109A0000AF89059300F0BBF838B1102F05D105A838
:109A1000EAF79CFA022808BF02274FF6FF7B33E0E3
:109A20002046009AFFF761FF064680B3AA8869883E
:109A3000FFF7A8FF04463046FFF72DFD00B30DF1F8
:109A40000F03314648460DF11202FFF768FE9DF8FC
:109A50000F302BB1A8F80060184607B0BDE8F08FB2
:109A6000BDF81220BA420BD13A460599019302F093
:109A70004AFF019B20B9A8F80060AAF80040EBE774
:109A80005C4504D00134A4B26988A142C8D80A2335
:109A9000E2E708B5EAF73EFBBDE8084000F09AB8F7
:109AA00038B505460846EAF735FB044610B94FF6C7
:109AB000FF7038BD0DB96088FBE7EAF7FFFA0028B0
:109AC000F9D1F4E770B5044642F60520FFF748FFE8
:109AD000B0B10021FFF72BFD054601462046FFF7F8
:109AE00086FC06461022002104F1310002F035FF09
:109AF000324629462046BDE870400023EAF75AB8AE
:109B000070BD7FB504460D4610220021684602F064
:109B100024FF0026AB575A1C1BD031462046FFF7C6
:109B200066FC1946002BB8BFD91C04AA02EBA101A0
:109B300000F00302584200F0030003F0030358BF93
:109B400043425B0002FA03F311F8102C134301F8AF
:109B5000103C0136402EDDD16B4604F1310504AED8
:109B60001A4603CAB24228606960134605F1080527
:109B7000F6D1204604B0BDE87040FFF748BCA0F520
:109B8000205001288CBF00200120704742F60303BB
:109B9000C31A58425841704708B5030409D4EAF77C
:109BA000BBF9A0F5205080B201288CBF0020012015
:109BB00008BD0020FCE7020408B507D4EAF7ACF9B9
:109BC00042F60303C31A5842584108BD0020FCE77F
:109BD000C00B70470346B3F902304088002B01DB0D
:109BE000EAF79AB90020704708B5FFF7F3FFA0F530
:109BF000205080B201288CBF0020012008BD13B581
:109C00008B7904460B441B7B0A4613F0010001913B
:109C10000AD01D2B0AD101211E20FEF7F5FE0146B8
:109C20002046FEF749FF012002B010BD01A803F055
:109C30003FFAF8E710B504468069143003F038FAAB
:109C4000A069BDE81040183003F032BA2DE9F041A8
:109C50000F46144605461E46FFF7ECFF23463A46DC
:109C600008210020D5F8188003F0E0FCAA69C8F8A4
:109C70001400536923B1002054811682BDE8F0819D
:109C80001A20FBE770B50446084603F07DFAA16987
:109C900086B28A894D8912B1521B96420CDA6389C9
:109CA000581E80B225B90A78082A04BF043B98B22E
:109CB000831B5842584170BD0020FCE730B5044674
:109CC00054F80C0B8DB09DF8405090F8700042EAAB
:109CD00001428DF804001946029203A82A4607950E
:109CE00002F070FE40F20241204601AA03F015F98D
:109CF0000DB030BD10B550F80C4B86B094F87040E4
:109D0000ADF80E10ADF8102040F2064103AA019301
:109D10008DF80C40059303F000F910B901A803F089
:109D2000C7F906B010BD37B504460D46FFF782FFF0
:109D3000204640F20941FFF750FA00222046A3696D
:109D400040F207411A7050F80C3B6A4693F87030A5
:109D500001958DF8003003F0E0F803B030BD13B585
:109D600001910021044601F037FB04220023204624
:109D70000DEB0201FFF76AFF02B010BDF0B504461B
:109D80000F461E46154685B052B983691B78072BCE
:109D900030D0082B14BF15460925002E18BF0D25FD
:109DA0000A9803F0F1F9A3699A894AB15B8981B2F3
:109DB000D21A914204DD92B2891A0AA803F086FAF7
:109DC000204650F80C3B40F2054193F8703001AA50
:109DD0008DF804300A9BADF806708DF80850ADF888
:109DE0000A60039303F099F810B90AA803F060F928
:109DF00005B0F0BD0B25D0E7B0F80AC02DE9F04161
:109E0000ACF1020C9C4505460E4617461C4603DD88
:109E1000BDE8F04101F08DBA836922461981002323
:109E20003946FFF713FF044658B9AB69024631467D
:109E300028460E3301F096FA044610B12846FFF783
:109E4000F9FE2046BDE8F0812DE9F043202A8FB0CD
:109E5000054617461C4603910BD941F204142146CE
:109E60002846FFF760FF03A803F022F90FB0BDE812
:109E7000F083002B46D10846A2F1060803F084F9CE
:109E80004FF6FF765FFA88F81FFA80F94C4510D339
:109E9000AB69DA88B24239D942F60203ADF8143020
:109EA0000223711C0093284605AB89B201F0EAF940
:109EB00025E023463A46039906A803F0EFF8AB697C
:109EC000BDF818609A88B242C7D8DA88B242C4D3C3
:109ED000BDF81A10BDF81C20B8F1000F09D02846B3
:109EE000CDF800800DF11E033C44FFF7E7FEA4B25D
:109EF000CCE728469E8019815A8101F0DCF904469E
:109F00000028B0D041F20A139C42A8D10024A6E751
:109F10002DE9F0471C4696B0836901921B780646EE
:109F2000062B03D0102B60D001A81CE0012910469D
:109F300014BF4FF010084FF002080392002C4CD1D0
:109F400003F022F94FF6FF7508F1020987B2A74224
:109F50000ED8B369DA88AA4237D8002421463046A1
:109F6000FFF7E1FE03A803F0A3F816B0BDE8F08701
:109F700023464A46039904A803F090F8B369BDF854
:109F800010509A88AA422DD8DB88AB422AD39DF87C
:109F90001330282BE1D0B2465AF80C3B424693F8D6
:109FA00070300DF112010DA88DF83030ADF832503F
:109FB000CDF844804C4402F005FD40F20441504687
:109FC0000CAA02F0AAFFA4B2C1E7691C304689B20C
:109FD00001F028F904460028C4D041F20A139C423B
:109FE000BBD0BBE741F20414B8E70129104614BF07
:109FF00012270427049284BB03F0C6F842F6021825
:10A000004FF6FF7185B2A5420DD8B369DB888B424C
:10A0100021D901314FF6FF72304689B201F002F9C1
:10A020000446A0B119E023463A4604990CA803F06F
:10A0300035F8BDF83220BDF8301042459DF8333078
:10A0400007D1B269022330460A32FFF7D5FE04A8D1
:10A0500089E7282B06D141F20A1421463046FFF742
:10A0600062FEF4E73C44A4B2CDE7F0B5836987B063
:10A0700003911B780546022B144653D108460491E0
:10A08000002A47D103F080F84FF6FF7687B2A74247
:10A090000DD8A869C288B2422BD800242146284690
:10A0A000FFF741FE04A803F003F807B0F0BD042257
:10A0B0000499234605A802F0F1FFAA69BDF814101F
:10A0C0009088BDF81660814229D3D388994226D85A
:10A0D000864224D39E4222D85069927A83790434EE
:10A0E0000C330092034432462846FFF7E7FDA4B242
:10A0F000CDE743694089711C0190987989B20C3091
:10A100000344009328464FF4205301F09FF804467F
:10A110000028C7D041F20A139C42BFD1BDE741F2EB
:10A120000414BBE703A8BEE7F0B587B005461746A1
:10A130001C46039153B9FFF7A5FD38B10123224610
:10A140002846039900F084F807B0F0BDA9690B78A0
:10A15000082B05D8062B44D8032B0FD003A83DE0CD
:10A160000E2BFBD1039B0593002C6DD1002B6BD0E4
:10A17000224628460989FFF7BDFD59E0039805905E
:10A1800018B3ECB9102683794A890C330989034442
:10A1900000962846FFF792FDAB699988DA889142CC
:10A1A00017D242F60203ADF81030022301310093BA
:10A1B00028460DEB060389B201F064F8044660B14D
:10A1C00041F20A139C4204D101E0002CF8D141F283
:10A1D0001F0421462846FFF7A6FD05A802F068FFE8
:10A1E000B2E7039805907CBB70B302F0CDFF0FB3CC
:10A1F00086B2B7421ED2394605A803F089F938B9AC
:10A2000005A802F055FF1A212846FFF78CFD9BE7B1
:10A210008379F61BC218023391898371AB690022DE
:10A220005B89B6B200902846FFF7A8FDB742E2D995
:10A230002146E9E7AA69284653891189059A0092BF
:10A240000022FFF79BFDF3E705A802F031FFEFE7DF
:10A25000F0B585B006461F461446039132BB08464A
:10A2600002F092FF054608B3B1690B784A89082BC2
:10A270000BD8062B0BD9039B098930460093134654
:10A280002246FFF77BFD039401E00E2B19D0B16944
:10A290004B89EA1892B2B2F5007F4A8117D82FB1E4
:10A2A0003046098901F018F8044628B100222346F7
:10A2B00011463046FFF738FF03A802F0F9FE05B05B
:10A2C000F0BD3046039B0989FFF714FDDBE741F23F
:10A2D0000414EBE773B5836901911B780446082BDE
:10A2E00015460ED8062B0ED9019E20463146FFF7A3
:10A2F000C9FC2A46034631462046FFF7A9FF02B0B3
:10A3000070BD0E2BF0D001A802F0D2FEF7E730B5F9
:10A31000836987B003911B780546092B144611D138
:10A3200005915AB9134600910F222146FFF726FDE9
:10A3300021462846FFF7F7FC07B030BD05A802F01C
:10A34000B7FEF5E703A802F0B3FEF5E72DE9F04FFD
:10A3500087699FB003913F780546052F16461C4636
:10A3600004D8032F16D810D003A867E0082FFBD11C
:10A3700008461391002B00F0C28013A802F098FE4B
:10A3800021462846FFF7CFFC01E0FFF75DFD1FB037
:10A39000BDE8F08F202A0846049148D8002B40F0F1
:10A3A000A880571F02F0F0FE4FF6FF78FFB21FFAA9
:10A3B00080FA0DF11C0BA24506D8AB69DA8842453C
:10A3C00000F28780002434E02346324604990BA82B
:10A3D00002F064FEAB69BDF82C809A88424526D80D
:10A3E000DA88424523D35969F1B9A94659F80C1BBB
:10A3F000BDF82F2091F870109DF82E308DF84C107C
:10A40000ADF84E200DF131013A4615A88DF85030C7
:10A41000199702F0D7FA40F20341484613AA02F016
:10A420007CFD3444A4B2C6E75A89102A09D941F206
:10A43000041421462846FFF776FC04A802F038FEF3
:10A44000A5E70023584602F029FEAB690DF1310162
:10A45000102FCDE9051B93F80A902BD1B9F1020F0B
:10A4600034D105A8E9F772FD0228DAD14A46DDE9C0
:10A47000051002F048FA0028D3D12B4653F80C0BF4
:10A48000BDF82F1090F870009DF82E208DF84C002C
:10A49000ADF84E108DF8502059464A4615A8029343
:10A4A000CDF8649002F08EFA029B40F20341184608
:10A4B00013AAB4E7022F09D1B9F1100F06D106A8EB
:10A4C000E9F744FD0228ACD13A46D0E73A4658466F
:10A4D000CFE742F60303ADF84C30022308F1010147
:10A4E0000093284613AB89B200F0CCFE0446002846
:10A4F000A3D041F20A139C423FF464AF99E759B9E3
:10A5000000210023AA692846938153811181139960
:10A510003246FFF709FE3AE702F036FE16B180B286
:10A520008642EDD1139A9379D118023389899371B8
:10A53000E7E72DE9F0431C468FB0836903911B7850
:10A540000546012B17465BD10846059102F01CFE1B
:10A55000202F0BD941F2041421462846FFF7E3FBD4
:10A5600005A802F0A5FD0FB0BDE8F083002C42D194
:10A57000059802F009FE4FF6FF76A7F104081FFACE
:10A5800088F81FFA80F95FFA88F8A14505D8AB6909
:10A59000DA88B24220D80024DEE723463A460599FD
:10A5A00006A802F07BFDAB69BDF818109A88BDF8CB
:10A5B0001A609142CED3DB889942CBD89642C9D358
:10A5C0009E42C7D832462846CDF8008007AB3C44AF
:10A5D000FFF774FBA4B2D8E74FF42053ADF8103066
:10A5E0000223711C0093284604AB89B200F088FE58
:10A5F00004460028B4D041F20A139C42CBD0ABE70A
:10A6000003A8AEE783691B780A2B02D00F3B012B0E
:10A6100001D8FFF788BB7047F0B585B00193836917
:10A6200017461A7804460A3A0A9E072A42D8DFE8F3
:10A6300002F004413041410441290198039002F0A5
:10A64000A3FD85B203A802F033FD26B131462046B2
:10A65000FFF785FB0FE0A1697A194B8992B293420B
:10A660000BD90A8201F10E032046098900F07AFE17
:10A6700001460028EBD105B0F0BD0121204600F0D5
:10A68000ABFEF5E72EB91A8A0198BA420BD04FF407
:10A690008166019B03A8039302F00AFD3146204620
:10A6A000FFF741FBE7E7DA89596902F078FD0028F6
:10A6B000EDD1EEE701A802F0FBFCDCE738B58269DA
:10A6C000044613780D460D2B12D00F2B01D00A2B08
:10A6D00012D1536933B1997902F114000B44DD684A
:10A6E00002F0E6FC29462046BDE83840FFF78ABF65
:10A6F000BDE83840FFF717BB38BD07B5002300920F
:10A700001B22FFF73BFB03B05DF804FB07B5836931
:10A710005980009200231D22FFF730FB03B05DF843
:10A7200004FB4B88052B05D108880E288CBF002020
:10A730000120704700207047F8B505460F461646C1
:10A7400004210A22002002F007FF0246B8B18479F2
:10A7500005210C3403194FF0060C00209970D870B5
:10A7600002F804C013241C7102245F715870D87160
:10A770009C7128461E81BDE8F840E7F7B7BAF8BDDE
:10A7800073B50546104601920C4602F0FDFC04210B
:10A7900086B2019802F023FE024628B901A802F011
:10A7A00087FC1A2002B070BD837901900C33C11868
:10A7B0004C80C65221462846E7F798FA0020F1E778
:10A7C0002DE9F04106468846174604210A2200205A
:10A7D00002F0C2FE0246B8B1857900240C35431957
:10A7E000052106209970DC70505501201871022057
:10A7F0005C70987183F805803046DC711F81E7F743
:10A8000075FA2046BDE8F0811A20FBE7002070476A
:10A810000020704707B501A8019202F049FC03B07F
:10A820005DF804FB7047002070470F2070470F2031
:10A830007047704710B588B0E8F7F0FA0446002872
:10A8400047D090F87200022845D1A36813F4407FE6
:10A850002AD094F87330012B2FD194F97500E5F7C5
:10A8600057FF10B9A368DB0527D594F8743013F0AF
:10A87000010322D1CDE90133CDE90433CDE906331B
:10A88000ADF80C30A36813F4807F01AB0ED0A06A42
:10A89000E16A228E03C31A802046BDF8042004AB6F
:10A8A0000DF10601E9F70EFD08B010BD0A220221E4
:10A8B00094F97500FDF7A0F9EEE7002345F21702C1
:10A8C0001946204600F03CF9B0FA80F040094000FB
:10A8D000EAE72120E8E70220E6E738B545F21B0267
:10A8E0000C460B460021054600F02AF930B92CB180
:10A8F00021462846BDE83840EAF75AB838BD00F08E
:10A900004EB900F066BC00F06FBC10B504464C3088
:10A91000FDF76BF984F875002046BDE8104000F0A3
:10A9200033BC10B50446FDF737F902280DD194F871
:10A93000733094F97000012B14BF0521032184F8B2
:10A940003210BDE8104000F06CBCA36843F4007303
:10A95000A36010BD00F054B938B5037804463E2B0F
:10A960000D4604D18378052B02D0ED2B0FD038BDD6
:10A97000B0F80300E8F744FA20B1B4F80D10621DF6
:10A9800000F0A4F92846BDE8384002F091BBB0F8C9
:10A990000300E8F735FA0028F4D0B4F80D1004F1FC
:10A9A0000F03621D00F095F9ECE7CB0448BF41F4BA
:10A9B0008061C160704710B5044645F21A0102F08B
:10A9C0003BFA2046BDE8104047F23053002245F2E2
:10A9D0001A01F6F7BBBE10B50A460446082100204E
:10A9E00002F0BAFD10B1837903441C7310BD38B571
:10A9F00005460C460D201121FFF7EDFF024688B1F8
:10AA00002146837903440D3304F1100051F8044BBF
:10AA1000814243F8044BF9D12846BDE8384006216D
:10AA2000FFF7AEBE38BD38B505460C4604201121EF
:10AA3000FFF7D1FF024688B12146837903440D33E5
:10AA400004F1100051F8044B814243F8044BF9D152
:10AA50002846BDE838400621FFF792BE38BD38B51C
:10AA600005460C4603201121FFF7B5FF024688B1C9
:10AA70002146837903440D3304F1100051F8044B4F
:10AA8000814243F8044BF9D12846BDE838400621FD
:10AA9000FFF776BE38BD37B50022054608211046BF
:10AAA00002F05AFD0446C0B10C2301220DF107014A
:10AAB0008DF8073002F08DFD296C2022543120469C
:10AAC00002F087FD296C20227431204602F081FDBE
:10AAD000224606212846FFF753FE03B030BD08B5D5
:10AAE000D0B2E8F79BF928B190F8773003F07F03F4
:10AAF00080F87730012008BD70B50546EAF74AF8BE
:10AB00000C4606460A46284645F20101B0472B6C22
:10AB100003B11C60324628462346BDE870404FF41E
:10AB2000A041184770B51546044638B1EAF732F827
:10AB30002A4603462046BDE870401847022070BDF3
:10AB4000114608B51A4621F00041FFF7EBFFB0FAB5
:10AB500080F0400908BD10B4C4691CB95DF8044B0D
:10AB60000180704700235DF8044B1A46F9F717BEC1
:10AB700008B50B4601461846F7F70CF9003818BF20
:10AB8000012008BD10B50446006838B11A2102F052
:10AB900070FD206802F0A6FD0023236010BD30B5D3
:10ABA0008BB00D46002201A9EAF7A6F9044620BBA6
:10ABB00001460D220DF10B0001F0CFFEB5F8032088
:10ABC0006B79ADF8082006A9019A02A88DF80A3021
:10ABD000E9F7F8FF40F20343BDF81820002818BF3A
:10ABE0001C469DF81A30102102A82A80AB7002F092
:10ABF00040FD102106A802F03CFD20460BB030BD00
:10AC000010B50446E9F7A4FF04F13400FFF7BAFFDA
:10AC1000A3685A0606D523F0400300212046A3600E
:10AC2000E7F732F8236C63B1D3F89400F9F74EFAE2
:10AC30000421206C02F01DFD206C02F053FD002366
:10AC4000236410BDF7B50D4669461646EAF754F978
:10AC5000044698B929461022009801ABF9F795FAF5
:10AC600007461021284602F0F6FC2FB11021284695
:10AC700002F0FFFC40F2074406B13760204603B003
:10AC8000F0BD38B50446C51C03212846FFF770FF08
:10AC9000C8B9E27863797AB922791A43F4D003F01B
:10ACA0007F0343F0400363715323A3712146BDE842
:10ACB0003840FF20FFF773BFFF2AF0D122791A40F6
:10ACC000FF2AE1D0EBE740F2074038BD0021E6F76C
:10ACD000DBBFF8B51D46836804465B060F46164683
:10ACE0002DD41A2002F0FCFC0146606320B92046F6
:10ACF000BDE8F840E6F7C8BF034623F8027B326898
:10AD000005F11001C0F8022072685A602A46636B90
:10AD10000A3352F8040B8A4243F8040BF9D110218C
:10AD2000284602F0A6FCA36843F0400213F4407FDB
:10AD3000A26004D02046BDE8F840EAF7D7B9F8BDD4
:10AD40002DE9F0419CB0154608AA1C4606460B4664
:10AD50009046239F01F1200E9446186859680833E5
:10AD6000ACE8030073456246F6D12021404602F06C
:10AD700072FC10AB2A469C4605F1200E1D46106859
:10AD80005168083203C572452B46F7D16046202131
:10AD900002F061FC18AA9446229B03F1100E15469E
:10ADA00018685968083303C573452A46F7D16046C9
:10ADB000102102F050FC04AA2346154604F1100CA1
:10ADC000144618685968083303C463452246F7D10E
:10ADD0001021284602F03FFC6B465022414628468F
:10ADE000E9F7E8FF04461021284602F042FC502112
:10ADF000404602F03EFC34B108213046EAF776FACC
:10AE00001CB0BDE8F081039B38463B60042102F092
:10AE100022FC6846102102F02CFC224645F2140167
:10AE20003046FFF77FFEEBE72DE9F04796B01D4671
:10AE3000DDE9229705AB06460C469E46DDF890807C
:10AE400002F1100A9C46106851680832ACE8030011
:10AE500052456346F6D17046102102F0FCFB09AA68
:10AE60002B46944605F1100E1546186859680833AC
:10AE700003C573452A46F7D16046102102F0EBFB6B
:10AE80000DAA94461E9B03F1100E154618685968CA
:10AE9000083303C573452A46F7D16046102102F0F6
:10AEA000DAFB9DF87C30D9F800008DF844309DF82D
:10AEB000803006218DF845309DF8843012908DF851
:10AEC000463099F8063012A883F00803C3F3C00394
:10AED0008DF84730B9F80430ADF84C3002F0BBFBC8
:10AEE000BB79062183F00803C3F3C0038DF84E300D
:10AEF0003B680DF14F00CDF84F30BB8804F11007CF
:10AF0000ADF8533002F0A7FB01AA234615461446BC
:10AF100018685968083303C4BB422246F7D1102190
:10AF2000284602F098FB4346412205A92846E9F746
:10AF300041FF04461021284602F09BFB412105A851
:10AF400002F097FB34B108213046EAF7CFF916B08A
:10AF5000BDE8F0874046102102F07DFB224645F215
:10AF600013013046FFF7DEFDF1E72DE9F3411D4601
:10AF7000089B04468846164690F873705BB1102112
:10AF80001046FFF7F5FD30B10821204602B0BDE8BC
:10AF9000F041EAF7ABB9236C013EDA1C681E1333AB
:10AFA00012F8011F16F801CF9A4281EA0C0100F84D
:10AFB000011FF5D10023404601A90193E9F750FF95
:10AFC00048B10198F9F782F808212046EAF78EF98E
:10AFD00002B0BDE8F08129462846019AE9F7F2FD62
:10AFE0000028EED1022F0CBF0023062304F15902E2
:10AFF0002B4404F15F0012F8016F1978904281EA46
:10B00000060103F8011BF6D1022F14BF002306230B
:10B0100004F152022B4404F1580012F8016F197820
:10B02000904281EA060103F8011BF6D12946284621
:10B03000019AE9F7C7FD05460198002DC2D1F9F73D
:10B0400045F82A4645F210012046FFF76BFDBFE7A1
:10B050002DE9F04196B0154605AA1C4606460B465A
:10B0600090461D9F01F1200E9446186859680833D8
:10B07000ACE8030073456246F6D12021404602F059
:10B08000EAFA0DAB2A469C4605F1200E1D461068D3
:10B090005168083203C572452B46F7D1202160461E
:10B0A00002F0D9FAAEB3336C93F85D31013B022B59
:10B0B0002FD89DF8703043F0800301AA8DF85430EA
:10B0C0001546234604F1100C1446186859680833D5
:10B0D00003C463452246F7D11021284602F0BBFA8B
:10B0E0003B46412241462846E9F764FE04461021CA
:10B0F000284602F0BEFA4121404602F0BAFA54B1A5
:10B100001EB108213046EAF7F1F8204616B0BDE836
:10B11000F0810023D1E71021384602F09CFA002E7E
:10B12000F3D0224645F211013046FFF7FBFCECE775
:10B13000EBF7C2BEB1F5A04F70B504460D461646FA
:10B140000AD045F20603994216D0324629462046D7
:10B15000BDE87040EAF700BF836843F08003836076
:10B1600090F87330012B03D1BDE87040EAF714BDAD
:10B17000BDE87040EAF742BF93791344597C41F42B
:10B180009051E9F715FCE0E7002310B5036404468D
:10B1900090F97500431C13D0E5F78EFE082204F1E8
:10B1A0001003114694F97500FCF726FD94F913304D
:10B1B000012B07D194F8743043F0020384F8743003
:10B1C000002010BD022BFBD194F8743043F00A0329
:10B1D000F4E74B88062B05D1088841288CBF002056
:10B1E000012070470020704707B58B790A460B4451
:10B1F0000191197C4B1E0D2B04D801F5A0410131A2
:10B20000FFF790FC01A801F053FF03B05DF804FBC9
:10B2100008B5D8F7D1FD002814BF1420002008BDC0
:10B220007047704770B504460E461546052100224A
:10B230000420FDF7E9FB014618B1A0F80160A0F871
:10B2400003502046BDE87040FDF736BCF7B51D46FB
:10B250000023044600930F46164607210620BDF83A
:10B260002430089AFDF7F4FB014628B1A0F80170DC
:10B27000A0F80360A0F80550204603B0BDE8F040F8
:10B28000FDF71ABC73B515461A4600230446009311
:10B290000E46082005219DF81830FDF7D9FB014620
:10B2A00018B1A0F80160A0F80350204602B0BDE834
:10B2B0007040FDF701BC38B5002204460D460A2057
:10B2C0000321FDF7A1FB014608B1A0F8015020467B
:10B2D000BDE83840FDF7F0BB70B504460E46154694
:10B2E000052100220C20FDF78FFB014618B1A0F8C4
:10B2F0000160A0F803502046BDE87040FDF7DCBBBC
:10B3000073B515461A460023044600930E461020D6
:10B3100005219DF81830FDF79BFB014618B1A0F8F8
:10B320000160A0F80350204602B0BDE87040FDF770
:10B33000C3BB73B50E46002144890546033CA4B245
:10B34000A342009128BF234603211220FDF780FB72
:10B35000014608B1A0F80160284602B0BDE870407F
:10B36000FDF7AABB2DE9F3410546984683690F46D0
:10B370005869164601F008FF6C8980B2053CA4B2FA
:10B38000844228BF0446A8692146143002F0C0F860
:10B39000009048B105220821002002F0DDF801905C
:10B3A00030B9684601F084FE1A2002B0BDE8F08191
:10B3B000009901A801F04AFF1620019A93790C33F5
:10B3C000D118D054A8F800402846A1F80170A1F87F
:10B3D0000360FDF771FBE8E738B5002204460D462F
:10B3E00018200221FDF710FB014600B145702046F0
:10B3F000BDE83840FDF760BB70B5857904460C3573
:10B40000461901F0C1FE625D431E013A9BB21C2A3F
:10B4100010D8DFE802F0110F160F180F290F2F0FA9
:10B42000400F400F400F330F250F0F0F390F250F1F
:10B430003E0F3E00002070BD042B14BF01200320EE
:10B44000F9E7022BF9E743B37278022A0AD0012AFE
:10B4500023D10222013B0232B3FBF2F102FB113392
:10B46000002BEAE71022F5E713F0030F14BF0120C9
:10B470000320E0E78BB17278013BEDE76BB17278A6
:10B48000032A0AD9013BE7E7042B34BF012003203C
:10B49000D1E7022BF9E70320CDE70120CBE7436991
:10B4A000406CDA1C1438B2FBF0F203EBC203CA1D85
:10B4B0000333B2FBF0F2B3FBF0F30132023301EBE2
:10B4C000C20100FB0310704738B5446905462146A8
:10B4D000FFF7E5FF6A6CE31D143AB3FBF2F30133A7
:10B4E00004EBC304204438BD73B506460D46002462
:10B4F000F36B012201A928195B699847019B01336D
:10B5000009D10434736C62195B426A401A42EFD06D
:10B51000204602B070BD0024FAE770B505460C461F
:10B52000D8F774FFEB6B2046DB68BDE87040184726
:10B5300070B5002586B004460562E369AB4202D8C7
:10B54000206A06B070BD666C0522206801A9E36B15
:10B5500006FB05005B69984701A800F010FC00F0AD
:10B5600033FC10B1236A013323620135E5E738B5B6
:10B570000446456C006804F1400305FB0101E06BE3
:10B5800000F02FFC05462046FFF7D2FF284638BDC5
:10B59000F0B5054687B00026EC69013CB44203D8FB
:10B5A0000C46204607B0F0BD01B14C1E6F6C052261
:10B5B000286801A9EB6B07FB04005B69984701A8A9
:10B5C00000F0DDFB00F000FC0028EAD10136214646
:10B5D000E2E7F0B5044687B0466C0D4600680522E8
:10B5E000E36B01A906FB05005B69984701A800F021
:10B5F000C6FB00F0E9FB20B101A800F097FB07B003
:10B60000F0BD29462046FFF7C3FF676C0646E36B93
:10B61000206805225B6901A907FB0600984701A87D
:10B6200000F084FB431CEAD0B54238BF0130E6E7A6
:10B630002DE9F043D0F824804FF6FF7987B0044617
:10B640000E46C84514BF454600250027E369BB42A6
:10B6500002D807B0BDE8F083E26B01A92368606CF3
:10B66000D2F814C0052200FB0530E04701A800F025
:10B6700086FB022806D0C8450CD1721C29462046FC
:10B68000FFF775FF0135E3690137B5FBF3F203FB03
:10B690001255DBE729462046FFF79BFFB0F1FF3F3D
:10B6A00014BF024632460132E8E70368F0B5CC1A0F
:10B6B000436C87B006460025B4FBF3F4F3693768A2
:10B6C0005A1E706C954208D3706C336800FB0430CE
:10B6D00007B0BDE8F04000F082BB013401A9B4FB23
:10B6E000F3F203FB1244F36B05225B6900FB047069
:10B6F000984701A800F043FB00F066FB0028E3D167
:10B700000135DBE710B423F003049B07436C2244AC
:10B71000C3F100030A4418BF043282EA0104234241
:10B7200003D05DF8044BFFF7C0BF10465DF8044B33
:10B7300070472DE9F041D0E90A3686B004469E42B2
:10B7400028D1C3691422456802FB1355284606B068
:10B75000BDE8F081206801A9676C331AE26BB3FB86
:10B76000F7F3D2F8148007FB03000522C04701A8B5
:10B7700000F005FB012804D0636C1D44013B3340FD
:10B78000ED1A31462046FFF790FF0646A36AB34202
:10B79000E0D1DBE70025F9E7F0B5002587B00446E6
:10B7A0002E46E369B34202D8284607B0F0BD636C69
:10B7B0000522276801A903FB0677E36B38465B691E
:10B7C000984701A800F0DBFA00F0FEFA58B13846BD
:10B7D00000F005FB01462046FFF786FE636C143B34
:10B7E000834208BF01350136DBE708B50830134650
:10B7F000D1E90012EEF7A4F8012008BD13B50C46FC
:10B80000002121760093134661682246ECF722FE60
:10B8100018B1E37D03B1A07EA075A07D02B010BD7C
:10B8200073B500F1080516460C460DF107020968CC
:10B83000284600F0A1F9032E06D16368834203D1A4
:10B840002168284600F07FF9012002B070BDD01EAB
:10B85000009B42424241187E824211D11A688A42BC
:10B860000ED85A688A420BD35A6901325A61D3E919
:10B87000030282423FBF986840F8221001321A61E9
:10B8800001207047032A10B5029C07D1A26A5340D9
:10B89000626C5242134201D100F055F9012010BDF3
:10B8A00008B5C36800209847BDE80840D8F7B6BD82
:10B8B000012870B514BF04200220002442431C70EC
:10B8C000CC7D101D02F002024CB91AB1012220F009
:10B8D00003001A7000F108034868184470BD1AB1DB
:10B8E000012220F003001A700C7E002301F12005D4
:10B8F000DAB2944201D80020F0E735F833205E1C1C
:10B90000824206D901EBC30300F10802D869104452
:10B91000E4E7801A3346EBE773B590F842600546DA
:10B920001C460DF103033046FFF7C2FFEB6B012EFF
:10B930005B690DD1324601A998479DF8033013B1D8
:10B94000BDF806300193BDF80430236002B070BD2D
:10B950000122214602B0BDE870401847F0B5054607
:10B96000002487B04868EB6B27460E4601225B69CE
:10B9700002A908300294984795F84230012B40F014
:10B980008480632C02D9029807B0F0BD612C08D8DE
:10B9900005AB224631462846FFF7BEFF9DF814301E
:10B9A0001BB305AB2246314628468DF81070FFF7D1
:10B9B000B3FF95F84230012B059B55D14FF6FF722E
:10B9C000934200F09680082205A904A800F05EF9D1
:10B9D000059B9DF81010C3F30722914240F0898027
:10B9E000DBB2029A1A44029283E095F84230012BAE
:10B9F00030D103AB224631462846FFF78DFF04AB1A
:10BA0000621C31462846FFF787FF05ABA21C314672
:10BA10002846FFF781FF102208230DF107000DEBE8
:10BA200002018DF8073000F031F9102205A90DF15F
:10BA3000070000F02BF9039BDAB2002A52D19DF8DF
:10BA40000720B2EB132F4DD1DDE9043203EB0243A3
:10BA5000029347E0302C2BD944E09DF80720B2EB4D
:10BA6000134F3FD1049BF3E7013342D0102205A9C5
:10BA70000DEB020000F00AF9059B9DF81010C3F3CE
:10BA80000742914235D19BB2ABE7312C3FF67BAFF9
:10BA900087D005AB224631462846FFF73DFFBDF86B
:10BAA0001430002B7FF47DAF95F84230012BA0D0ED
:10BAB00003AB224631462846FFF72EFF04AB621C3B
:10BAC00031462846FFF728FF102320220DF10700FA
:10BAD0000DEB03018DF8073000F0D8F8039B9AB204
:10BAE000002ABAD095F84230012B14BF012302235B
:10BAF0001C44013440E713B500240194049C0094D5
:10BB0000EDF73CF802B010BD13B501240194049C7C
:10BB10000094EDF733F802B010BD30B5002344684F
:10BB20004FF0FF329C4202D10023037230BD016806
:10BB300001EBC30541F8332001336A60F2E7C0E945
:10BB40000012FFF7EABFF0B5002345689D4210D010
:10BB50000468DF0054F8332004EBC306B2F1FF3F62
:10BB600008D0C2F31302914204D14FF0FF33E351E6
:10BB70007360F0BD0133E9E7F0B5002345689D42ED
:10BB800002D14FF0FF300EE00468DE0054F833407D
:10BB9000671C09D0C4F31307B94205D1240D1470F2
:10BBA000036833445868F0BD0133E8E713B5002358
:10BBB000044601461B220DF107008DF8073000F006
:10BBC00065F822689DF80730B3EBD26F0CBF0120F7
:10BBD000002002B010BD13B5002304460146202208
:10BBE0000DF107008DF8073000F050F80DF1070057
:10BBF0001A22211D00F04AF862689DF80730B3EB65
:10BC0000926F0CBF0120002002B010BD0068431CE1
:10BC1000584258417047006810F07E0F0CBFC0F3C7
:10BC2000C160002070470068C0F3D31070470068FF
:10BC300000F07F0001288CBF0020012070470368BE
:10BC400013F07E0F14BF042008207047036813F020
:10BC50007E0F03D1406820F07C40704713F07800DD
:10BC60001CBF03F07F03D81F7047006800F07F00FF
:10BC70007047032809D0022803D1C1F10201C8B2DC
:10BC8000704700290CBF0720002070471F2A0B684F
:10BC90009EBF4FF0FF3191408B43590801F0553161
:10BCA0005B1A03F033319B0803F033330B44017804
:10BCB00003EB13130A444FF0013103F00F334B43EE
:10BCC000A2EB13620270704737B501F10C04054610
:10BCD00043696946012220469847BDF80030012299
:10BCE00001A901932046AB69984703B030BD37B531
:10BCF00001F10C0443690122694605462046984734
:10BD0000009B4FF6FF7299B291420DD11B0C01229C
:10BD100001A920461B0443F4254343F0A5030193E6
:10BD2000AB69984703B030BD0020FBE737B5044648
:10BD300000251B22011D0DF107008DF80750FFF7AC
:10BD4000A5FF60689DF80720B2EBD06F03D120F00B
:10BD5000784003B030BD0DF107001B2204F108014B
:10BD60008DF80750FFF792FFA0689DF80730B3EBFE
:10BD7000D06F01D1C043EAE74FF0FF30E9E7036835
:10BD80004BF29A22B2EB134F10B5044613D19BB27B
:10BD9000012B13D1FFF7CAFF01300CD0E0684FF63A
:10BDA000FF72B2EB104F4FEA104309D180B2C01AB4
:10BDB00018BF012010BD2368013303D00420F9E728
:10BDC0000220F7E70320F5E701288CBF00200120BF
:10BDD0007047033801288CBF0020012070471430C1
:10BDE00070472DE9F04105469846036908460E461E
:10BDF00017469847044638B943463A4631462846DE
:10BE0000EDF77AFE044618B131462846FFF75CFF8D
:10BE10002046BDE8F08102207047002070470120D5
:10BE200070470020704700207047704737B50446C0
:10BE30000D4601A8EFF70CFF01A8FFF7F6FF20461B
:10BE400001A98DF80650EDF757FF03B030BD084645
:10BE50001146012200F021B800F0D7BA00F0DEBA96
:10BE600000F065B87047431E012B03D9031F5842E9
:10BE7000584170470120704700F0BCBB4FF4C472BA
:10BE8000002100F06ABD10B50446002100F05EF804
:10BE90002046BDE81040EFF729BE10B50C4611460C
:10BEA000EEF788FFF0F7A8F8012801D1002010BDB7
:10BEB000002CF7D10420FAE7EFF7DEB9EFF7E2B98B
:10BEC000408B70470A7838B505461046FFF7CBFF20
:10BED00060B14C782046FFF7C6FF38B122435307C4
:10BEE00004D42846BDE83840EFF7ECB9012038BD4E
:10BEF000FFF7E8BF10B504460878FFF7B4FF58B164
:10BF00004A781046FFF7AFFF30B1042A04D020462C
:10BF1000BDE81040EFF70CBA012010BDFFF7EABFF3
:10BF2000EEF7C8BE0846F0F77FBBEFF773B870B501
:10BF300004460D461646EEF7F3F830B93246294668
:10BF40002046BDE87040F3F721BC70BDF0F72EB875
:10BF500038B5044600200D4600F04EFBD4F8D4302E
:10BF60002BB929462046BDE83840EFF7B3BA022086
:10BF700038BD38B5044648880D4600F03DFBD4F87E
:10BF8000D4302BB929462046BDE83840EFF706BA31
:10BF9000022038BD00F032BB00F080B9F1F73ABAA8
:10BFA00038B505460C46F6F7A6FA6B6B1C402B6BB2
:10BFB00023432B63F6F7A3FA211E18BF01210020AB
:10BFC000490238BD00F0F6B9EEF788BF00F0A5B918
:10BFD00000F0C4B908461146F0F79CBDEFF7E0BB8E
:10BFE00000F070B938B50446154609B100F0D4F92F
:10BFF00015B12046EFF7C2FC002038BD0846F1F726
:10C00000E5BA10B5044600F08BF820B92046BDE82B
:10C010001040EEF765BA10BD00F027BBF1F7F4BC95
:10C020002DE9FF41984604460E461746F6F76AFA90
:10C0300005462046FFF7E5FF0A9B3A460293002398
:10C040003146CDE900832046EEF798FA04462846AB
:10C05000F6F75EFA204604B0BDE8F08138B5044634
:10C06000F6F750FA05462046FFF7CBFF2046EEF7DD
:10C0700063FA04462846F6F74BFAB4FA84F040090E
:10C0800038BD38B50446F6F73DFA05462046FFF7B9
:10C09000B8FF204600F053F804462846F6F738FA71
:10C0A000204638BD38B50446F6F72CFA054620463A
:10C0B000FFF7A7FF204600F048F804462846F6F7A9
:10C0C00027FA204638BD70B504460E46F6F71AFA30
:10C0D00005462046FFF795FF31462046EEF79CFACD
:10C0E00004462846F6F714FA204670BD134607B5F5
:10C0F00000228DF807100DF10700194600F047FAED
:10C1000003B05DF804FB084611461A4600F03FBA3A
:10C11000002070470120704700F0D4B9002070471C
:10C12000EEF718B910B5F6F7EDF9044600F015F87A
:10C13000EEF736F92046BDE81040F6F7E9B90246B9
:10C1400008B5EEF707F9507D08BD024608B5EEF7D1
:10C1500001F9507D80F0010008BD00F086BAEFF7CC
:10C1600007B800F071B8437C03B10847022070475C
:10C1700010B50446F0F7A8F82046BDE810400321AA
:10C18000EEF7F2BDFFF7F4BF437C0BB1F0F778B8E0
:10C1900002207047437C0BB100F070B90220704759
:10C1A00038B5447C0D46BCB1053C012C8CBF002445
:10C1B00001244968224600F063F9286890FAA0F04B
:10C1C000000AF1F7C3FFA97A2889224681F001010C
:10C1D000F0F7B4F8002038BD0220FCE71FB5ADF839
:10C1E00008309DF81830CDE9001269468DF80A3004
:10C1F000FFF7D6FF05B05DF804FB30B4BDF8104082
:10C200009DF81450CDE9044530BCF0F7C9B80020C2
:10C210007047002070477047836B03F06003402B2A
:10C220000DD0602B03D0203B58425841704749B194
:10C230000B68012B06D9486940F00100704740F2B5
:10C2400001107047002070470220F1F7C7BBD0F8FB
:10C25000C8304BB11A68022A06D993F8250028B1D4
:10C260001B6AB3FBF0F07047FFF726BE7047D0F8AB
:10C27000C8207AB11368022B0CD9536A13F47F4F8C
:10C28000C3F3072106D0126ADBB253438B42B3FBE0
:10C29000F1F201D2FFF712BE104670470346D0F804
:10C2A00010010860B3F8143100208B80704790F8BB
:10C2B00010310C2B14BFC07DFF2070474FF48071EC
:10C2C000F4F73ABAF8B506460D468F88EEF7E0FF68
:10C2D000767C0446053EF6B2012E01468CBF002056
:10C2E0000120F2F7C3FEFB00012E98BF0333184470
:10C2F0000323AB717CB1B0F5803F0CD84FF22442E0
:10C30000630902FB00332409B3FBF4F300202A681D
:10C31000D21A2A60F8BD0220FCE73F2B084610B570
:10C32000114619D9B3FA83F3C3F11902D2B2062A1E
:10C3300001D8192B0ED0062A28BF06220124931DEE
:10C34000DBB29C40A4B2A14228BF2146F0F7D8F945
:10C35000204610BD0022F1E70024F9E713880846C3
:10C360003F2B10B516D9B3FA83F3C3F11901C9B243
:10C37000062901D8192B0BD0062928BF0621012335
:10C380008C1DE4B2A3401380F0F7DAF9002010BD51
:10C390000021F4E70120FAE7EEF7DEBB10B5144602
:10C3A00008460121F1F778FD2046BDE81040012143
:10C3B000F1F772BD38B50D46EFF71EFE01280446B1
:10C3C00009D12846D8F796FC054610B9D8F7D0FC15
:10C3D0002C46204638BD0224FBE7F8B504460E463D
:10C3E0001746F6F788F83A4605463146204600F0EB
:10C3F000E9F904462846F6F782F82046F8BD0220FF
:10C40000704703207047F1F7E1BA10B5EFF7A0FCD1
:10C41000044608B9F3F7A4F9204610BD38B5044620
:10C420001D46EFF795FC28B929462046BDE838405F
:10C43000F3F77EBA38BD70478021F4F77DB938B57F
:10C440000546EEF7ABFC04462846EEF785FC0728C8
:10C4500011D1D5F8C43024F47F41DB6921F0080103
:10C4600003B15B7841EA032141F020012846BDE891
:10C470003840EEF799BC24F02001F7E7032070471D
:10C48000D0F8203170B58B4204460D46164603D1D4
:10C4900090F81C31202B0ED0324629462046EFF76B
:10C4A00027FE202384F81C310023C4F82051C4F84F
:10C4B0002431EFF741F9324629462046BDE8704065
:10C4C000EFF750BE0120704738B5054610460C46C0
:10C4D000F0F73EF8D5B1D5F8C430BBB15B69ABB16C
:10C4E000421ED2B2FD2A13D90A68013204BF6FF08E
:10C4F00001020A600A68FF281A6007D162680132E7
:10C5000002D16FF00102626062685A60002038BD9B
:10C510000128F2E72DE9F74F01251C469DF8303040
:10C52000064601930368174603F0070306339D4050
:10C5300005F1FF380B46A1B1416804EA080BA5EBF1
:10C540000B0A41F00059524509EB0B0114D9524630
:10C55000184600F037FA49467A1B5A44504400F016
:10C5600031FA019B2BB13C4448EA050804EA08046F
:10C57000F46003B0BDE8F08F1846F0E737B500254A
:10C5800014460095FFF7C6FF204603B030BD70B5D6
:10C590000E461546044608B9002070BD0378042BEA
:10C5A00018D02078F0F79EFCB0B923780C2BF3D18B
:10C5B0000EB1FF233370CDB1FF232B7016E020782E
:10C5C0000130C0B203282070EBD8F0F78BFC0028B4
:10C5D000F5D0E6E70020F5E71EB12078F0F7E0FCA3
:10C5E00030701DB1207800F036F828700120D4E7B3
:10C5F000EFF7B2BC00207047002070470020704762
:10C60000704730B549000446056812B102291FD9A8
:10C610000339C90395B9E1B1B1FA81F3C3F120033C
:10C62000C3F10F00012838BF012003F01F03D940D8
:10C63000A94201D901384908216030BDB5FA85F316
:10C6400039B1B1FA81F29B1A002BE9DC0F20EFE738
:10C6500000210F20F0E7012805D9023818BF4FF05C
:10C66000FF30C0B270470120704708B5F1F7F6F906
:10C67000BDE80840F1F71ABA38B50446FFF7F5FFF0
:10C680000546FFF7F2FF431BA342FAD338BD38B586
:10C690000D460446F1F7E2F935B1844200D901397B
:10C6A000204601F0030138BD844238BF0131F7E76D
:10C6B00008B50121FFF7EBFFBDE80840F1F7F6B937
:10C6C0000B0CB3F5384FF7B506460D468FB216D0B2
:10C6D0004BF60102934214D04BF60202934212D061
:10C6E000B3F5304F14BF04240324D6F8C4300BB183
:10C6F000196851B9D6F8C0309BB928680FE00024FA
:10C70000F3E70124F1E70224EFE7234668463A46BF
:10C71000F1F710FA9DF804300098002BEAD103B02D
:10C72000F0BD19680029E8D0234668463A46F1F77B
:10C7300001FA9DF804300098002BDED1EFE7D7F71F
:10C7400099BA00F03003202B10B513D110F4E02F6C
:10C75000C0F302440AD0C0F3C423B3FBF4F410F4D2
:10C76000C01F18BF6400052C0ED86408F1F75EFCEA
:10C77000604310BD6FF01204C0F382131C4104F03B
:10C780000104C4F10204F1E70424EFE708B51C201A
:10C79000D8F75EF84FF0B042936813F0080F4FF0EF
:10C7A000010302BF9268C2F303129340B0FBF3F09F
:10C7B00008BD4FF0384359699A6903F500530A40A0
:10C7C0005A617047F7B505460F4668461146F1F7BE
:10C7D00005FD064698B197B1DDE900311B0A43EA31
:10C7E0000163A5FB0343090A05FB0135FFF7A7FF1A
:10C7F0000023024629462046F3F7A8FF386030465A
:10C8000003B0F0BD03207047F3F71CBBF3F71ABB6E
:10C81000F3F718BBF3F716BBF3F714BB00228A42F9
:10C8200002D14FF0FF30704750F8223093FAA3F353
:10C830000BB90132F3E7B3FA83F000EB4210704713
:10C84000002070472DE9F843074688461446002625
:10C85000D4E90195B9F1010905D52468002CF7D177
:10C860003046BDE8F883AB89012B07D9B5F90E3006
:10C87000013303D029463846C04706436835E9E707
:10C8800010B50C46B1F90E10F4F786FA0028ABBFCC
:10C89000636DA3891B1823F48053ACBF6365A38128
:10C8A00010BD2DE9F0411F468B8905460C46DB057E
:10C8B000164605D502230022B1F90E10F4F75AFAF4
:10C8C000A3893246B4F90E10284623F48053A3817D
:10C8D0003B46BDE8F041F4F771BA10B50C46B1F92A
:10C8E0000E10F4F747FA431CA38915BF606523F4C3
:10C8F000805343F48053A38118BFA38110BDB1F9C5
:10C900000E10F4F727BA0139024410B5904201D154
:10C91000002005E0037811F8014FA34201D0181B55
:10C9200010BD0130F2E7884210B501EB020402D9D4
:10C930008442234607D8431EA14208D011F8012B98
:10C9400003F8012FF8E7024401468A4200D110BDE6
:10C9500013F8014D02F8014DF7E7024403469342F4
:10C9600000D1704703F8011BF9E7024610B51478AF
:10C9700013460132002CFAD1013B11F8012B03F8C8
:10C98000012F002AF9D110BD0139034610B532B18B
:10C9900011F8014F013A03F8014B002CF7D11A446A
:10C9A0000021934200D110BD03F8011BF9E7704745
:10C9B00070477047034611F8012B03F8012B002A3A
:10C9C000F9D170470A44431E914200D1704710B517
:10C9D00011F8014B914203F8014FF9D110BD034604
:10C9E00013F8012B002AFBD1181A013870479368FD
:10C9F000013B002B936010B408DA9469A34201DB79
:10CA00000A2903D15DF8044B00F098B91368581C4B
:10CA10001060084619705DF8044B7047F8B506467B
:10CA20000F461446D518AC4201D1002007E03A4623
:10CA300014F8011B3046FFF7DAFF431CF3D1F8BDB1
:10CA40002DE9F047164698468A6807460B690C465A
:10CA5000DDF820909342B8BF1346336091F843202D
:10CA60000AB1013333602368990642BF3368023349
:10CA70003360256815F0060506D104F1190AE3684C
:10CA800032689B1AAB422BDC94F843302268003B9F
:10CA900018BF0123920630D404F1430241463846C0
:10CAA000C847013023D023681A3454F80A2C03F005
:10CAB0000603042B0ABF54F80E5C002533684FF0C0
:10CAC000000608BFED1A54F8123C08BF25EAE575C8
:10CAD0009342C4BF9B1AED18B5421AD1002008E05A
:10CAE0000123524641463846C847013003D14FF032
:10CAF000FF30BDE8F0870135C1E7E1185A1C30204E
:10CB00000233224481F8430094F8451082F8431020
:10CB1000C2E70123224641463846C8470130E6D0E5
:10CB20000136D9E7B1F90C202DE9F0411707054688
:10CB30000C4656D44B68002B02DC0B6C002B3DDD01
:10CB4000E66A002E3AD0002312F480522F68216A40
:10CB50002B6025D0626DA389580705D56368D21A6A
:10CB6000636B0BB1236CD21A216A0023E66A284654
:10CB7000B047411C24D00023636023692360A3894C
:10CB8000DA0400D56065616B2F60B9B104F144032C
:10CB9000994202D02846F6F72BFF002363630DE08D
:10CBA00001232846B047461C0246D4D12B68002BEF
:10CBB000D1D01D2B01D0162B2AD12F6000202EE0C2
:10CBC0002A68B4F90C3042B11D2A01D0162A21D1AD
:10CBD0000023636023692360D5E7626022692260D5
:10CBE000CEE70F69002FE9D093070E680F600CBFE6
:10CBF0004B690023A6EB07088B60B8F1000FDDDD61
:10CC000043463A46216A2846A66AB047002808DC0F
:10CC1000B4F90C3043F040034FF0FF30A381BDE87E
:10CC2000F0810744A8EB0008E7E738B50B69054633
:10CC30000C4613B90025284638BD18B1036A0BB954
:10CC4000F3F7B2FFB4F90C30002BF3D0626ED007CB
:10CC500004D4990502D4A06DFFF7AAFE2846214608
:10CC6000FFF760FF636E0546DA07E4D4A3899B05EE
:10CC7000E1D4A06DFFF79DFEDDE770B50C46B1F97C
:10CC80000E1096B0154600291E460CDAA389002125
:10CC900013F0800F14BF40234FF4806300203160F5
:10CCA0002B6016B070BD6A46F4F760FB0028EDDB20
:10CCB000019901F47041A1F50053594259414FF4D3
:10CCC0008063EBE78B89F7B59D0706460C4607D5D1
:10CCD00004F14703236023610123636103B0F0BDC6
:10CCE00001AB6A46FFF7C9FF009F0546304639464B
:10CCF000F6F77BFE48B9B4F90C309A05EED423F070
:10CD0000030343F00203A381E2E7A389206043F019
:10CD10008003A381019BC4E904075BB1B4F90E1041
:10CD20003046F4F735FB28B1A38923F0030343F021
:10CD30000103A381A3891D43A581CFE7F8B50E4662
:10CD40001446054618B1036A0BB9F3F72DFFA36922
:10CD5000A360A3891A0701D5236943B92146284650
:10CD6000F4F7AEFA18B14FF0FF373846F8BD236834
:10CD7000F6B222693746981A6369834205DC214678
:10CD80002846FFF752FF0028EDD1A368013BA360BE
:10CD900023685A1C22601E70431C62699A4204D0A8
:10CDA000A389DB07E1D50A2EDFD121462846FFF70C
:10CDB0003CFF0028D9D0D6E7C9B20346024410B5DB
:10CDC0009342184601D1002003E0047801338C42DD
:10CDD000F6D110BD430803F05533C01A00F03333C9
:10CDE000800800F0333018444FF0013300EB10108E
:10CDF00000F00F305843000E704710B5044688B15C
:10CE0000836A016A7BB180689847002394F8240004
:10CE100023621028636005D82146F4F7D5FD11235D
:10CE200084F8243010BD0029EFD08368002BECDBA0
:10CE3000084600F057FCE8E7002307B51A460191C1
:10CE400001A9F4F713FC03B05DF804FB002330B52F
:10CE500087B004939DF83430DDE90A4503930C9BB9
:10CE6000CDE900450293F4F77FFB07B030BD0723FF
:10CE700030B585B003930A9BDDE908450293CDE9FF
:10CE80000045FFF7E3FF05B030BD30B500230024B7
:10CE9000002585B0CDE900450293FFF7E8FF05B016
:10CEA00030BD03680B60016070472DE9F0410E460C
:10CEB000174600240546006808B9BDE8F081D0E9AE
:10CEC0000083B3420BD18368BB4208D154B9C5F883
:10CED0000080C368DB0701D500F004FC204604464F
:10CEE0004046E9E7C4F80080F3E7D1E90112FFF713
:10CEF000DCBF002370B51A46194605460468F4F7EE
:10CF0000B5FB0CB92C6070BDE3682668DB0702D561
:10CF1000204600F0E7FB3446F3E72DE9F8430E46E0
:10CF20001746054610B90020BDE8F8830468002CB8
:10CF3000F9D0D4E900893B4632462946A068C84763
:10CF40000028F1D14446F2E73020704738B5054655
:10CF500014460A460021FFF700FD24F01C046B79FB
:10CF600044F0100443F004032C716B7138BD2DE9BB
:10CF7000F74F1F469DF830308A46804600930028C0
:10CF800050D0002967D00C68002C66D04FF0000B01
:10CF9000E679A179761AF6B2BE4208D30C3139444B
:10CFA00008EB020945462144F61BC84537E02068D6
:10CFB000A346BF1B002835D00446E9E7AB199945C5
:10CFC00038BFA9EB050632462846FFF7FBFC009B5D
:10CFD000002B3DD0E279A079F3B237BB1844A071A1
:10CFE000E279A37927689A4232D1DAF80030A34275
:10CFF00008BFCAF80070BBF1000F01D0CBF8007079
:10D000002046F4F731FD3C4635444CB10027A37966
:10D01000E67903F10C01F61A2144F6B24D45CDD361
:10D02000A5EB080003B0BDE8F08F121AD2B2F918D0
:10D03000914209DA0C302044D21BD21A0144384400
:10D040000193FFF770FC019BE279D31AE371C7E704
:10D05000A3462468D8E70846E4E72046E2E710B58F
:10D06000C4790246C4F14503D8B2884228BF0846B5
:10D070000444D47110BD38B50546C079C0F14504EB
:10D08000E4B2944288BFD4B20C3022462844FFF761
:10D0900099FCEB7920462344EB7138BD1FB5039111
:10D0A0000021009103A9FFF762FF05B05DF804FBC2
:10D0B00038B50446206800B938BD0568F4F7D4FCDB
:10D0C0002560F7E7034610B501F0EC0103B910BD88
:10D0D0001A7902F013020A431A711A1A544254417F
:10D0E0005A7964F300025A711B68EFE710B558B122
:10D0F000016802685AB1136823B15C79E40704D56A
:10D10000002414600360084610BD0360F1E7134675
:10D11000F8E7034658B10020DA7999791B68521A6A
:10D1200050FA82F01BB15A79D207F5D57047704793
:10D1300070B50D460446E8B186798E4203D3751A60
:10D140008571012070BDC27906F145039B1ADBB2DF
:10D1500099420FD806F10C010144921BA81BD2B2D0
:10D160000844FFF7E0FB0023A371E3791D44AD1BE6
:10D17000E571E6E70020E5E70346006818B10268BC
:10D180001A600023036070470346002003B970470C
:10D19000DA7999791B68521A50FA82F0F6E72DE98C
:10D1A000F84F894614468246FFF7EEFF054648468B
:10D1B000FFF7EAFFA542074601D3A04208D2BD42CD
:10D1C00008D10024A346A046264647B9384604E0C5
:10D1D0002746F6E738D24FF0FF30BDE8F88F5EB94A
:10D1E0009AF806809AF80760A6EB080608F10C0882
:10D1F000D044DAF800A0F6B2BBF1000F0BD199F8D9
:10D20000064099F807B0ABEB040B0C344C44D9F84A
:10D2100000905FFA8BFB5E45354628BF5D46BD42F8
:10D2200028BF3D4621462A464046FFF76CFB0028B2
:10D23000D3D1A8442C447F1BEDB2761BABEB050584
:10D24000F6B25FFA85FBC0E70120C6E703680BB9B9
:10D25000016070471A461B68002BFBD111607047B4
:10D26000036803B10B600160704739B10B461A4681
:10D270001B68002BFBD1036813600160704770B519
:10D28000046806460D4644B12046FFF77DFFA842DC
:10D2900011D8236813B9E379A37170BD20463360B8
:10D2A000F4F7E2FB3468F4E7ED1A236820463360B4
:10D2B000F4F7DAFB3468002DEFD0A279E3799B1AFA
:10D2C000DBB2AB42F0D92A44A271E6E7F8B50668B2
:10D2D00005460C4646B13046FFF756FFA0421DD822
:10D2E000336813B9F379B371F8BD30462B60F4F7A6
:10D2F000BBFB2E68F4E7064638460768002FFAD1D4
:10D30000C2798379D31ADBB2A34202D9121BC2714C
:10D31000EAE7E41AF4F7A8FB3EB13760002CE3D04B
:10D3200028680028E0D00026E7E72E60F6E7F8B589
:10D3300004460F46BC4200D1F8BDA179E5796D1ACB
:10D34000EDB2C5F14506B6B20EB92468F2E749B1AF
:10D350000C312A46214404F10C00FFF7E4FA0023C3
:10D36000E571A3712368BB42EFD05A79D207ECD4A0
:10D370009979DD79A0796D1AEDB2B54228BF3546AD
:10D38000E2790C3010440C312A4619442044FFF74E
:10D3900019FBE379206853FA85F3E3718379761BEF
:10D3A00053FA85F5C379EDB2AB42B6B2857103D1BC
:10D3B00003682360F4F758FB002ED3D1C5E748B1CA
:10D3C000002302794360036083604379027143F074
:10D3D00004034371704700221146F4F7A1BB38B52E
:10D3E00004460D46FFF7A4FE98B984B12079FFF7F3
:10D3F000F2FF58B163794279C3F3400363F341020A
:10D4000045235D1B04604271C371857138BD0120E5
:10D41000EDE72046FAE738B5036804460D469BB1B0
:10D420001879FFF7D8FF88B12368427903605B79E8
:10D43000C3F3400363F3410245235D1B4271C37193
:10D4400085712060002038BD0120EAE71920FAE745
:10D4500038B50C46054640B3006830B309B9002022
:10D4600038BD4AB9C9B2FFF763FE0028F7D12B686F
:10D470009A799871A41A06E0452918D8C9B2FFF71D
:10D4800057FE0028EBD1442C07D8002CE7D02846C3
:10D49000E1B2BDE83840FFF7BEBF45212846FFF79F
:10D4A000BAFF0028DCD1453CEDE72220D8E7212057
:10D4B000D6E72DE9F84390F8078090F806900446E7
:10D4C000A8EB0907FFB2B9420D4602D30020BDE820
:10D4D000F8830079FFF77FFF06460028F6D0A17990
:10D4E00080790C317F1B29440C30BAB2214430447E
:10D4F000FFF768FAF37901203B44F371E37999442B
:10D500004D442368A5EB0805E57133602660DEE72E
:10D51000F8B5076806460D463C46002305B12CB910
:10D520000BB100221A6034603846F8BDE379A27965
:10D530009B1ADBB2AB4207D8E379A2799B1ADBB224
:10D54000ED1A23462468E9E72046E9B2FFF7B1FF68
:10D550000028F1D10746E7E75318452B02DCC9B292
:10D56000F4F7DEBA00207047F7B5002605460F46EF
:10D5700001960DB9019C09E0002238461146F4F7E6
:10D58000CFFA044628B901A8FFF792FD204603B060
:10D59000F0BDAB798371EA79C27168796179D21A89
:10D5A00060F30001617169796079C1F3400161F351
:10D5B0004100607103F10C002918D2B22044FFF73A
:10D5C00001FA019B03B9019406B1346026462D6827
:10D5D000CFE72DE9F8430D461446064610B319B3BC
:10D5E000DAB1034699461B68002BFBD12746C84693
:10D5F0003A4629464046FFF73EFDC145A7EB0007E6
:10D60000054418BFC9F8008037B10022B1793079DC
:10D61000F4F786FAC14618B9E41B2046BDE8F88342
:10D620008046E5E70446F8E70C46F6E737B51546C9
:10D63000C9B200221C46F4F773FA019040B12246A9
:10D640002946FFF7C6FF844202D901A8FFF730FD43
:10D65000019803B030BD034610B501391A1A914242
:10D6600000D810BD445C1A7803F8014B42540139CC
:10D67000F4E700230144884200D1704700F8013BE1
:10D68000F9E738B505460C4604B938BD013C55F8F4
:10D6900034305B68002BF7D09847F5E72DE9F0416F
:10D6A0000446002654F836302BB904F10408B3427E
:10D6B00003D100250FE00136F4E754F833205F1C56
:10D6C00012685AB158F833009047054630B13946D0
:10D6D0002046FFF7D6FF2846BDE8F0813B46E6E747
:10D6E000F4F728BBF6F759B938B50446FAF7FEF84F
:10D6F000054658B9C820E1F75DFCC822022128463A
:10D70000E1F718FC8442A8BF044624B22046E1F7A2
:10D7100051FCFAF7EBF8BDE83840C8220221E1F7E6
:10D7200009BCB0F90020B1F900302DE9F0479A4268
:10D7300004460D4648DCF4F7E5FE8046DCF7B0FC15
:10D7400000283ED1E1F7ECFB8246FAF7CFF8C82279
:10D750000221E1F7EFFB47F6FF73B5F900208146A0
:10D760009A4202D1E1F700FC288047F6FF73B4F932
:10D7700000209A4202D1E1F7F1FB2080B5F90000C8
:10D78000FFF7B2FFB4F9003007468342C8BF2080DC
:10D79000B4F90000E1F7EEFBF7F7E8FD064658B1F3
:10D7A0005046E1F7E7FB4846E1F704FC4046F4F752
:10D7B000AFFE3046BDE8F087E1F7B2FB20802F8056
:10D7C000F4E741F20C06F1E72126F2E70000000041
:10D7D0000000000000000000000000000000000049
:10D7E000F8B500BFF8BC08BC9E467047F8B500BF4E
:10D7F000F8BC08BC9E4670475FF800F0D12F0020AF
:10D800005FF800F06D3000205B435D20002E2E2F6E
:10D810006170702E630025733A2564203A25733AAF
:10D8200020007363005374617475733A202573206C
:10D830003D20307825303478200041737365727450
:10D84000696F6E206661696C6564006E6967676107
:10D850000053797374656D20426F6F7465642E2078
:10D86000437573746F6D2041647665727469736972
:10D870006E6720737461727465642E0D0A00436FC5
:10D880006E6E6563746564212048616E646C653AF0
:10D890002025640D0A00446973636F6E6E656374BE
:10D8A00065642E2052657374617274696E672041DD
:10D8B00064766572746973696E672E2E2E0D0A0088
:10D8C000736C5F62745F6F6E5F6576656E74006126
:10D8D00070705F696E69740043612035202D204EA1
:10D8E000686F6D20313000464554454C2048434D0B
:10D8F00055530048756D3A200054656D703A20000C
:10D9000010D9030020030164080802000100000090
:10D9100000186C6C10CE3808600C0000000000008D
:10D920007C307C7CC6FE7CFE7C7C000070001C7C15
:10D930007C7C7E7C7EFEFE7CC63C78C606C6C67CB1
:10D940007E7C7E7C7EC6C6C6C6C6FE7C007C100081
:10D950000C00060060003800060000060C00000005
:10D9600000000000000000000000003018188C00CB
:10D970000000000000186CFEFC6A2C1830186C18AF
:10D98000000000C0C638C6C6C606C6C0C6C618183F
:10D99000387C38C6C6C6C6C6C60606C6C6183066B1
:10D9A00006EECEC6C6C6C6C618C6C6C6C6C6C00C15
:10D9B000066038000C00060060000C0006183006F7
:10D9C0000C0000000000000018000000000000181B
:10D9D0001830D60000000000001848FE162E2C1843
:10D9E0001830381800000060C63060C0C6060660F7
:10D9F000C6C618181C7C70C6F6C6C606C60606063D
:10DA0000C618303606FEDEC6C6C6C60618C6C6C668
:10DA10006CC6600C0C606C00043C3E3C7C3C3C3CA6
:10DA20003E0000660C6E3E3C3E3C363C186666C6C8
:10DA300066667E1818306200000000000018006C56
:10DA40007C10DC001830FE7E1C7E0030C63030704A
:10DA5000FE7E7E307CFC00000E00E070F6FE7E064E
:10DA6000C61E1EF6FE18301E06D6F6C67EC67E7C84
:10DA700018C6C6D638FC300C1860C60000606606B2
:10DA800066660C66661830360CD6666666666E0686
:10DA90007C6666C63C66300C00600000000000003A
:10DAA000000000FED0E866001830387E1C7E1C188E
:10DAB000C63018C0C0C0C618C6C018181C7C70304C
:10DAC00076C6C606C60606C6C618303606C6E6C6FA
:10DAD00006B6C6C018C6C6FE6CC0180C3060000082
:10DAE000007C6606667E0C7C6618301E0CD6666668
:10DAF0003E56063C186666D6187C1818183000008A
:10DB000000000000001800FE7EAC660030186C18A3
:10DB100018001C0CC6300CC6C0C6C60CC6C61818E9
:10DB2000387C380006C6C6C6C60606C6C61836669F
:10DB300006C6C6C60666C6C618C66CEEC6C00C0CBF
:10DB4000606000FE0066660666060C606618363683
:10DB50000CC666660626066018663CD63C600C1845
:10DB600018300000000000000018006C10E6DC0017
:10DB7000600C00180C001C067C78FE7CC07C7C06C7
:10DB80007C7C000C70001C307CC67E7C7EFE06FC1B
:10DB9000C63C1CC6FEC6C67C06DCC67C187C38C6E5
:10DBA000C67EFE7CC07C00FE007C3E3C7C3C0C3E85
:10DBB00066701C6638C6663C065C063E707C18FCC7
:10DBC000663E7E30181800000000000000000000D3
:10DBD0000000000000000000000000000000000045
:10DBE0000000000000000000000000000000000035
:10DBF0000000000000000000000000000000000025
:10DC00000000000000000000000000000000000014
:10DC10000000000000000000000000000000000004
:10DC200000000000000000000000000000000000F4
:10DC30008000800001010000E0C810003C060200E6
:10DC400000000000050000000000000040420F003E
:10DC500005010000000000000000000000000000BE
:10DC600074656D703A2025642E25642C2068756DCE
:10DC700069643A2025642E25642C2074696D653A08
:10DC800020310D0A000000000000425244343138B7
:10DC90003042002E2E2F736C5F676174745F736562
:10DCA00072766963655F6465766963655F696E66F0
:10DCB0006F726D6174696F6E2E630041303300388E
:10DCC0002E322E3000736C5F676174745F736572FF
:10DCD000766963655F6465766963655F696E666FC3
:10DCE000726D6174696F6E5F6F6E5F6576656E747D
:10DCF0000000000014DD03002100210064DF0300A8
:10DD00001000100054DF0300010001000300FFFFBA
:10DD1000FFFF0000010000000108FFFF00000000FD
:10DD200024DF0300020002000108FFFF05000000DD
:10DD300020000C0003000C000008FFFF01000000A1
:10DD40008832002004000F000308FFFF03000000DA
:10DD500002000000050002000108FFFF05000000AE
:10DD600002000D0006000D000108FFFF0100000089
:10DD700092320020070002000108FFFF05000000AA
:10DD80000A000E0008000E000308FFFF010000005B
:10DD9000A8320020090000000108FFFF0000000079
:10DDA00028DF03000A0002000108FFFF0500000051
:10DDB0000A0003000B0003000308FFFF010000003E
:10DDC000B03200200C0002000108FFFF0500000037
:10DDD000020004000D0004000108FFFF0000000025
:10DDE0002CDF03000E0000000108FFFF0000000010
:10DDF00030DF03000F0002000108FFFF05000000F4
:10DE000002000500100005000108FFFF00000000EF
:10DE100034DF0300110002000108FFFF05000000CD
:10DE200002000600120006000108FFFF01000000CA
:10DE3000C4320020130002000108FFFF05000000AB
:10DE400002000700140007000108FFFF01000000A6
:10DE5000D2320020150002000108FFFF050000007B
:10DE600002000800160008000108FFFF0100000082
:10DE7000DC320020170002000108FFFF050000004F
:10DE800002000900180009000108FFFF010000005E
:10DE9000E8320020190002000108FFFF0500000021
:10DEA00012000A001A000A000108FFFF010000002A
:10DEB000F63200201B000F000308FFFF03000000E4
:10DEC000010100001C0002000108FFFF0500000026
:10DED00012000B001D000B000108FFFF01000000F5
:10DEE000FE3200201E000F000308FFFF03000000A9
:10DEF000010200001F0000000108FFFF00000000F9
:10DF000042DF0300200002000108FFFF05000000BF
:10DF100008000080210000800208FFFF07000000C9
:10DF200000000000020001180200001802000000BA
:10DF300002000A180C0053696C69636F6E204C6113
:10DF400062731000F01921B4478FA4BFA14F63FD85
:10DF5000EED6141D636032E0375EA488534E6DFB2D
:10DF60006435BFF7002801280328002A012A292A3E
:10DF7000242A272A262A232A6E2A6F2A052A2A2BB0
:10DF8000292B0229050000000000000000C201004A
:10DF9000000500000010000000000000000000006C
:10DFA000433A2F55736572732F646174336B2F443A
:10DFB0006F776E6C6F6164732F73696D706C6963DA
:10DFC0006974795F73646B5F73756974655F7632CA
:10DFD0003032345F365F322D3030312D3030322FD9
:10DFE00073696D706C69636974795F73646B5F35B5
:10DFF0002F6170702F626C7565746F6F74682F631A
:10E000006F6D6D6F6E2F696E5F706C6163655F6FB2
:10E0100074615F6466752F736C5F62745F696E5FB5
:10E02000706C6163655F6F74615F6466752E630019
:10E0300064656C61795F74696D65725F63620073BA
:10E040006C5F62745F696E5F706C6163655F6F7453
:10E05000615F6466755F6F6E5F6576656E74003FC5
:10E06000002800292000000013B779FAC925DDB780
:10E07000ADF3CFE0F1B614B80102000000000000DB
:10E08000FFFFFFFF20000000010000000000000073
:10E090000000000000000000000000000000000080
:10E0A0000000000000000000000000000000000070
:10E0B00000000000000000001E000003AF25030068
:10E0C000AB2503008925030087250300C943010010
:10E0D000B92503008D4301002C0000000204050354
:10E0E00000010200000801B48CE103000008015A9D
:10E0F00048E103000008004004E1030000000000C4
:10E10000000000000000FCFEFFFF00000000000017
:10E11000FFFF000000000000FFFF00000000000003
:10E12000FFFF00000000000040001806F4D20000CD
:10E130002C00B0023DBE00001700F2000C7C000075
:10E140000C0041009E4200006400FCFEFFFF000046
:10E1500000000000FFFF0000000000005A00F3066E
:10E16000A554FEFF2100A301A1FEFFFF1100A600A0
:10E17000832700000A006100DC26000006003B0047
:10E18000F820000003001500AD130000C800FCFEDD
:10E19000B4008B087BC0FBFF4D00E402E756FFFF95
:10E1A0002C00A20183EBFFFF1A000301B31A000049
:10E1B0001100A300552900000A005E005A28000043
:10E1C00006003A0021220000040018007316000027
:10E1D000747C5864E81024FFFFFFFFFFFFFFFFFF80
:10E1E000FFFFFFFFFFFFFF00000000000120000015
:10E1F00000200000FFFFFFFF00000000FFFFFFFF07
:10E20000FFFFFFFFBCE6FAADA7179E84F3B9CAC2B1
:10E21000FC632551012600000400000000000000FE
:10E2200000010000000000000B0000000B000000D7
:10E230000200000000002020000000000300000099
:10E240008C8C3C000000000000000000000000007A
:10E25000000000581200000000000000FFFFFFFF58
:10E26000FFFFFFFFFFFFFFFF010410400100000060
:10E270000500020000030000FCE40300D8E40300F2
:10E280004CE403006CE4030080E4030024E5030095
:10E29000BCE40300A8E403000000000010E5030054
:10E2A00000000000ECE4030000000000E0E30300D5
:10E2B0000000000094E40300000000009CE4030060
:10E2C0000000000060E403000CE3030038E50300F5
:10E2D0000EE30300D0E40300000000000000000093
:10E2E00000000000000000004E0C000000000000D4
:10E2F00000000000F4DC030000000000000000004B
:10E300000400000000000000E2FF500001000400D3
:10E31000FB000000000000009188010014140000C0
:10E320001C2030401C2000001C2030405053410075
:10E330004B45590000010102010202030102070BD3
:10E340000B0701160C00000108080000050108FF7A
:10E35000FF02FFFF0808020204FF010022FFFFFF87
:10E36000FFFFFF030404FFFFFFFF2AFFFF1419193B
:10E370001B011C15120400480C1404131510801AFC
:10E38000801280800001020404000000F4010000FB
:10E39000FA00000096000000640000004B0000003E
:10E3A000320000001E000000140000000000000009
:10E3B00001015000400008005000240004009001BA
:10E3C000500240009001AE0110000F0E0C080C0826
:10E3D0000D1810424C455F535441434B0000000060
:10E3E000C10B02000000000000497253144972077B
:10E3F000FF000102030405FF145300724907CDF624
:10E40000092002007D1F0200E93302008986030013
:10E41000FB860300F58603007537020059A9030047
:10E42000AF860300F7860300F9860300A386030086
:10E43000F1860300791A0200E5840300CD1B020077
:10E4400001020C00000004000000080004000000AD
:10E4500000000000000000000000000000000000BC
:10E460005F86030000000000A001040156000000C8
:10E47000000000000000000000000000000000009C
:10E480000500000000000000000000000000000087
:10E4900000000000F51F0200000000008B86030052
:10E4A00000000000A01305000A00000000000000AA
:10E4B0000000000000000000000000000900000053
:10E4C000000000000000000000000000000000004C
:10E4D00091860300000000000F0000000000000013
:10E4E0000000000000000000000000009B86030008
:10E4F000000000000000000000000000010000001B
:10E50000000000000000000000000000000000000B
:10E510007122020000000000A0010107A000010418
:10E5200002040800060000000000000000000000D7
:10E53000B52302007D230200E52302000000000055
:10E54000A0030601A0090609A0020608A005060707
:10E55000A0050606A0070605A0020604A0010610F5
:10E56000A00A0602A00D0600000004020503060131
:10E5700007010108090A0000A0015C02A0035C0178
:10E58000A0025C00A0020F09A0030F04A0030F0368
:10E59000A0050F02A0010F01A0050F00A0040108B3
:10E5A000A0030106A0120100010102042001040AD7
:10E5B000391F0200200C0403E51E020020000401A4
:10E5C000111F020020025602D91F0200200356002C
:10E5D000A11F0200200106053526020020040A0FB3
:10E5E0003122020020040A04FD21020020050A0253
:10E5F000CD210200200001154123020062676170F5
:10E60000695F627566666572730001000200000052
:10E6100000000000030000000D00030002000100E4
:10E6200005006761747420636F6E6E656374696F53
:10E630006E00000000FB349B5F8000008000100033
:10E64000000000000000000023A703007B8C0300F3
:10E6500003A903000DA80300E69D350E480103CC75
:10E66000DBFDF4AC1191F4EFB9A5F9E9A7832C5EB9
:10E670002CBE97F2D203B020008BD28915D08E1C0D
:10E68000742430ED8FC24563765C15525ABF9A32BE
:10E69000636DEB2A65499C80DC006C888391AAF548
:10E6A000A53860370BDB5A6083BE00000001000113
:10E6B0000005010005020203000200000000000244
:10E6C0000501000500000100010000010001020237
:10E6D00003000200000000000202010002BF01FB73
:10E6E0009D4EF3BC36D874F5394138684C8BD289CD
:10E6F00015D08E1C742430ED8FC24563765C1552A4
:10E700005ABF9A32636DEB2A65499C80DCE69D35E1
:10E710000E480103CCDBFDF4AC1191F4EFB9A5F97F
:10E72000E9A7832C5E2CBE97F2D203B0203F49F6B6
:10E73000D4A3C55F3874C9B3E3D2103F504AFF6019
:10E740007BEB40B7995899B8A6CD3C1ABD000000A4
:10E75000A0010A05A0030A04A0080A03A0070A02F0
:10E76000A0060A01A0070A00A0030906A0060905E1
:10E77000A0070904A0040903A0050902A0060901D5
:10E78000A00309000202030000000000299C02000F
:10E79000719C0200119C02007D9C0200659C02009D
:10E7A00021C003005DC0030083C00300A5C00300B7
:10E7B000C7C00300B5B1020065B1020071B102002B
:10E7C0005DB2020049C2030017BE03001BBE030076
:10E7D00027BE03001FBE030023BE0300000000008D
:10E7E00088010000880B0020008064000100008088
:10E7F000FF7F00000080FF7F0C025241494C000067
:10E80000A00000005DA70200500000003DA802002B
:10E8100000000001000001010001010129AB02001C
:10E820000DAB0200C9E30200F5E402008DE4020032
:10E8300001010203000000011F150F15150F151F20
:10E84000FFFFFFFFFFFFFFFFFFFFFFFFFFFFFFFFD8
:10E85000FFFFFFFFFFFFFFFFFFFFFFFFFFFFFFFFC8
:10E86000000102020303040506080C0C0C0001025F
:10E8700003040707C8C8C8C8C8C8C8C8C8C8C8C823
:10E8800000B801B802B800B0C4040400DC040400FD
:10E89000F40404000C050400030404080805000047
:10E8A0000000000000000000000000000000000068
:10E8B000040700004870AC0F44706E0E3070D61321
:10E8C0000298F6173870940F3470BA0F3070A01099
:10E8D0002C70A010287028122470401220709E0FF7
:10E8E0001C70E8121870641314709A0FB11008604D
:10E8F00001D80A7104B87F78020C7E78641000C6D3
:10E90000881F00A01DB8707803B018600F3027B3BF
:10E910000F330111C0480698780229B0086001D869
:10E92000087109DD047109BB11101660A048086068
:10E9300004100112FF3221500860D048086000889E
:10E940000698901400C42C1F00A000BA03DF1071B9
:10E9500009DF0672029832031DB8507800A04413F4
:10E96000281441158110086002D814711088069887
:10E970007C1900C014C000B80698EE1B00910698E0
:10E980008E020160B83020D806711EBC637C084D31
:10E990005412F03240DE0472404804DB08720DDD90
:10E9A0000C72044BEF3014480698FA0400C4E0409F
:10E9B00000544412086201322140087C811140D980
:10E9C0001C72B1123032CF4A013AB1DA107208D853
:10E9D000067104D80871804C237C4470684C441242
:10E9E000FF328722047580B8E84C81D8367140D94F
:10E9F0000472237C084B0698FA0404BA1CB9767991
:10EA000000C1204001B835797F216121007906B924
:10EA100006A901D806710298FE01804C307C02984C
:10EA2000600208D86A7100C1544000B8141110D9AE
:10EA30005E71584C441280BDA26DFF25784C441283
:10EA4000FC22513A2814104C00C20CC101B8241207
:10EA50002814086228140862281408622814304C0C
:10EA6000304C00C11C4000B814111814086100C5D6
:10EA7000284001B85415FF35047110491814B04CE2
:10EA8000441208620132067102980401804C08D8D1
:10EA90000C7107BA24D8047106BA187004D80C7126
:10EAA00001BA40D80E7102BA0A7005BA20D80472B1
:10EAB00003BA204C4411C04C181408611814911169
:10EAC00091150088069836050090DF3151413831A4
:10EAD00011429111186110D90472EF3200C108403F
:10EAE00001B8141110311E6111422814A1110861DE
:10EAF00018140698D41B181400C1084001B814114A
:10EB00001861FF31181400C1448001B814111814A1
:10EB1000086118143088024806989003009308DBB7
:10EB2000047101F800A027B00F3000A01088B111C7
:10EB3000186180D90A7100C1884000B8081100919D
:10EB400000A000C4684000B8441000A000C0884085
:10EB5000005004118261041082601050F07200A015
:10EB600054155045127106980A0506989A0407B87C
:10EB7000707802B841781EBA5B7A5C7A5D7A00C21E
:10EB800020C001B824120698861900C5301F00A0C5
:10EB90005415511400C3FF010000313D09647F3456
:10EBA00006989802015851280475015841280E759D
:10EBB0008111086102D90472FF0FCC7007B8727816
:10EBC00000F8EBBD00C02C1F00A00411113D10D9AE
:10EBD0001271FF33186300C1781002B8381107B9F9
:10EBE0007479581000A006988E020D300472044803
:10EBF00009DC0472084800C11CC101B8141100C32B
:10EC0000B81E00A0911504351A7218131CBB08D841
:10EC100004716C7B04D804716A7B1DBB2F7C5B7B09
:10EC20001670044B18131CBB08D804716F7B04D8F2
:10EC300004716D7B217C0C30026006988604069876
:10EC4000240C00B8B111186140D906720298600412
:10EC500001BC00C2084001B800DC0A71241502653D
:10EC6000604A0A702C4A241508654C4A043508D9B4
:10EC70000471202400C1241F00A01412008800DCAD
:10EC8000327120D8067101B80C70F0DA0C720CDB0E
:10EC9000087102B806988E04482400C3384101B8B0
:10ECA00034138F7B0E7102B9911308DB047203B920
:10ECB00028700C4914111110FD300DDC1C7200C0BD
:10ECC0008C1E00A0041080D8107100C0448001B8D0
:10ECD0000410E5200475804900C3884000B8FFB8DF
:10ECE000012011410871014118130824014200C19B
:10ECF000284000B8141101411C6551419115009044
:10ED000000DC06710698360520351E655141181342
:10ED10002813481300C3844000B8341003D8167178
:10ED2000073005DC1071B1108F780A7200C384C4FB
:10ED30000350217B1DB8507800B800C1241F00A0EB
:10ED400014121C602150F0300152281100A0402400
:10ED5000076400C0FFFF0100013C17B0022001580A
:10ED60004028067518AC01EC00A0208800C020C027
:10ED700001B8041217B4211304123052F871196447
:10ED8000402400C35C1F00A0341014110698560ED6
:10ED90001961009211592129067600BB1159069874
:10EDA000360E8762313B0472215A412A00A000C20C
:10EDB000686000B8B8B91F610D49181200A030880A
:10EDC00001B9116100C30000C0FF3110312800BC3F
:10EDD000002D0C75115418AC01EC312DF470196430
:10EDE00051134155312C009300A0511010D80C72D2
:10EDF0000698AA1701D804710E6500A000C3C00FC1
:10EE0000FEFF50B2313A014250AA00A006986C07AA
:10EE1000FFB0867808715CB86B786E7800C2548059
:10EE200001B800C0D81F00A004100812B822217A2F
:10EE3000237A52B8417801B80C6021A809B819604A
:10EE40004CA800C0FFD1C1FF4FB2013A00C0002E54
:10EE5000300001424FAA24B86E78ACB9FFB004D894
:10EE600004714CB923A90698C20500C01390010093
:10EE70000698480500A000C0401F00A017B1181058
:10EE800006980A0519B81460FFB28C620F32826AC4
:10EE900021400698480549BC21B952B849B207DE5D
:10EEA0002A7105DE0871627C607C1D0C61796778CF
:10EEB00064786B786278657863786078617C010C3F
:10EEC000010C6878020C69786C78020C00C22C8006
:10EED00001B8277A287A267A6A78050C41790A0CD3
:10EEE000B11040D806710298DE06784A2B7A327A41
:10EEF000584A247A00C400011100404A00C010841E
:10EF000000000812508800C584100100FBAD10BD40
:10EF100001BB8A6B21B9FAA9C44A1812217A227A54
:10EF200000C01C1F00A00410FCA8826441103030F7
:10EF30000129F9A9F8ADFBB08260FBA80330A065F8
:10EF40002110044820EC237A0410037A184A241173
:10EF5000DC4A01580029241004753150F8B11150D1
:10EF600081632A71514031400812FCB18461FCA9CF
:10EF70000F310E7117B0112817B111591028FA76F8
:10EF8000C44AF9B11812217A227AA07000950812A9
:10EF9000F8A800C20C8001B8207A844A00B8081290
:10EFA000020CA44A087A020C21B84178784A0B7AFC
:10EFB000127A00C2C81F00A0FFB008D80472184A15
:10EFC000241000DC0A7140A80422241041A80698ED
:10EFD000980200C2301F00A02410015100C4FF019C
:10EFE000000041391150081200A006986C0700BCBF
:10EFF00000C20C8001B8217A52B84978020C4878D6
:10F00000020C49B8417852AC21AC204A087A067A01
:10F01000077A49AC00C0481F00A017B1181000A023
:10F0200059B840785AB101D9FC72427857B8407843
:10F0300058B101D9FC72427800A000C20C8001B81E
:10F04000217A227A21B8547852B8BC4A241199798D
:10F05000127107B915614CA9617800BB03BC0C643F
:10F06000147009B919614CA9417801BB126300C43D
:10F07000002E300000C0FFD1C1FF4FB10139414126
:10F080004FA9E44AC8B8081224AB4CB823A8069884
:10F09000C20500C0541F00A017B1181000C0049092
:10F0A0000100FFB18679047108480698480500C040
:10F0B0008009004040A809B8FFB108D9047103B81D
:10F0C00053A8B11004D80C7156BB607B57BA627A52
:10F0D000607A02D80C7156BB607B59BA627A607A4A
:10F0E00004B86E783DB8607800C05638000000C1A2
:10F0F000B08001B814119979087200C0D6040000DC
:10F1000000C124C000B814119F79047208484CA8AB
:10F110002EB8FFB108D906714AA804704BA80FB8E1
:10F1200034A800C00C5E000046B2014246AA00C1ED
:10F130002C4001B8141108610631087100B9069815
:10F14000A81106989614B11101D90E710698FA1BF0
:10F1500002D906720698000D06989014511406986C
:10F160009A0400C0501F00A017B118100698821111
:10F170000698C01700A00698AA1701D80A711CB8F3
:10F180005B7807B8757800B84CA84AA84BA800C0AF
:10F19000F321FFFF46B1013946A904B86F7800A0FA
:10F1A00000C0441F00A017B11810FABC1964415CDC
:10F1B000512C00C0581F00A00410012C06750698A1
:10F1C0009A040698D80FB110186005D8327140BA69
:10F1D0000698661404B86578911004D816711CB8A6
:10F1E0006E7800C0684000B821780698D0110140C0
:10F1F0000A721DB842780698A2140298BE0B1DB878
:10F20000717804B86C7841B8427863784478FFB17B
:10F2100004D906720298160A00C004900100FFB1DA
:10F220008679047108480698480500C3141F00A099
:10F2300000C274C000B82414481300BC48120C4B20
:10F240001C4A2414481300BC4812384B584A241452
:10F25000481301BC48124ABA447A427A4BBA447AFB
:10F26000427AFFB086780472617A4CBA647A657A21
:10F270003DBA607A4DB942B83FBB5B796679617936
:10F28000020C6479050C63796079050C6279657903
:10F290005A7900C2340102B8241305B8196031400C
:10F2A000081242B86A78020C4A78020C40BCFFB2DD
:10F2B00008DA06714ABA06704BBA627A657A677ADA
:10F2C000667A6A79667B0298F00A00C3141F00A070
:10F2D00000C274C000B8241448130C4B1C4A2414F8
:10F2E00048133FBC48121C4A00BC4812384B444AE1
:10F2F0002414481301BC48124ABA647A627A4BBAA1
:10F30000647A627AFFB3867B0472617A4CBA647A5B
:10F31000657A3DBA607A01D94E71647800C1708017
:10F3200001B800C08000080008110698E60B42B83A
:10F3300061784DB97F797E796A7868786278020C55
:10F340007B790F0C7A79140C74794178607875792F
:10F35000050CFFB208DA06714AB804704BB865783C
:10F3600001BC1664407002D93C710698E60B42B8A5
:10F370004DB96878407841787F797E797B790F0C38
:10F380007A79140CFFB208DA087171794ABA0670FA
:10F3900070794BBA7279657A6A78020C4A78050CF2
:10F3A00001BC1664020C417940790C0C00C04C0180
:10F3B00002B848100698FA0400C4784000B8007CEF
:10F3C00000C08C1E00A0041180D93271911104D9A3
:10F3D0002C727F201D200411FD310DDD207200C034
:10F3E000448001B80411E521147600C0244001B81E
:10F3F00004118A790871207C104C207C2AB862782C
:10F40000511400C0581F00A00410012C17B00111A6
:10F410008768015841280E7605218769415C412D96
:10F42000112D067006989A0400C0541F00A017B151
:10F43000181042B84DBB7C7B6478020C29B8687800
:10F4400051144044067506989A0442B844782AB884
:10F450004278FFB101D90C7100C1548001B8CBB81A
:10F46000081100C04C1F00A017B11810911004D84B
:10F47000147100C08C1E00A0041080D8067107B85B
:10F48000537800F807B800C1B41E00A000C220C025
:10F4900001B824122811777800F8B11094783871E7
:10F4A00006989802E4B911591128067600B80C7034
:10F4B000A0B9115901290475A0B8826000C3C01F0A
:10F4C00000A03413012B341000C3FFFF00FF42B132
:10F4D0003139114042A800A01DB09178FA7142B8AC
:10F4E0006478020C00BA29AA00C4548001B842B85A
:10F4F0004DB900C3C04001B83413977B047240EC8F
:10F50000020C44785C7953AA0A0C281442B84DB90D
:10F51000FFB301DB2671244C00C3FF0FFF01381439
:10F520005479407841785579020C5B795A79140CFA
:10F530005F795E794A784278347002DB14715279CF
:10F5400051795079020C5B795A795F795E791E7036
:10F5500004DB1A7100C4FF07000000C3342102B8A5
:10F5600048133FBB467B020C5B795A793DBB407B1D
:10F570004CBB447B457B00C3181F00A03414403CA7
:10F58000207100C068C000B8481028130C4B1C48FC
:10F59000341448102813344B4448341448102813AA
:10F5A0004AAA4BAA04B86D781DB851785CB84B785C
:10F5B0004E7800A000C074C000B80411108800B9D3
:10F5C000181068480411108801B90B6118102C48F4
:10F5D00004111088008800C1231C000018104AB8CC
:10F5E00064784BB86478260C28B000C1FFFF0FF098
:10F5F000113871B90B61114028A828B97379747951
:10F6000000C21010303045AA54790E0C00C0E840FA
:10F6100001B8041100C23030101045AA0E0C0410BD
:10F62000008810880698C20D0091009020888F6194
:10F630008F600698C20D0090886A21400112906A7E
:10F64000035800C13F3F00001138FFBC022441288D
:10F650001138014245AA28B953794AB844784BB8C1
:10F66000447800900091181000912C4818100091D7
:10F670006848181000A09168436091694361115B6C
:10F68000012B112841603128315B00BA3028067601
:10F690003128204A4163302806763128104A4163D8
:10F6A000302806763128084A41633028067631280A
:10F6B000044A4163302806763128024A41633028E3
:10F6C0000476014A00A0115910D90671086008603B
:10F6D00008D90471086004D90471046002D9047166
:10F6E000026001D90471016000A000BA01D806715E
:10F6F0000148112A1F61016001D8F6720138F672C3
:10F7000000A000C220C001B824121159212912738F
:10F7100000210E7100C238C001B824120121212934
:10F7200000A002B020D8147100C0981E00A00410E0
:10F7300002B945790698CE13EA7003B09F78087233
:10F7400000B806A800F806986C0700C5641F00A062
:10F750005088044D1CBC00C09C1E00A0811101D922
:10F760001E71407C009501153C4D5088044DFFBB37
:10F770001863315B041106984E0E3129F87506980E
:10F78000D01A54150698FA1B01D9087206988607F4
:10F79000067006982C081CBB547B0698AA1701D843
:10F7A000067202987A0FFFB901211038F6728112A1
:10F7B0009B7AF07100C2448001B8241400C0A81ED6
:10F7C00000A0041001130020041040500C7200B976
:10F7D0000698880F18B90A7018B90698880F00B9EA
:10F7E00000B806987E0F704A08B806987E0F00C2CF
:10F7F000284000B814B806987E0F00C2EC4001B84B
:10F800000CB806987E0F202210B806987E0F10883C
:10F81000308806988607009300910698880F00C0EC
:10F82000AC1E00A00412FFB901212141181000955F
:10F8300000F8312811280410081200A004B831285B
:10F840001128F8B1181000A00698C2080E7006988A
:10F85000240C0698C2080698CA1206983607911218
:10F86000211900C02C4001B80A78097800F810B9B5
:10F8700001BA06985C14069882110698C01700C554
:10F88000641F00A081109D78FC7200F89112033271
:10F890001CB900C38C1E00A0341300C4B040005437
:10F8A0001DB84278707903DE067144783A70717938
:10F8B000A11020D806710298AC1080DB1C7102D810
:10F8C000187205B80814A11010300248081400B8C6
:10F8D00008149110086008141DB86278A11000DCAB
:10F8E0000676517900BA911120311D61911004D82A
:10F8F0000E7200C1381F00A0141101D90A712088AE
:10F900000698A811009200C1204000B801DB1871D0
:10F91000084C03DE0471904C441400C3FF1F000028
:10F92000413BFF233811944900C3384101B83413D7
:10F93000086380DB0C7103BA186206989410087093
:10F940001862069894100C4908790979141021401E
:10F95000081100A000BD0698720210B903DC047102
:10F9600000B901BA06985C1402D9067100404E72C3
:10F9700003B118610F310698D011FFD82872811099
:10F9800008D8187106DD0A710698720203DC0C7241
:10F99000069814120698A2140C7006DD10710698D1
:10F9A0001A12487020B804A806DD10720698C20822
:10F9B0000698360701F840B804A800F800C08C1E6D
:10F9C00000A00413086301DB22719110011118617A
:10F9D00011381DB910D8087144790298AC1002DBB7
:10F9E000FA72A11328DBF47203BD0698761106980B
:10F9F000C2081DBA7F7A0698FA0400C5681F00A0E5
:10FA00000698720200BA03DC1672044DA11002D8E7
:10FA100004711C4D00C10CC101B80698B604541500
:10FA2000212D069858050298EC08911001550335D0
:10FA30005150011900A000C1341F00A0141001D8BA
:10FA4000427101480860FE200E75811020D80871AF
:10FA500000C1381F00A0141101D9287100C02C402A
:10FA600001B80412215108610F3118611152281098
:10FA700000C0084001B804119112215120311152E7
:10FA8000211900A0811380DB067201B800A000C319
:10FA900014C001B8341006302E726C4B34121C4B5B
:10FAA0003410186002302072811080D8DE7134105A
:10FAB000014A08620460803021508C480A717F231B
:10FAC0004D233410013000A000BD069876111CB8FB
:10FAD00047784578437802B8447800A00698C20871
:10FAE0000698141200C5741F00A0541506985805F6
:10FAF0000298EC08B1138F7B0A7200C384C40350D0
:10FB0000017B0698961400C1384101B814118F7911
:10FB10000E7100C1B84000B800BA0698941050BAEF
:10FB2000069866140698D011FFD84A71911004D82F
:10FB30004872811008601CD8407220D938721112A6
:10FB4000FF322151347180218021111400C0C01E68
:10FB500000A00413FFBA3151113A215111531DB9BC
:10FB600038107B7940440E7200B900C2941E00A088
:10FB70001812067004B860780698901400F800B95E
:10FB800000C2A44000541812644A0AB918121CBAE0
:10FB9000507A517A1DB942795F7900A006987202B5
:10FBA00007DC1072911000200A750698CA1202989C
:10FBB000C60F0698360701B9911004D8047100B930
:10FBC00010BA06985C1400BA0040347100C08C1E54
:10FBD00000A00411086101D9127104D9E2728110E8
:10FBE000086001D8DA711DB8647800C11CC101B881
:10FBF0000698B60401B81160002A047600BA069887
:10FC0000CA1200C5781F00A05415212D069886073A
:10FC100000C57C1F00A000F800BC811108D9167235
:10FC200080D9207201B910BA06985C1400400E7198
:10FC300001BC1070069814120698A21420B804A8EB
:10FC400000F80698CA1281110231127100B900C27F
:10FC5000144000541812244A02B9181206981412BB
:10FC600000C5801F00A054150698581B0298EC0888
:10FC70000411012114711CBA737A04200412281192
:10FC8000042004110121F47200A00698FA0401F87E
:10FC90000698AA1701D81671FFB9012110380E7203
:10FCA00081109B78087104B9677900F8911010D819
:10FCB000287100C51CC101B8541106984E0E00C52C
:10FCC000B01E00A054155129EA7507B876781DB802
:10FCD000447801B804A800F8B110186010D82E714B
:10FCE00000C05040005400C3084000B83114984C84
:10FCF00044113411086101D9FA71441228100862C4
:10FD000028100862281008622810E8700298AC02D7
:10FD100006988E02113804721E6202BB00C1C01E1A
:10FD200000A0141120390C72911210DA0672417B76
:10FD300000A00698961400C28C1E00A0241220DA9F
:10FD40000472617B1CBA527A00A01CBA727A8112CA
:10FD500004DAFC7200A01CB86B7800C0684000B8E0
:10FD60002F7800A00698BC110698AA1701D83A71FE
:10FD700000C22C4001B824100360911120310151C0
:10FD8000383111501D6008121DB9537900C24480EA
:10FD900001B8241200C0A81E00A0041018200020E2
:10FDA000041020500471737910631EB9637900B98F
:10FDB00002EC00CD114502EC00CC01DB087100BB68
:10FDC00002982E1903B841110731FA211C76062139
:10FDD000911210DA087102DD10721E7020B80698B8
:10FDE000120E3038147208B80698860400C02C40F1
:10FDF00000B82978207800F8056020D806710298AC
:10FE0000681602EC00CA05B823DA187104DBDA714F
:10FE100020DAD67110DAD2721EB8617800B801DA31
:10FE2000067202EC00C8911110D9267100C1A01E03
:10FE300000A014111150FF300C720761A110115075
:10FE400002300A7180DB0A720AB89E701DB97C7993
:10FE50001860911111402111C031114001191EB8D3
:10FE6000411108D90471667820D904726578A1100F
:10FE700002D80672C0DA1E711EB8273123DD08725F
:10FE800010DB1072607825DD0A7121DD087208DB55
:10FE90000471627803B8411107310872A115203549
:10FEA000AA7102DD2072A11120D9A07102D91672A7
:10FEB000CCDA9872411140D9927206B8054D5A7247
:10FEC00002980A1521114049C0D94C71A031411541
:10FED0004035026551410461086308DA1E7204DA94
:10FEE00036721049A1150235067110DB0E7201340D
:10FEF0000A7108DB22711EB86778CC3211101A30F3
:10FF00000ADC0872CCDE0471FD3100C00D0F0C0D4F
:10FF1000216001D85C7207B80298341500BA41110B
:10FF200008D90C7102EC00CA05B830DAEC7207345B
:10FF3000F031036101DA0471014900C0F300A3E369
:10FF4000216001D8D27100C098144068216040300F
:10FF5000014440DA0471204C04320262204A11103C
:10FF600006301F60014218311D611142029852157E
:10FF7000204A00C005170850216011300142208836
:10FF8000FFBB0DDA507100C1DE1B250180BC04DA15
:10FF9000107208DA0A7200C120841000E024A02444
:10FFA00008634143026401DA06711E49024B00C036
:10FFB000081F00A008633810BC2002DA127101B9D2
:10FFC0001159A11380DB087100C100FCFF0118105A
:10FFD0000298BA1800C48C1E00A0441080D87C710E
:10FFE0000092D0DA06710DDA0C711EBD437DEFBDB3
:10FFF0000698100304620DDA8672A11105D95C71AE
:020000024000BC
:1000000000C24040005424121024281401D9067262
:1000100002D9327140D91E7102EC00CA2110183287
:100020000471FA2220D804720822FE22087502EC1C
:1000300000C8F87001D90E7102EC00C802D906722E
:1000400004DC187200C08C1E00A004101D6001D8D2
:1000500006711EB8647807B8737802982E1900C02C
:100060008C1E00A0041080300A7100C0AC1E00A0DD
:10007000041000A00698AA1701D82E71911010D86C
:1000800028728110A0D8227203B084781C7200C13B
:100090002C4001B814100DBA487A697A6B7A0811AD
:1000A0001CB87B7807B8757800A0641000C6881F5C
:1000B00000A0C3B80698780200C42C1F00A014BA90
:1000C000281400B8011AB1108F780A7200C084C4D5
:1000D0000350017891101030011905BA0698661482
:1000E00002D9067101B804A800C08C1E00A0041338
:1000F00080DB06710298B0141DBA7C7A01DB6A714C
:1001000000C20C1F00A024111114FF3402EC00C81F
:10011000FF24FA7608610698220E046111380F3028
:1001200004611114011141100698220E01D80872C1
:1001300003B8029834151C4A01DB227124101128DF
:100140001128041202300471106200C0FFFF000089
:10015000213800C2204000B8FF200812411008607A
:100160000698220E01D87C7120BC1033767100BB3A
:1001700000C1081F00A01415C021112C51121862D3
:100180000F320E714088511406985619414300945D
:10019000511208651C620F320E71411151140698FC
:1001A00056191C6441430865513B00C1C41E00A0A0
:1001B0001411111231100F30127100BA056101D8FB
:1001C0000471114201600FD8F472311003601E30C7
:1001D000047201B8003A087204B802983415029803
:1001E000201700C0384101B804118F7914717F20A5
:1001F000692004110861303110DD06711DBA637A7F
:100200000698BC1106980E0300F830885088FF3419
:10021000087102ECFF24F87002EC00CD1410595064
:1002200001440421FF22F2720F4C0095009300A0BC
:1002300000C1901E00A0141100A030880698AA1BCF
:100240008111086102D9067202986E1A1CBB557B97
:10025000086120D9067102985E1A0088A110186002
:1002600006987C1908211415FC251EBB5C7B5D7B60
:1002700000C1084001B814110731FE21307608D8BA
:100280002A725113FC23341304DB20711863FF33EB
:10029000315B00C110C000B81411086180490C71B5
:1002A000FF31302960751EBB7B7B1C707B7B7C7BA8
:1002B00000DD04717D7B01BB381581131863403369
:1002C000067107BB717BEC25541300DF54710425C4
:1002D00005DF547154152111208806984E0E0092A6
:1002E00051293E7500C1084001B8141102DB0C71A0
:1002F0000731315B31292A760C7004DF0872016105
:1003000080D91E7206987C1900C010C000B80698EB
:10031000EE1B06987C191411FFD960720298B41A6A
:100320000090009300A05415A111186110D9A67275
:10033000082508D8A071082510D89A7120882111A5
:1003400006984E0EFC255412112AF82554110C253E
:1003500020D80871F0255411102520290476215940
:10036000181500920298201A07B97179811010D8D7
:100370000A711CB8447802B841781CB9747904B980
:10038000677900F88110A0D808711CB9497900A0DC
:10039000086002D8FA7106987C191088069896149D
:1003A000106210DA087108211415F025541100C2EA
:1003B0000020FEFF202912750698FA1B01D90A7247
:1003C0000698C2080698360700941CBB41100C2002
:1003D0000698BC134111082114100698BC1331284B
:1003E000441111120861FF31FF32012210521072C4
:1003F0001861181404244413042438140C70186170
:1004000021411814082408140298901440441471CF
:1004100000C1941E00A0141551131C630FDB0C7255
:10042000196506980A05411500A000C3784000B878
:100430003413807B0672069836070698961408BB1C
:1004400051140698181B4415FC25541500C3784018
:1004500000B83413807B047100A0029858051CB9C1
:1004600000C38C1E00A03413086308DB1A718113CB
:10047000A0DB0671497910706979086302DB0872A4
:1004800004B9677900F800A08111086102D91071E0
:100490001CB9757906987C191411FF3100A0FFB9B9
:1004A00000A0041008211411F421081100A08111EA
:1004B000106110310E7106987C1908211411F82171
:1004C000141100A0680B04000000000024050400C3
:1004D000010000000000000000F04902680B040069
:1004E00000000000480504000100000000000000BA
:1004F00000F04902680B0400000000006C050400D5
:10050000060000000000000000F04902680B040033
:10051000000000004406040001000000000000008C
:1005200000F0490268060400809C2B8F80841E0026
:10053000000000002700FF7F2432002000000000A0
:100540000000000000000000A8070400809C2B8F22
:1005500080841E00000000002700FF7F243200205E
:10056000000000000000000000000000E808040097
:10057000809C2B8F80841E00000000002200FF7FE3
:1005800024320020000000000000000000000000F5
:10059000E8080400809C2B8F80841E00000023004C
:1005A0002300B600243200200000000000000000FC
:1005B00000000000E8080400809C2B8F80841E004F
:1005C0000000240024009D002432002000000000D0
:1005D0000000000000000000E8080400809C2B8F51
:1005E00080841E000000250025007D0024320020AC
:1005F000000000000000000000000000E808040007
:10060000809C2B8F80841E00000026002600530053
:100610002432002000000000000000000000000064
:10062000E8080400809C2B8F80841E0000002700B7
:100630002700FF7F2432002000000000000000009F
:1006400000000000280A0400809C2B8F80841E007C
:10065000000000002700FF7F24320020000000007F
:100660000000000000000000FC1F0103140D040046
:100670003C4001001000000048400100201700002D
:1006800050400100010400005C4002000D0F00001A
:1006900001010000B440010003C0010054C001008A
:1006A0000E2D09E620400401300000461FC801005D
:1006B00000200010008000005840040118000500D0
:1006C000400800000900000091000A0080400C0171
:1006D0008C002C0200000000120012005B808C1BBA
:1006E000000000000002050E1C2F43536269686180
:1006F0005543320416E4B8C68A674533224A920449
:10070000EC40070180B0B18C000000006404830756
:100710008813C83A9C200A0001612080B756351220
:1007200010410201A01B0429088840002841010152
:1007300000000000304109016406660C0C01000055
:100740004CD4E83B04196F300A10161C22282E34B2
:100750003A4010325476980A1D5F80A46841030124
:100760006404830788138200000000003042020105
:10077000000000000008000EA08002017038030095
:10078000D0000000A8800111F0010000A880013114
:10079000055AFD01AC800111F0010000AC8001316F
:1007A000053EFD00FFFFFFFFFC1F0103640D040079
:1007B0003C400100100000004840010020070000FC
:1007C00050400100000400005C4002000D0F0000DA
:1007D00001010000B440010003C0010054C0010049
:1007E0000E2D09E620400401300000461FC801001C
:1007F000002000100080000058400401180005008F
:10080000400800000900000091000A0080400C012F
:100810008C002C0200000000120012005B808C1B78
:10082000000000000002050E1C2F4353626968613E
:100830005543320416E4B8C68A674533224A920407
:10084000EC40070180B0B18C000000006404830715
:100850008813C83A9C200A0001612080B7563512DF
:1008600010410201A01B0429088840002841010111
:1008700000000000304109016406660C0C01000014
:100880004CD4E83B04196F30080E141A20262C3281
:10089000383E10325476980A1D5F0000684103010B
:1008A00064048307881382000000000030420201C4
:1008B000000000000008000EA08002017038030054
:1008C000D0000000A8800111F0010000A8800131D3
:1008D000055AFD01AC800111F0010000AC8001312E
:1008E000053EFD00FFFFFFFFFC1F0103B40D0400E8
:1008F0003C4001000000000048400100A00700004B
:1009000050400100000000005C40020000000000B8
:1009100000000000B4400100FF4C000054C0010082
:100920000A2D09E620400401000000061FC0000057
:100930000060000000D03200584004016402FF0053
:1009400080080000010000001100080080400C0138
:100950000804000000000000D9032200000000008D
:10096000000000000102071121374B5A67696254E9
:100970004029150500008020434433332392A424EA
:10098000EC40070190382CAC0000000064048307A1
:100990008813C83A9D200A00016120804737414AE8
:1009A000104102012A144A0289BBC00A28410101F0
:1009B000FFFF0000304109016406660C0C010000D5
:1009C000E853FA000000080012181E242A30363CB2
:1009D000424821436587A90B0000E0C46841030138
:1009E0006404830788138200C108000030420201BA
:1009F00045966B105C22670EA080020170780300A0
:100A0000D5C00000A8800111F0010000A8800131CC
:100A10000542CB01AC800111F0010000AC80013136
:100A200005228D00FFFFFFFFFC1F0103040E0400E1
:100A30003C4001000000000048400100A007000009
:100A400050400100000000005C4002000000000077
:100A500000000000B4400100FF4C000054C0010041
:100A60000E2D09E620400401000000861FC0010091
:100A700000600000008000005840040118000500DC
:100A800080080000090000009100040080400C0173
:100A90008C000C0000000000130022000000000089
:100AA000000000000002050D1C2F425362696860BF
:100AB00053402E1F91822084674533221249020041
:100AC000EC40070190382CAC000000005A10080AD6
:100AD000D007CA4A51104800F9541E804737414A8E
:100AE0001041020130194A0589BB4000284101012B
:100AF000FFFF000030410901F15004430C010000E8
:100B0000E853FA000000080010161C22282E343A80
:100B1000404621436587A90B0000C0B4684103012A
:100B20005A10080AD0074104C103000030420201F4
:100B30008993A30F5EC25D0EA0800201707803004E
:100B4000D0000000A8800111F0010000A880013150
:100B50000542CB01AC800111F0010000AC800131F5
:100B6000053EFD00FFFFFFFF0C4002000181010078
:100B700000410000204002000000000001000000D1
:100B800030400300000000000000000000000000F2
:100B9000404002000000000000000000A8400100EA
:100BA00007000000B8400300FF4C0000FF4D0000AC
:100BB000FF4D000008C00100000000001CC0011033
:100BC00000F807001CC00130F502080020C0050035
:100BD00000130000EC80B3034375A802000000007E
:100BE0002E02000050C001008741300C58C00200A6
:100BF00054060708D1B6020064C0080004300000A3
:100C000040201006C8F248181FE8F600BD4B7215C8
:100C100011A3180510325476980A000088C001000C
:100C20000000000008000101080700001800010191
:100C3000AAAAAA00200001010060DA001C400101FC
:100C4000100000003040030100000003000000001D
:100C50000000000068400201294176710000000098
:100C6000E040020133000000000000000C410101DF
:100C7000B855120024410101000000005441050153
:100C80000100000000000000000000000000000063
:100C900000000000384202010000000000000000D7
:100CA0004442010100000000108001010300000027
:100CB0003880020111491000010000008880010104
:100CC000000000009C800101EB400200B0800201A6
:100CD000000300023700000188000202000C00043B
:100CE0004C0000009400010200040000D000020249
:100CF0000E00000090029608E40001023D09420443
:100D0000F40001020000000018010102600051021D
:100D1000FFFFFFFF0F000000000080000000000048
:100D2000840E0400540E040000000000802596008C
:100D30000048E80140420F00010200001149500242
:100D400000000000000000000000000000000000A3
:100D5000000000003D420F00000000000000000005
:100D6000000000000F0000000000800000000000F4
:100D7000840E0400600E0400000000008025960030
:100D80000048E80140420F000108000011495002EC
:100D90000000000000000000000000000000000053
:100DA000000000003D420F000000000000000000B5
:100DB000000000000F0000000000800000000000A4
:100DC000840E04006C0E0400000000000047860042
:100DD0000048E80180841E00010100001149500212
:100DE0000000000000000000000000000000000003
:100DF0000000000054841E000000000000000000FD
:100E0000000000000F000000000040000000000093
:100E1000840E0400780E040000000000082F8600F5
:100E20000048E80140420F00010100001149500252
:100E300000000000000000000000000000000000B2
:100E4000000000002A420F00000000000000000027
:100E500000000000E5BF00001C250000F4010000B8
:100E6000F5DA02001C250000F401000050C3000068
:100E70007C150000DC05000050C300001C250000AC
:100E8000F4010000193F01060410010000010106F1
:100E900000102700000C0000000000000000232DBF
:100EA000302B2000686C4C00656667454647003073
:100EB00031323334353637383941424344454600C0
:100EC00030313233343536373839616263646566C0
:100ED0000062675F6D657373616765207265636546
:100EE00069766572730062676275660061636C00A3
:100EF0006C6C5F636F6E6E656374696F6E006C6CB3
:100F00005F6164765F736574006761705F636F6EC5
:100F100074657874006C6C5F76616C696461746F81
:100F200072006D6573685F70726F765F64620062F5
:100F3000675F6D65737361676500736F66745F7477
:100F4000696D65725F6D65737361676500666F7566
:100F50006E646174696F6E5F636D64006C6C5F6179
:100F600064765F73796E63006C6C5F7363616E5F50
:100F700073796E63006761705F706572696F646931
:100F8000635F616476006761705F706572696F644A
:100F900069635F73796E63006C326361705F636F66
:100FA000635F6368616E6E656C006D6573685F702A
:100FB000726F765F64625F6170706B6579006D62FD
:100FC0006564746C735F636F6E74657874000000A1
:100FD000E60E0400EC0E0400F00E0400FE0E040009
:100FE000090F0400150F0400220F04002F0F040046
:100FF0003A0F04004D0F04005C0F0400680F04005A
:10100000750F0400860F0400980F0400AA0F040057
:10101000BE0F040062676275665F696E0062676298
:1010200075665F6F75740062676275665F6E6F6686
:101030006C6F770062675F6D616C6C6F63000000BE
:081040006014FD7F01000000B7
:0C10480054100400E0300020990000006B
:10105400000006505CE203000200FFFF02020000F1
:10106400AC0E0020F200000071350100E80300001E
:10107400C0EA2101C0EA21010080000000F0490219
:101084001431002000400F0000A000009C1000203C
:10109400C8000000FE00000000000000BCE00300E7
:1010A400C00A00205BC9030020000000000000000B
:1010B400000000000000000000000000000000002C
:1010C400CD26020000000000000000000000000027
:1010D400ED04020000000000000000000000000019
:1010E400950F020000000000000000000000000056
:1010F4003D1E02000000000000000000000000008F
:101104009F8603000000000021230200000000006D
:101114000000000000000000CD22020000000000DA
:1011240000000000000000001D2402000000000078
:1011340000000000092D02000000000000FFFFFF76
:10114400FF00000027A803002BA803002FA803001A
:1011540033A80300FFFFFFFF65BE0300DCE70300C5
:10116400FFFFFFFFE8E7030013C203000FC2030001
:10117400FFFFFFFF17C2030020C001B8FFFFFFFFFE
:1011840011DB0200FFFFFFFFFFFFFFFFFFFFFFFF79
:10119400FFFFFFFFFFFFFFFFFFFFFFFF0000000057
:1011A40003000000E42300203C3200200000000083
:1011B400E42300204C240020B4240020000000007C
:1011C400000000000000000000000000000000001B
:1011D400000000000000000000000000000000000B
:1011E40000000000000000000000000000000000FB
:1011F40000000000000000002000040000000000C7
:1012040000000200100000000000000000000000C8
:1012140000000000000000000A00010000000000BF
:101224000A000D000000456D707479204578616DE9
:10123400706C65000200080000003030303030303F
:10124400303002000300000030303000020005009E
:101254000000302E302E3000020008000000000094
:101264000000000000001200020000000000120054
:10127400020000000000FFFFFFFF0400E40C0A006E
:101284001700FFFF0C0000000000FFFF1F04010116
:10129400BF8FAF7F8700370F10100004040F0514B1
:1012A4000A030101FF0C01FF405AB4007D24010030
:0412B40055240100BC
:0400000310003B416D
:00000001FF
